row_id,predicted_probability
12,0.14403627121372825
16,0.19129979631738145
23,0.06448157790816292
25,0.07001664547970898
28,0.13427570842260958
31,0.22804565752490177
35,0.09924903058931323
36,0.05104587415930731
37,0.20221071637332838
40,0.1605524980703014
43,0.24371731657151274
48,0.07519982897670074
64,0.15319440615886426
69,0.05069372815902547
74,0.18276140796845575
84,0.15618728481680247
98,0.11329374265230635
101,0.09599322445338514
108,0.1297992724962911
111,0.11106699776597884
122,0.0175073060056895
123,0.27436884121801264
133,0.1026495731521805
139,0.11469367860804358
141,0.04546950252083886
142,0.08750926456830294
146,0.17780878030766242
149,0.033376467645866555
150,0.19845641297910332
156,0.29687936625623046
164,0.09835675388034194
169,0.10848517796720637
174,0.08268027866572075
177,0.05924720806686397
178,0.14184361082740632
179,0.07230610075242748
180,0.2137048640654389
181,0.015471609989845092
182,0.21158962373553605
188,0.062499573349926535
189,0.1333968275335537
194,0.1725833497937368
195,0.02013683978751468
198,0.15198991561818903
206,0.05308693179133025
209,0.09917522351958374
218,0.08019529148935864
224,0.059830990455184856
226,0.1949436795977744
235,0.10698714420629851
236,0.09770823880625339
241,0.02661334781169339
243,0.08161080815464734
252,0.15218709780337247
261,0.2510124983671313
264,0.08081720605986459
266,0.026081669957361185
277,0.15635125953679632
281,0.16033139674052174
285,0.0178110967801366
299,0.11769489831858734
315,0.029122423390277933
316,0.1628820448005591
319,0.0662047113597968
321,0.3156043284873504
331,0.24007393202427885
337,0.038905511199709635
338,0.0719545224977241
339,0.11785528735155051
357,0.07686045121880207
358,0.21527012774319876
361,0.15910830813018667
364,0.1462959323183241
369,0.12420349464168852
373,0.2716333262142764
376,0.11380948642210378
378,0.0983628063539699
383,0.071009878615037
384,0.25653641004006655
385,0.0428584470518398
386,0.09718673334934845
393,0.20686628358609566
395,0.25896143190089504
402,0.10523783587733794
405,0.04312684627257528
416,0.11972238755709874
432,0.09559566763622736
434,0.14300312759933564
438,0.359907311385769
444,0.08996425272833791
448,0.011581122880046427
452,0.07670135797816437
462,0.047807377197315315
463,0.2511446071712888
464,0.14583509625581306
470,0.08825599429617072
471,0.03979268294442691
473,0.0578202914864117
483,0.2587296878668824
499,0.03763163135197176
500,0.09053166080266199
505,0.07597052443535711
514,0.10182747117243177
516,0.07870716906314403
517,0.03645688663842643
519,0.18854809490539734
526,0.07007800473869216
529,0.1772157610680814
536,0.11181319483099587
537,0.2196434960269381
539,0.17873274906066905
546,0.0733726127511571
551,0.3101966666815895
552,0.09075210286453035
555,0.04986102653828256
564,0.3613493039369659
568,0.10196011397360895
574,0.1270367045182031
575,0.08545712313442823
580,0.12276554683363104
595,0.11861734012916159
603,0.3653546227493954
609,0.13619001825044555
611,0.2268055646119704
615,0.1555660564362361
617,0.10345957032255439
621,0.06383617050382735
623,0.09663494383011638
624,0.25550989869171564
637,0.12944877300832203
657,0.054333431806073355
660,0.036432419879360606
677,0.019821804069403686
687,0.17612728645237025
691,0.20029550493331166
704,0.2304935573255186
711,0.0928978348349166
721,0.026639569401397518
723,0.06883079256352609
733,0.12850462702628404
742,0.050648112110913794
743,0.1360549405740754
746,0.22479355181738855
750,0.15235539479901553
752,0.3298164824868088
757,0.06694689238805361
765,0.05222070556722134
770,0.20523047093130983
772,0.1284252597143343
777,0.03878556324171829
779,0.20084521446681286
780,0.15597539358715742
788,0.016718335770339616
792,0.06302525236437893
800,0.03447773037889166
801,0.13024345542953394
805,0.135083760144969
811,0.049129760955440756
813,0.13815832145755746
814,0.10574169560191697
831,0.11586056903491745
833,0.2345720526693127
840,0.20885753912811508
843,0.2199919029057215
844,0.1909601777924261
858,0.04559769324043067
860,0.11276234414577806
869,0.2183530556813678
870,0.16752153211229498
876,0.1691594006912764
880,0.15189704693538872
884,0.05123429996001592
893,0.33146207538139844
899,0.03863804252764052
905,0.12239901035837086
917,0.10311900718761458
923,0.036231558119914964
924,0.15193446859081441
929,0.1472866970557332
935,0.1790753637151356
947,0.10502914651770952
948,0.17218043817159062
952,0.20381323051972472
958,0.04247769776155388
967,0.19148830996429148
973,0.1330155947861096
978,0.10787294021756086
979,0.19166833709283934
996,0.057026569255796
1001,0.07576400482537865
1002,0.0628760021437536
1011,0.17877783388843974
1016,0.22029894672186745
1017,0.08645195375510499
1023,0.14180106232952946
1026,0.2016669573031618
1028,0.2674396151765316
1032,0.04495110807818318
1036,0.13796688667079307
1039,0.1971291232318196
1043,0.3584799535279082
1045,0.12824466614144758
1046,0.08056929779073321
1050,0.026515051203817773
1063,0.15917848674839513
1065,0.04766617621994318
1081,0.24677293994576782
1084,0.022582410993558993
1086,0.15845343643452717
1094,0.2472876525353954
1095,0.06929433524077057
1101,0.08320442844147183
1105,0.10867543004078356
1119,0.08048034054060126
1122,0.3186342155515946
1131,0.25743144325256256
1132,0.1581641443183417
1133,0.1360695667006416
1142,0.09479981545476511
1148,0.1360623482246637
1155,0.05936232617358928
1157,0.051143882502009304
1165,0.2431788461072862
1178,0.07478212672765999
1184,0.04115646739518081
1186,0.029416705973074483
1189,0.3110171010240688
1197,0.12521446799515876
1201,0.38830637931895695
1202,0.0788621122178554
1211,0.039457041449696514
1213,0.19926852748683896
1214,0.12462275112112918
1218,0.2028856470898775
1224,0.09234104669266979
1234,0.10927537963815143
1239,0.14123001302331284
1240,0.20406126578952816
1244,0.08465638290824
1250,0.08421564258487069
1256,0.14870734208077507
1258,0.15995675335274318
1261,0.21986248096892672
1270,0.08476042030981246
1277,0.05576525247544791
1278,0.2637444637536685
1283,0.01723717533173438
1285,0.09473248692118295
1287,0.12454145540643495
1289,0.10673196788344243
1296,0.03291808483212133
1300,0.2435820870668018
1302,0.12685900578172007
1304,0.040402889689168456
1305,0.10207986260568423
1308,0.02704522309944314
1311,0.29236444420662283
1312,0.35701518987640557
1315,0.138552749499297
1316,0.258626891380351
1319,0.11417175495107876
1320,0.19860599666679216
1336,0.1157707905703147
1338,0.2504845185255439
1342,0.142328291546186
1352,0.10593948878458954
1364,0.1764982260074024
1375,0.04879260479292189
1379,0.21070115915867302
1382,0.09811069575200373
1393,0.0554989799173592
1400,0.10198699666048189
1401,0.04606022485542978
1404,0.11378937247505742
1408,0.22930687388359072
1410,0.2572897250496502
1421,0.05181257593237909
1432,0.02797732333016793
1436,0.0382376660512319
1437,0.35940085871476685
1438,0.07710229132197861
1440,0.15437560177021903
1446,0.08671288009701603
1449,0.028059600108134186
1450,0.18923128226081404
1463,0.20421775530678307
1466,0.1532790639649792
1480,0.07774618155208873
1482,0.08141918219019703
1485,0.11135241577484174
1494,0.031089585127644415
1499,0.11117915192433651
1503,0.07062868549569366
1506,0.17901471309221864
1507,0.13299316942840195
1514,0.050983635415243006
1530,0.04838731803779559
1531,0.31084546622989323
1540,0.250002187730763
1543,0.07926676127146719
1544,0.08620124985082529
1550,0.21667467195911347
1552,0.04750922300470583
1556,0.16903935174371246
1573,0.23781370202730556
1574,0.18386720231356102
1576,0.09504590199104465
1577,0.10169700660842033
1578,0.2469734670793363
1584,0.09922747317352193
1585,0.16658997637889747
1588,0.059137601497152366
1590,0.039603834759617165
1592,0.23912958729779557
1602,0.15301139426889537
1606,0.07256667974323139
1609,0.01906409499857359
1618,0.062360642714200054
1619,0.1457892821100673
1625,0.15785702387860637
1636,0.08078503085206423
1664,0.11383290233444555
1670,0.1826802029501445
1674,0.3018225745108928
1691,0.0674873421291388
1695,0.07450774206950293
1699,0.042987865710800564
1700,0.16521858772175024
1701,0.03916385842678384
1702,0.09305628929083323
1705,0.03681605043899807
1711,0.1837789062175479
1713,0.253310469867905
1726,0.13262126093113144
1730,0.1611439216528796
1732,0.5930336635702428
1735,0.18244434930188458
1741,0.2409040817683786
1745,0.17165358883343051
1749,0.052752166382380304
1757,0.2643299615130015
1764,0.060869573918148644
1769,0.1644961130109255
1773,0.15926219519991536
1785,0.17101676982960462
1786,0.10359419606857544
1787,0.13093682336365278
1791,0.09370617226654296
1794,0.19477281342884897
1801,0.052844481231075116
1804,0.024378197503942614
1805,0.08290597736174642
1811,0.26489570364005277
1812,0.067574739782058
1816,0.06363542248991824
1817,0.11674526996992557
1823,0.06990055778719106
1827,0.09967791520188066
1828,0.1663127853629963
1829,0.06398719478043462
1838,0.07142616123902669
1844,0.06933569048359348
1845,0.22418756000386444
1858,0.1076122412907599
1863,0.05645643379518096
1864,0.024296857605435138
1873,0.1605246427568651
1877,0.020597893226783057
1879,0.1638223041052488
1883,0.11985349368666236
1889,0.13530035242481822
1891,0.1040161689186329
1894,0.29743123932322274
1908,0.03510374975262076
1913,0.07067907278420534
1915,0.24170995351397448
1916,0.29822781859444963
1926,0.11073102562810712
1934,0.08665625557907433
1945,0.19060514224495279
1950,0.1203029310311273
1952,0.056864976543212806
1972,0.08074880679152248
1976,0.03477321384164866
1978,0.028498926817388876
1988,0.078697227299383
1998,0.26868857861112144
1999,0.1565274624540102
2000,0.08634017358718626
2002,0.058003190044016974
2009,0.08178896333910028
2011,0.17339861219229763
2012,0.05114582433898264
2014,0.09426985172559196
2021,0.172341083822243
2024,0.0678608248469839
2032,0.09156304265263283
2039,0.13456005787857792
2047,0.03323072758923196
2052,0.060339303334550405
2056,0.048320704513495925
2072,0.12973791965119066
2077,0.037596345924935375
2087,0.3384541874871682
2088,0.07834002376234692
2095,0.11760733517585527
2096,0.11736752855411445
2100,0.3301479302511626
2103,0.1896655569860798
2106,0.16749365578934516
2112,0.21499632059529514
2113,0.1326105193194564
2119,0.14436836857215532
2120,0.014269068848614968
2121,0.20981132208037487
2123,0.17012491507117583
2125,0.1380565156512856
2156,0.2273163019810396
2158,0.417107559215781
2169,0.18157476869666167
2170,0.12713872951755464
2173,0.1502470994987139
2175,0.2231064408084787
2176,0.055259564913777634
2183,0.2126083222428189
2185,0.07943932158984914
2187,0.14204085210302805
2189,0.06897664882299
2207,0.07503686870224685
2211,0.04383767105322427
2212,0.02328517474028991
2228,0.06338049431029903
2230,0.228295919443861
2232,0.06389274790350775
2237,0.13608957175447858
2242,0.06613670184045727
2246,0.06586418330167494
2251,0.042308564845749026
2260,0.10326817175986042
2264,0.06216880215321387
2267,0.1277802098057569
2269,0.05239274614604815
2270,0.11779429432165921
2278,0.11299858926218645
2287,0.09673127819718542
2289,0.030144129900190452
2291,0.045642741116072465
2293,0.30703015078434076
2300,0.01518481001297423
2301,0.21412439678704265
2302,0.10564664420453668
2304,0.02568658524316886
2316,0.18265384177160507
2319,0.04062732040633916
2320,0.06745737575861667
2339,0.05721562883653115
2356,0.18515069165016207
2370,0.13008945301149746
2371,0.08395390064243843
2372,0.24135043908745313
2374,0.09234679180727914
2381,0.0797694384631035
2383,0.08904048163072803
2384,0.02310549700383631
2393,0.09984246398609285
2396,0.17531683883338103
2397,0.039655862163835334
2400,0.043334627026275885
2406,0.07805260964874927
2412,0.2729191410791399
2416,0.08521070051311021
2417,0.03281458336022941
2421,0.16857476019341974
2424,0.21190269960814132
2427,0.0905046741920504
2429,0.2156146756401078
2435,0.044321839851931874
2441,0.2765527149406314
2443,0.05781197462257292
2453,0.10504971439062205
2460,0.12293179599311913
2461,0.05236713412492643
2463,0.16281809875511327
2466,0.08532638681667533
2468,0.2842821340628952
2474,0.06127972577176781
2475,0.11823979891208916
2482,0.11165895228086245
2486,0.07953785545693812
2491,0.029126964046025345
2492,0.165134649312364
2496,0.28209409477949204
2498,0.1324877725064938
2500,0.17299636866948376
2502,0.014904392231725204
2503,0.17169819906683148
2506,0.07820711828660716
2508,0.38188914282976816
2510,0.03007910148362829
2515,0.22930205942846152
2517,0.23560657685814346
2525,0.2549319684428818
2546,0.23750950067039367
2568,0.2595069114669847
2569,0.14099925868825341
2573,0.0932911087016747
2582,0.11705375035480697
2586,0.09311887694274057
2593,0.04188805388317419
2594,0.06539904228298363
2596,0.16243725630210137
2608,0.4514150531477816
2613,0.06287190036632927
2614,0.07263803795923834
2616,0.11108719329149291
2617,0.02669807619980568
2619,0.0635330536880363
2624,0.21246048870148607
2630,0.14077940122528346
2638,0.0489839929130809
2641,0.11848563559297391
2645,0.13466108973734633
2652,0.1281180096574384
2661,0.09025355195074762
2662,0.32827753258560377
2668,0.06918437382841976
2669,0.05140032398612331
2671,0.05048124406909935
2673,0.06257082635294091
2677,0.12267346462773839
2681,0.08162775267926373
2684,0.04370058081457053
2686,0.102691344231077
2696,0.14495040262058365
2707,0.1651887444956996
2708,0.08779734943986077
2709,0.050805302287688
2733,0.19096012500311493
2735,0.22169803702848373
2741,0.017996436137630068
2749,0.05363359296148779
2765,0.33340521366614617
2768,0.17152805663246454
2770,0.33671024835219243
2771,0.025260816393200745
2776,0.27693829915542706
2779,0.2579201383502029
2782,0.03830348884214306
2785,0.08058334865035385
2796,0.01731585898722477
2798,0.1968654322815478
2804,0.12575261132620805
2811,0.23645684676319806
2812,0.36001921250037255
2823,0.057277313992587675
2830,0.09333989443979686
2834,0.08842388203596736
2838,0.20570016375602615
2842,0.2509517931949544
2848,0.28020426578102464
2857,0.0985662633296567
2862,0.11194279635409629
2867,0.29676916468165954
2872,0.0947984628011009
2875,0.04390814555886845
2890,0.014886322624150647
2899,0.0442422139862931
2901,0.1325142380816341
2910,0.2564773138029162
2913,0.13754766964011436
2914,0.08440969371858165
2923,0.05242660208240045
2930,0.063142749752617
2942,0.04969400744959727
2944,0.10058515773299774
2945,0.0413555669270807
2946,0.02844217565607437
2947,0.0256360137488305
2948,0.11812245353722818
2968,0.03953717428753646
2975,0.19409333824727518
2979,0.041161454773665306
2988,0.1528740911617274
2993,0.25102479514678777
2995,0.05253282120000235
2998,0.20082585899895042
3006,0.043434729901820054
3008,0.06027037905224947
3009,0.06512777850570034
3011,0.04770703243457228
3018,0.1669698644205908
3021,0.20282724630791113
3070,0.10529064223999819
3072,0.04009791098519978
3075,0.0700016703852925
3077,0.15006923426293328
3083,0.09931741044166377
3085,0.19796156201510332
3086,0.06231421911006539
3087,0.031286245800654235
3106,0.14778429011166372
3107,0.06884424615540714
3109,0.030498706171248967
3123,0.15664671200367006
3129,0.16355968940957458
3130,0.076781873969806
3135,0.1563520299960659
3136,0.22973176711620413
3142,0.2473683378441183
3146,0.10433277436496573
3148,0.04030852998087375
3152,0.18339375489805343
3153,0.054137112902593786
3159,0.14144977324600058
3160,0.2024735286364033
3163,0.015840842346327433
3166,0.09011281797723954
3167,0.19000697121752158
3169,0.13920616622302806
3171,0.03977952499015647
3176,0.1493590910754788
3177,0.16908242153696812
3186,0.23210591552318277
3193,0.06544409167194781
3196,0.013159456344306354
3212,0.16085879344368223
3221,0.33421394214362155
3226,0.2243725352778876
3229,0.062915446854832
3232,0.24329274348738933
3241,0.3278756981162318
3243,0.047766884717088606
3250,0.022381836424076453
3254,0.30735697496060865
3266,0.11375147622721887
3270,0.2178887511214809
3278,0.10801038549890175
3283,0.15116021129896934
3287,0.4455618484489089
3290,0.2671475184399838
3303,0.12937659158336895
3305,0.04344246908708011
3316,0.15803818534163042
3322,0.27325394815656734
3334,0.14209604199034812
3337,0.022727681187954065
3341,0.11965781626958913
3344,0.1087523261167738
3346,0.09260348410155889
3355,0.21695670489147567
3369,0.15922582325337023
3379,0.013101933916454641
3393,0.21553483114209052
3421,0.27732275228865944
3423,0.1188401665939964
3424,0.17293338392159743
3427,0.2818786797102951
3430,0.08842138614817213
3431,0.4353770194411792
3432,0.08317905339352492
3434,0.20008362656237136
3436,0.3048491521271375
3442,0.15678997830603797
3450,0.4116512198617276
3456,0.03819857015072877
3459,0.23771849141088006
3462,0.2734288143404957
3468,0.19789588418315532
3474,0.3600832425617564
3477,0.22257452725353605
3492,0.05356177910090762
3493,0.05595727880523466
3494,0.07115937827613723
3502,0.08924147998665216
3506,0.11893510182211028
3507,0.15055958056437982
3514,0.13677442624578323
3517,0.18939587783857947
3519,0.15350077310884705
3522,0.3556181259158784
3526,0.055881403123033815
3532,0.2689114236622587
3537,0.23294290883200075
3541,0.06739941151226
3547,0.04148174661243291
3548,0.05539477911633702
3549,0.041578664573264416
3550,0.28938656174647426
3551,0.0953173165228431
3555,0.03815894472896671
3558,0.08826205035092732
3564,0.13163488481389748
3571,0.10961253194092237
3582,0.12373962588145382
3584,0.14101475381635054
3587,0.05738041766675799
3590,0.1006794404547055
3593,0.09843684374370848
3594,0.09922389281295778
3596,0.1696227478409938
3598,0.06652410208068953
3603,0.2111135389677782
3607,0.032248016014310446
3608,0.2005822871802593
3610,0.1364023973812964
3612,0.05470321846614697
3615,0.19542095724156314
3619,0.2510641721871062
3620,0.1123118607600191
3627,0.21429329204483058
3628,0.16353889919683465
3629,0.08245912953015126
3631,0.3775816668771506
3638,0.1266345246806848
3639,0.09317725612147339
3640,0.06378384634309966
3643,0.06353024092258713
3645,0.03459739009267457
3650,0.027693631586150562
3651,0.07097102883785056
3657,0.17874158440939183
3659,0.08805500058909282
3673,0.03881035834736558
3674,0.18736217781922387
3676,0.19156503274278516
3681,0.1407324955762458
3683,0.051845452042219846
3692,0.033495465414466935
3710,0.05584963778429185
3715,0.12932212048299835
3726,0.14516973892036653
3730,0.3389910052866064
3738,0.040020688705977525
3743,0.2856910581518076
3746,0.19457438901536306
3749,0.18395063427553845
3752,0.23192244447051402
3755,0.0789397413169711
3756,0.16498335796453903
3759,0.17853972800846485
3780,0.046355189452667436
3783,0.16348486279214108
3793,0.0800470937055805
3798,0.10629470534869777
3800,0.15676877818783577
3801,0.04288933624822498
3802,0.0861605301604447
3803,0.029071379908162342
3810,0.024679083275116892
3823,0.49316596385715755
3830,0.06474983701130727
3832,0.22090008038531847
3834,0.16845911778994888
3835,0.2834774226156929
3842,0.05938237641901177
3850,0.2956416884531691
3853,0.03479364246472464
3854,0.0576998197643449
3856,0.08787541330441521
3862,0.03304597344529931
3874,0.09253297514051521
3876,0.03597632160390411
3878,0.17704686306200432
3886,0.09403673321180472
3890,0.0637194378293538
3891,0.12211435869576982
3897,0.05931519751319487
3900,0.08077269637068457
3906,0.03384979254149459
3910,0.1700855512949557
3912,0.2181725228884076
3916,0.06254932601294026
3917,0.11884319480452739
3925,0.19553426853757147
3930,0.10273351725008434
3933,0.07656358301726646
3938,0.18704678289690146
3945,0.08678937994985009
3946,0.26090420494008315
3950,0.13662541977171347
3953,0.19910897731046182
3966,0.44095585183219027
3969,0.05099314209233959
3972,0.049915556450018855
3976,0.3127295417623126
3977,0.03703406597663137
3982,0.1892054438973123
3988,0.0739728100647002
3989,0.1517200397637047
3992,0.021502943085697272
3994,0.22667756460931454
4008,0.1579195594717247
4016,0.15732206607319588
4019,0.05488451427051356
4022,0.08516587436334819
4028,0.05199348049969138
4029,0.11085607125358703
4030,0.045982479338512204
4037,0.02365753469694991
4042,0.12154679604109603
4047,0.22890888840437165
4049,0.18736524500362842
4061,0.15585837787944798
4062,0.02463926775316603
4064,0.07708266687468265
4074,0.1268987486262952
4076,0.2861501282889053
4083,0.4349280385319344
4094,0.18598197231136432
4103,0.44681120353588233
4105,0.09498896360439309
4106,0.10763448668482216
4109,0.05733729118951833
4118,0.16027691800528793
4124,0.1721612224764513
4126,0.09568596714582032
4127,0.07018297109309463
4131,0.1462231421659048
4135,0.20823441019803554
4139,0.055094651659007635
4143,0.0676867787952663
4147,0.1571669736664668
4153,0.1851027206097954
4156,0.0807397145058932
4164,0.0927243431762843
4169,0.03125724172284508
4171,0.022548674004841274
4177,0.1486352785451159
4196,0.18583639673409763
4200,0.03746696971029277
4206,0.30218937768435933
4212,0.3577244244865791
4214,0.05440033563677355
4216,0.10274708477044589
4233,0.11652242763801698
4237,0.06394229940137773
4240,0.09419930062769688
4246,0.2939598783380595
4249,0.06246818198717775
4251,0.09018465994405704
4253,0.38622903817316745
4256,0.035686199249498805
4257,0.3719518283950744
4264,0.0911310035110896
4271,0.0938020342712243
4274,0.1276750898514064
4277,0.12395113183390719
4283,0.14094005434011528
4292,0.07125785310704909
4299,0.24241966778513904
4302,0.08731774029294569
4311,0.06276634317427403
4320,0.29334597904079807
4327,0.07266652842279067
4330,0.08898316144425802
4335,0.2430450816539977
4336,0.34111968000257314
4338,0.03315833903579473
4342,0.052699720219430084
4344,0.14310030735683194
4345,0.12011420708601125
4349,0.1538301423010458
4356,0.0743059452701198
4396,0.3531911926103644
4403,0.3216035717179669
4412,0.18504311943997737
4417,0.023634052417630284
4420,0.14371326260466558
4427,0.14252336998712187
4432,0.2626527058306734
4433,0.1858031678327364
4443,0.22022482985361794
4444,0.1267641521213599
4446,0.1730354425181623
4457,0.048063155477739865
4470,0.19408385533669298
4475,0.05934565355610185
4476,0.34361084999610614
4483,0.4182212377844275
4486,0.018455275571176637
4488,0.035957856980518996
4490,0.1502900207813726
4495,0.26605552941373056
4501,0.2117612629115986
4504,0.2471582814407006
4510,0.09706872246742326
4513,0.03901743439454343
4516,0.03177230661634386
4532,0.08148303362141382
4533,0.0990984554275616
4545,0.1474680344543238
4546,0.14706175137153268
4547,0.07023793706407867
4548,0.06504831399077689
4550,0.2490726421671942
4562,0.40300544754857487
4566,0.2187356821591514
4567,0.35840614969979095
4573,0.2589144040436546
4574,0.06641030686848214
4576,0.05171450970342237
4581,0.09669291640141155
4587,0.060086181539362425
4594,0.03702577477202078
4600,0.0954408594909867
4607,0.08292254797496723
4610,0.05693627538415533
4612,0.08566300214544577
4619,0.16640590738640895
4622,0.1108041120149524
4623,0.0970990608193624
4632,0.31554198089351376
4638,0.057888934570470764
4640,0.18576925178925058
4642,0.040748859912489506
4645,0.07580913312443831
4648,0.029590075987869544
4654,0.16770082854032273
4656,0.11387203870067589
4657,0.18931020957945494
4663,0.07486392095481186
4665,0.09614453408480872
4671,0.11997547528616631
4676,0.0464940273581852
4679,0.14088265810237058
4683,0.4276716081465151
4694,0.09275108522665139
4696,0.12340294670558094
4699,0.07830777711339007
4705,0.11070022686297555
4714,0.15984694413610642
4716,0.23043357270161466
4723,0.113448560420627
4736,0.06265121005180814
4738,0.07856810578244326
4741,0.10438728648068911
4744,0.031391998885220505
4749,0.1650222541216213
4751,0.13355518479721537
4754,0.1343416306758951
4757,0.024591614457092136
4760,0.21114424014687322
4762,0.38486027660659156
4764,0.053927464396333336
4765,0.19205677342672897
4773,0.31085616547257094
4785,0.01889651160779467
4786,0.0894245316239292
4790,0.23690001123366863
4792,0.1618677225706653
4801,0.10811277547102408
4807,0.11674336954388807
4818,0.11075996022791992
4822,0.2328949308716744
4826,0.11459349514637399
4843,0.039422049544617574
4846,0.023537348683396752
4850,0.07048897853806792
4851,0.026204377914801787
4854,0.12205664890797685
4864,0.3146112320824957
4865,0.17811424271787724
4867,0.16979690227901048
4869,0.19452970092366165
4873,0.05047764117760542
4880,0.17907946757835966
4882,0.3349011202490421
4886,0.13319097012926084
4890,0.23523880009773443
4900,0.35779287565628953
4910,0.12708953042801835
4911,0.07109865770595614
4912,0.0771708883278972
4923,0.14228519369236753
4924,0.047375715024364995
4928,0.02074963439302377
4932,0.11346526918588569
4942,0.23687211483948517
4945,0.35406693522107013
4951,0.06616803622326858
4960,0.12476609690226337
4966,0.030440508388945558
4967,0.08769737620994512
4975,0.29194465543328607
4980,0.08961646391651357
4981,0.09478072190658132
4982,0.028238155312858032
4985,0.11355840044829862
4987,0.274046848022271
4993,0.08075547843525244
4996,0.27594785023040047
4997,0.10334285984308306
4999,0.24550191232110538
5000,0.03579572572844099
5003,0.15753034952453354
5005,0.036024145425234425
5007,0.06297186586076067
5021,0.026517967900852278
5024,0.37807652971967715
5028,0.025417208330115494
5030,0.044250139295933535
5032,0.07600055550942451
5033,0.02735467726607432
5038,0.4100456721911921
5040,0.22700874162686843
5043,0.18411351762751363
5052,0.08209275996359464
5053,0.11250347255981459
5069,0.05484277071848576
5084,0.08956342058153315
5094,0.057083644084919026
5096,0.05526474687047788
5099,0.06468247605369358
5104,0.3028182085391178
5106,0.09964541550524816
5109,0.1012697601153333
5114,0.10407105691679264
5115,0.10813742987239676
5116,0.07893396149709551
5117,0.13524215689252306
5118,0.0937452895782633
5129,0.05482120652147184
5132,0.0443413171366928
5152,0.03265138384477605
5165,0.10588302055314468
5166,0.01324542537160893
5168,0.05997561665918191
5171,0.09769867157520823
5173,0.09370608048135981
5175,0.2527618229003673
5177,0.05289694863887417
5179,0.13999867995607512
5181,0.14928079593449525
5182,0.11589040405179028
5210,0.2331089532356935
5212,0.06788794875261009
5213,0.07242612287789689
5215,0.33634894644698465
5217,0.21850924879952544
5223,0.09966797666842203
5228,0.19879242176090334
5241,0.2975950374009511
5242,0.15437021434190953
5243,0.208080537850381
5244,0.09704331233983583
5246,0.03881012986868353
5255,0.08180572733657585
5257,0.06426761294244718
5261,0.16527212825237833
5266,0.029865565574436176
5272,0.012055728822039383
5274,0.026072021028798457
5277,0.0877922318238976
5278,0.10815494502335829
5280,0.0273686310171009
5294,0.0524438098327263
5298,0.13497277705077274
5301,0.10710106896822891
5304,0.2141835743237158
5314,0.17423563059079358
5320,0.17857541242874866
5322,0.2716557626622701
5323,0.09969642549347008
5326,0.16684562329440314
5329,0.06853938143932349
5340,0.2697636533627546
5344,0.06565529545974984
5345,0.27270371728437165
5347,0.082689713845715
5349,0.11134674519941035
5354,0.07041252380673625
5355,0.1205980134713684
5360,0.027544838825790133
5366,0.04430583710447169
5371,0.08147330866080847
5386,0.01660382850606021
5401,0.14057569117763077
5404,0.03321592719949251
5405,0.12333814001078978
5408,0.27116395288760897
5420,0.2607763471355879
5422,0.04445261202272271
5426,0.04255235968432905
5434,0.15213298569108766
5436,0.051960525918103795
5438,0.07903376594027088
5446,0.22190014461906982
5447,0.16682403762259318
5454,0.11584626782203235
5457,0.028053055851279356
5462,0.026881358958653092
5472,0.17069231072291116
5477,0.10446267862487296
5484,0.07046537419952666
5491,0.0456871970776367
5498,0.16695496548185904
5501,0.15737514552411708
5503,0.09275304735240611
5504,0.11163110639634773
5512,0.037229029710808687
5526,0.3319912159258736
5532,0.13252745965242346
5533,0.06588906980777175
5535,0.032157819990985353
5541,0.1050644864776713
5547,0.1907311379907063
5551,0.11931575339764751
5556,0.0924607269704916
5558,0.1370200722912099
5559,0.07726859142357977
5568,0.31420211495515316
5589,0.1614048073369149
5594,0.37031517443487894
5597,0.39239520152602747
5600,0.018660867873057412
5606,0.03244144027886475
5610,0.04800401992511142
5615,0.16389084502729034
5634,0.13406223585423166
5638,0.07451945573190683
5639,0.09252769771153666
5650,0.04977656490579917
5664,0.05570931066630331
5669,0.07933928891574825
5670,0.13394964001905194
5673,0.19071562641849485
5685,0.23564251600771227
5687,0.23698218994354997
5695,0.23031658324138032
5703,0.11079623535883808
5709,0.015038479339861265
5713,0.11567386706263214
5714,0.07546202939995114
5718,0.15216939567370616
5725,0.05718121606459911
5727,0.16350466855796666
5734,0.08560228932968138
5750,0.1422277868896504
5753,0.18279015531465306
5759,0.07308708478987504
5766,0.03930999026424583
5778,0.029713759919524296
5779,0.09075229093615222
5781,0.17427658065710205
5783,0.027848544109995717
5787,0.08431832508741498
5789,0.407024224012506
5791,0.21786307773633287
5793,0.18481299210813318
5796,0.2837220098804575
5804,0.046517490940474374
5809,0.1671513598338858
5811,0.1671094502569905
5823,0.10470402250053504
5829,0.05754749807135136
5830,0.11464470818034553
5834,0.08148095017774999
5839,0.1505036840679288
5841,0.14681736744911084
5849,0.1506320024566644
5853,0.1805878879860778
5862,0.02084819123921675
5866,0.12239468260659424
5871,0.07707585016278569
5874,0.11455905760163387
5877,0.04351048027003535
5880,0.1297095317028774
5881,0.17219920928696644
5885,0.16951934215185954
5887,0.04152352022893505
5889,0.17582427459860253
5898,0.3402482360994239
5902,0.16116323993271955
5905,0.4739538907894209
5916,0.05798088844406695
5919,0.1285402840721529
5923,0.042561161699455584
5924,0.07867155425494464
5926,0.14387434110230887
5931,0.09476201647825636
5934,0.12772117197506078
5940,0.13432025903491
5948,0.12149141519188113
5954,0.1507015431305695
5955,0.07934091806538897
5956,0.13413113236673244
5960,0.08671088777222254
5962,0.08323510825281767
5964,0.0932903667854613
5967,0.029346916466203757
5974,0.16494188659881429
5976,0.24159026779496828
5978,0.10648648266115984
5982,0.258828886755689
5991,0.0732616152790679
5994,0.15858442387720748
5999,0.281247533690504
6009,0.1028676332009378
6013,0.09201358327422525
6018,0.13751974086003968
6019,0.3651579969556754
6024,0.05811336097598404
6030,0.05379687641685252
6031,0.2528895810575921
6035,0.11253215395889898
6036,0.054000343513979504
6038,0.0982968311450315
6047,0.1072504883686589
6063,0.11936642055778895
6064,0.05391100717105291
6067,0.17591479363329826
6082,0.051044708174907236
6087,0.1260144674674549
6089,0.15226805379828673
6098,0.16961080813389537
6102,0.03290689713032569
6117,0.05160413460415776
6121,0.04875195891670739
6122,0.11413800845132933
6126,0.1503815576052352
6128,0.25478569963405095
6136,0.20542149840596594
6142,0.14414920646272356
6143,0.21056994992839578
6147,0.08571437626836624
6152,0.1676691487623963
6155,0.05794613450519906
6157,0.1509094328652228
6159,0.1088185101385988
6166,0.11717935026522816
6176,0.10439606341973863
6182,0.16245641853811413
6186,0.11564759045070569
6188,0.17953125263870245
6190,0.02398272084889736
6191,0.19343905367678005
6195,0.07938838256097495
6196,0.18721977789445537
6197,0.2379269972596921
6200,0.13438351382824046
6208,0.13395371071661175
6210,0.017837994777867804
6221,0.2027952473343376
6232,0.07697886173081248
6234,0.05188843631383684
6237,0.021894015829841455
6241,0.1413002896342376
6242,0.13461552741814423
6249,0.04678153882175401
6263,0.12424636930139812
6269,0.0596748915227428
6270,0.14939130886383223
6272,0.06363281106591628
6275,0.2324088053554604
6282,0.061393895171809966
6284,0.38867239368144474
6286,0.19552723375442008
6291,0.028406433673483417
6292,0.29758841655112694
6294,0.11950146624714733
6295,0.16881020570906802
6298,0.2087967323662572
6313,0.319079135489732
6322,0.04794890037969337
6330,0.03669821007916118
6336,0.05759479410967064
6357,0.2996952020486351
6361,0.052448928764454845
6369,0.22007808944799306
6383,0.24980115001927833
6395,0.12599405595918195
6397,0.16617943465834498
6398,0.2748358309095225
6410,0.14504321997875483
6412,0.35602509419614914
6417,0.1873964379890941
6422,0.11849832725388267
6423,0.0954324647074076
6426,0.14348951797343465
6428,0.05975088659743248
6429,0.09852453178454668
6434,0.1579257248499589
6439,0.15891618419590442
6440,0.06477256472972677
6443,0.11750307839417667
6448,0.1720228029243445
6453,0.02311578198803717
6456,0.18757849634838725
6457,0.22136431259382586
6465,0.011799941925698302
6472,0.16303889709147756
6481,0.04136076227897098
6485,0.20211683539605935
6488,0.18086957132148
6491,0.3933619330705654
6495,0.044344518408801686
6503,0.040044315594405196
6518,0.022776791407013726
6522,0.13997409550515202
6525,0.03552168400407379
6530,0.19810087325074555
6536,0.061771928604406334
6539,0.05651371014143312
6542,0.11073738264298694
6547,0.08796001272251128
6559,0.18080048517924702
6564,0.036226073731958984
6568,0.08829881471496841
6570,0.11868287174313666
6580,0.31874267131374107
6582,0.08316513461013667
6586,0.15649808787246172
6590,0.061440444792545054
6592,0.034392855244187365
6594,0.15557912268335664
6595,0.2239600245653808
6607,0.0346184295663754
6614,0.01964346219695809
6616,0.1813143407404422
6621,0.03947994190642603
6626,0.12593370026341055
6630,0.3160716226158481
6633,0.17943964535794907
6634,0.03207065759064199
6638,0.1327827987305253
6643,0.19681923299947285
6646,0.23288555607761327
6653,0.030602160749741508
6660,0.2040579643289604
6662,0.046441053133729586
6666,0.11953224074498488
6669,0.165984496996922
6671,0.2764814043509455
6679,0.1481584384046791
6683,0.026171211322625867
6684,0.01623439426987966
6685,0.1489071879445192
6699,0.21416948595894014
6703,0.2549578680526212
6711,0.030334374049772555
6715,0.10152766411154306
6726,0.26081304833365027
6727,0.032509186918153465
6735,0.18014259974383914
6736,0.08595628400136451
6740,0.08874193126678366
6747,0.11894636386111117
6749,0.37787673818437884
6751,0.21156083297869435
6752,0.16038950975659944
6756,0.17621251010315295
6761,0.0966092608933613
6770,0.2255565511916278
6771,0.1548227971698297
6772,0.09140945257028535
6775,0.1334736973206545
6777,0.05459155109146636
6778,0.1306887334835522
6780,0.11335226364884073
6784,0.05828139447822599
6794,0.15012287540430774
6798,0.13857736595593975
6801,0.04173676697143725
6816,0.1150516373363622
6827,0.1344455531398067
6833,0.06550479136402358
6841,0.07761640183090271
6845,0.08190827399335751
6852,0.08245139665536515
6853,0.21031255116566874
6858,0.030368673111091413
6866,0.06079096243369765
6873,0.14827482796009575
6880,0.05108528528125792
6883,0.12414638511164935
6884,0.04851015895794732
6885,0.1250172831868467
6890,0.014971347515372865
6891,0.3219801875229453
6893,0.14678962563063294
6894,0.24895251262044057
6900,0.4841324766616768
6902,0.13714518524425834
6908,0.01662814186414076
6925,0.16261122866051966
6929,0.11932543033990686
6932,0.19306306906273643
6934,0.05110062022168747
6935,0.2400398923350257
6945,0.04288331363323347
6951,0.24756854929274114
6955,0.08284877912644886
6957,0.028193690170792703
6959,0.12060661554114364
6960,0.11450470808340758
6961,0.07563820258122532
6966,0.04742339333576311
6971,0.2091557987577315
6974,0.16704889964416972
6975,0.09620321732574605
6976,0.11417606269438269
6979,0.05540048505182938
6980,0.12541265766638224
6984,0.08426315276038322
6988,0.261033248299368
6989,0.19863826699928272
6991,0.10907459269000863
6992,0.13377642104693588
6996,0.16496318635861754
6997,0.09868950913023485
7011,0.17774141762781762
7016,0.133527233543695
7026,0.12287350639407287
7033,0.161447226083726
7042,0.26228183178903225
7046,0.031198892553686675
7051,0.07519769018405033
7052,0.12719416092482072
7053,0.25713633337391606
7059,0.1760155827327081
7063,0.0442532788729229
7064,0.10100905891187416
7065,0.0671737162680812
7066,0.09666339212424438
7070,0.0721810131947067
7084,0.09848734519738192
7107,0.23946248561130926
7113,0.23921791295031453
7114,0.12308435152842906
7116,0.15090720377667013
7124,0.30748755985739123
7127,0.10891834194584153
7135,0.0845651997753449
7140,0.2045896970848012
7149,0.0681107456777458
7152,0.2611184272523036
7158,0.12290761233862453
7162,0.17024297329987972
7178,0.020588425630941907
7184,0.20928653624023255
7187,0.07162327626960177
7192,0.27187462235744236
7195,0.10889819007168264
7198,0.10494550214355738
7202,0.19163721313483054
7206,0.050660305677564
7207,0.15311825016283712
7208,0.05540608979493384
7213,0.14004834481197106
7214,0.027388348759395095
7228,0.19195489845955066
7232,0.1503671249677777
7236,0.0683771971556692
7242,0.027519090228856628
7243,0.04567377201769444
7248,0.1334392573468006
7251,0.11460938372240123
7253,0.15865735597720176
7254,0.26072841078961284
7259,0.10400977684170522
7264,0.1824931670517298
7273,0.15064357366878983
7276,0.054811163841453604
7280,0.0970950165960072
7284,0.3352081640401711
7308,0.05289788939946403
7316,0.2524747144161902
7341,0.1309461540371003
7347,0.18016665023016035
7353,0.11640050195998056
7356,0.1783439357121426
7357,0.014440203901730923
7376,0.09090292469670964
7392,0.0869634907162299
7396,0.10088104150049763
7409,0.022041870821038593
7411,0.05340669946330951
7415,0.037165082854789415
7416,0.2759191312972745
7418,0.22674074313713535
7419,0.12425620651836315
7430,0.0394290202994188
7432,0.27713977414468893
7434,0.21017239968985266
7441,0.15844886462086194
7453,0.052456543865985916
7465,0.1872110073346539
7470,0.18829045400127006
7471,0.10705205927911332
7472,0.149567601696699
7494,0.04526158221002782
7496,0.165399206442265
7513,0.11765183810550087
7518,0.11905510889930088
7521,0.15735238887117323
7524,0.08072633599117167
7530,0.09239541564698905
7531,0.23580007376238285
7535,0.06704616463538556
7543,0.10679065376158686
7552,0.28061758810902854
7556,0.2964448899017255
7561,0.043087407187810255
7573,0.19369040966072937
7576,0.16292836471750038
7584,0.4255312533448244
7592,0.07359140226585979
7593,0.08594248662688148
7594,0.216664454538605
7601,0.04129368792262261
7602,0.07972587841071731
7606,0.1859439434279489
7609,0.07355202396609473
7611,0.1035400654681106
7614,0.03012312959765273
7618,0.21873435956908163
7619,0.04446450965671672
7629,0.12461140977515398
7645,0.02939373650155138
7647,0.06938375782292837
7650,0.10974430825766086
7659,0.1690839110044195
7665,0.11589772058874465
7666,0.21886473286430255
7668,0.09615668450403236
7671,0.06653975528303638
7673,0.11539291686886398
7675,0.17594599674299782
7683,0.1336144612005097
7686,0.20712043818174536
7689,0.06901974004051406
7693,0.20523566911952232
7699,0.12559650050967114
7705,0.22095721485658523
7714,0.017635597448102964
7720,0.19456577179783738
7723,0.2907644813860777
7726,0.15890026270460714
7729,0.05438752558909751
7730,0.1649797259561705
7736,0.2020066363013711
7744,0.136115267533418
7752,0.03483386288466092
7753,0.1616508448593458
7754,0.07930308294180176
7755,0.06931046740518429
7757,0.11645711717575168
7760,0.017093628405084105
7766,0.29174356232444487
7773,0.09082421925801545
7778,0.064274341566042
7781,0.09578071772748357
7787,0.24578406260948316
7799,0.13394886974618453
7800,0.17787141651381147
7805,0.20691502369060377
7811,0.1679618145052868
7814,0.05598969674385184
7816,0.07194382488430308
7819,0.19693035241085044
7822,0.06492666299219038
7825,0.08955250867812767
7832,0.028263746074337535
7835,0.42810099669350415
7839,0.07001557264468676
7842,0.1803579124811203
7848,0.2627011651604505
7852,0.1641586939012201
7854,0.13529351527803854
7858,0.09302299309848708
7859,0.14792527830275848
7865,0.21641486329807938
7869,0.04821492826149158
7870,0.14470792006076466
7876,0.09529120321711529
7882,0.05344694674969788
7887,0.17952650390665284
7889,0.1560820154774617
7891,0.5660234828328029
7894,0.05335868735250976
7896,0.3795194191258357
7898,0.016598728094500925
7904,0.21572762981838164
7907,0.07077405575496679
7911,0.09624935046642474
7917,0.12351888674016796
7923,0.30174113223350735
7927,0.16607488796319386
7928,0.1532901709470351
7929,0.08507008451806174
7933,0.021500453959350328
7934,0.10586598338346448
7941,0.16892427903249246
7944,0.18801780451258823
7949,0.13022973958168302
7951,0.2192963137850717
7954,0.13238199287562338
7957,0.1731135110765935
7959,0.1411299579706932
7961,0.21728472406067414
7962,0.2075256409900066
7969,0.0767774769714199
7973,0.030374294571722093
7974,0.24391457279923864
7979,0.21439356552497246
7989,0.09322196391866583
7990,0.053854315331416526
8001,0.09462630457145796
8006,0.09870476145504836
8010,0.15665416258179543
8015,0.27210711931004644
8018,0.10394438850919806
8027,0.20509538097944818
8032,0.11895671142931055
8033,0.03344617190649947
8035,0.034685560496902856
8041,0.09099366663161924
8044,0.1265232245581195
8049,0.30787995614855845
8051,0.05024172676122347
8057,0.1108963526987504
8059,0.20641824753111657
8073,0.043550505966807124
8075,0.3535702037040339
8078,0.06852997370633183
8081,0.26235205377878246
8082,0.21478321025990527
8084,0.2869828932786508
8086,0.03035459876535396
8099,0.10578335386009012
8101,0.053162600562364395
8104,0.2644020912557347
8108,0.2195259034014739
8112,0.2754707818420106
8117,0.2866435337262189
8119,0.038750882785693865
8124,0.08670634316736123
8125,0.1204390894148803
8137,0.45658319834859384
8140,0.12465432848637982
8143,0.21921949928864448
8154,0.041024545602341554
8164,0.31388185645481154
8174,0.1121794566014203
8192,0.04662094764090072
8195,0.021928812103884893
8196,0.18472832604982978
8197,0.19205389401348447
8201,0.14171210235946524
8202,0.14724673216413992
8208,0.0741813961518806
8214,0.03364145312210102
8220,0.08779862738833835
8237,0.0631269443861187
8242,0.07814099303534094
8244,0.06190422008777572
8248,0.07975714867445546
8250,0.16443526316775176
8252,0.10229532330108392
8256,0.1452127445149191
8258,0.08327009964526683
8267,0.05696493221632515
8271,0.017643050763001992
8275,0.27013530112310796
8281,0.19601836294923305
8290,0.02054466275427382
8291,0.14727313176105775
8292,0.11131006419155456
8293,0.1218189532648534
8299,0.08660001704315104
8308,0.13131218874034054
8311,0.2054911718414441
8323,0.2696175933548161
8327,0.12941024426826073
8332,0.10036151300960602
8348,0.1654634369221037
8349,0.22012378407243632
8353,0.14796912654587532
8355,0.10870539625999673
8364,0.21417559015823623
8377,0.022488277912196455
8382,0.09259500623900406
8387,0.2157243591939143
8388,0.09855735111952346
8391,0.04707371247437145
8395,0.03474374145374897
8403,0.24191601505277802
8404,0.1032471249845441
8406,0.2040259774621658
8410,0.15374697157417894
8416,0.09374516925569056
8417,0.14322882795776462
8419,0.23772977896891212
8421,0.1775383950702626
8426,0.11285825919143919
8429,0.08297842205616476
8454,0.08428969373041656
8459,0.07756188748374694
8468,0.1276647388710756
8469,0.16299372808302537
8477,0.23803238665483317
8482,0.10661785363848282
8483,0.14077956368230646
8487,0.17323169359439985
8492,0.06943333115014096
8495,0.051143343520753996
8503,0.03206444561890782
8504,0.08477407271660546
8505,0.0377611845409546
8512,0.04517457586289113
8516,0.1429367778892174
8517,0.24302851196651348
8518,0.2154525778604907
8520,0.1719110878156446
8521,0.16983275314135649
8522,0.21111166841589757
8527,0.1751957028266101
8530,0.3065533344858179
8532,0.0848164070093926
8535,0.25929261095177836
8538,0.21284270157264354
8539,0.09522576543769351
8540,0.1271757306892013
8545,0.08444488482274569
8548,0.21420743173074797
8561,0.10458144243859314
8563,0.14878090674194686
8587,0.048970440445260596
8590,0.09990243276202379
8599,0.07340115352346069
8601,0.17494709465845437
8607,0.07707141475140551
8613,0.06323797284640699
8616,0.10665254086668197
8618,0.24679017349448393
8625,0.05972591275548871
8629,0.06294052172719619
8630,0.07490627787941151
8632,0.14966270311339946
8638,0.23181172309235024
8651,0.03514686297990814
8652,0.020839778493919936
8653,0.09436829734746266
8657,0.07410892322917997
8660,0.1683838777630412
8662,0.12245582816406934
8663,0.11878258758162855
8670,0.07422834709099059
8672,0.1807203063152148
8679,0.14652796633525172
8685,0.1311516859716516
8686,0.08559656481046422
8692,0.13895444354866765
8704,0.0501578281602919
8705,0.06454084601905802
8711,0.13294476331982447
8715,0.3004917438331988
8720,0.13386077622282777
8735,0.07149148722167555
8737,0.06022587461359459
8740,0.08133139970658107
8744,0.07374805220733571
8747,0.10695123887588544
8748,0.030728085536009052
8762,0.2934915981587046
8767,0.09361800884812177
8770,0.12059115513182675
8771,0.097548095272022
8774,0.1779561008129762
8780,0.12896952882710816
8790,0.07337248755384655
8791,0.0479599559522047
8793,0.08304724621169532
8805,0.16451117106809302
8815,0.03955795129306173
8822,0.17816456909254494
8831,0.17276175753504291
8833,0.17937072888489933
8834,0.11302444386476446
8835,0.22496220344694726
8836,0.06537935323118074
8840,0.12059621630938554
8841,0.08246314816090348
8847,0.1500128584599396
8854,0.09916895392104437
8856,0.12822433590172033
8867,0.11342772794876975
8874,0.10895641712968007
8897,0.02543770857241409
8901,0.35424363809546544
8914,0.01970917182245632
8917,0.07401769029372096
8920,0.15016924336490067
8922,0.26363960557391364
8923,0.29383572712879613
8931,0.147467048615758
8935,0.07271272635689807
8936,0.2610669699267764
8937,0.04737015907067415
8941,0.0678988767374032
8947,0.1482642591760962
8951,0.07578753743211916
8956,0.1057258948598067
8961,0.021618371798374107
8964,0.1275674278976504
8970,0.21870937920421837
8975,0.04027650056834472
8978,0.06406922293581091
8983,0.06007991873999188
8991,0.16537502464240306
8998,0.09850876533358359
9006,0.10743990578215273
9016,0.10030304071449817
9018,0.08459644052644844
9019,0.11606962411793013
9023,0.06371648370689756
9039,0.018818754183160712
9040,0.18338404297761138
9045,0.06428539448193674
9050,0.2719934968482145
9059,0.0891948895600043
9062,0.3950065475684149
9063,0.14855881384342295
9066,0.15650175586443302
9070,0.07537862697294491
9073,0.17933198792572702
9075,0.16135211274586642
9077,0.056948127179699104
9078,0.2745690654568964
9083,0.0678864518615675
9094,0.10032883887348565
9103,0.186407344470186
9104,0.2853045560726169
9108,0.0718322765069329
9113,0.021289337307217347
9115,0.10158479213331129
9116,0.060878454647189294
9118,0.20170942009428086
9126,0.04190063061318534
9143,0.07114694467165394
9146,0.25319797356264334
9150,0.043155798432274226
9151,0.11159742357835753
9153,0.07202513922821584
9158,0.10729984368434235
9160,0.05491339858282198
9162,0.2508728303475538
9167,0.06308380046072347
9179,0.14303999426186187
9192,0.06978130388714418
9209,0.37764803275899206
9223,0.05848936301742963
9239,0.0768247815475793
9254,0.03936648436037234
9259,0.043623377753026486
9263,0.18743433888838434
9267,0.043394035167608605
9271,0.157428882427178
9273,0.027408044541971703
9274,0.10599278119650433
9277,0.1014969374889359
9281,0.14172956324048872
9305,0.1846386575719608
9307,0.2610940631318124
9309,0.1667285880986674
9321,0.11424439985879166
9331,0.06823698579416691
9333,0.21325212469187058
9338,0.1256000281772226
9344,0.1333541999209114
9353,0.3188465375107327
9369,0.03374190222596973
9371,0.12182654170135705
9376,0.10484120811416038
9377,0.18172500418653212
9385,0.1540118395800275
9391,0.2903998600158466
9397,0.2332965595990284
9398,0.10258510621826362
9405,0.08467325557288055
9411,0.1169282424082364
9418,0.27828613649881034
9421,0.035186369156673225
9427,0.05351528909420673
9436,0.06629887997984067
9447,0.019740026237119068
9448,0.43550435063459436
9450,0.2829090484607856
9452,0.10889139372615816
9458,0.2935575396494266
9462,0.07569816120985963
9465,0.11936634032284245
9466,0.1772333747328319
9472,0.29633954390840844
9474,0.07306261733643597
9485,0.09538653033632112
9492,0.1048065682205975
9493,0.047374071164019683
9497,0.07630340021827846
9504,0.23898241798939984
9505,0.11993394695225662
9519,0.22619651750556105
9527,0.1894631147389997
9528,0.3495890333401927
9536,0.2517492119768528
9537,0.14860752003159763
9538,0.16112553629888382
9542,0.08904698770938266
9543,0.02497605593231129
9544,0.1178089642772732
9545,0.17891620029782979
9548,0.10294572874241073
9549,0.038757858821152374
9556,0.06652796386227153
9567,0.021748276693506145
9578,0.41350831450838865
9592,0.20620679627716126
9601,0.14889017960653841
9606,0.09487385979393116
9612,0.21965165669345174
9614,0.07154576893892446
9616,0.14263131213099642
9618,0.20011077768920105
9619,0.16600183820379727
9622,0.02326032841845076
9649,0.11978614791487661
9650,0.12786396642083422
9651,0.02637590191822947
9653,0.1268985841280569
9662,0.025038878439498487
9663,0.0831545501525854
9665,0.28991070338613917
9678,0.07523062918875581
9686,0.07757917534218534
9690,0.06536148227456212
9691,0.12991454246380896
9705,0.06453486156511727
9712,0.2861326925855961
9715,0.04666856003298099
9717,0.16362041901720456
9719,0.07379122800338128
9727,0.393034920120546
9728,0.16717836190829646
9744,0.22696996864980706
9746,0.06140550122443088
9755,0.027927164154775898
9756,0.10381977807230158
9760,0.12885252715989964
9762,0.07411457621622938
9767,0.04529404050560592
9768,0.07768464343124816
9770,0.3322800771092465
9778,0.06672929862228913
9787,0.03594474312071511
9789,0.08243485358391023
9790,0.139241751420037
9791,0.19854557373884532
9794,0.10307559150330073
9799,0.09535391546704178
9808,0.12225584082696056
9814,0.32130816944448753
9829,0.05753076883956388
9837,0.09097963051819927
9847,0.07528922603089709
9848,0.045653204683180286
9850,0.21398832881307678
9853,0.3199756686762241
9857,0.15755521745399326
9859,0.1289135297244665
9864,0.14987373998764997
9867,0.017013569292671588
9868,0.1182348404522286
9872,0.030764071569033498
9874,0.03328707692205633
9876,0.05648917990495017
9881,0.30332991318446473
9888,0.3032352701738135
9890,0.05423445844182482
9893,0.2846616907373639
9897,0.07186865783663485
9901,0.08063804487644381
9904,0.01929182947880594
9905,0.055356265104751154
9907,0.12717491708959222
9909,0.24077256052101478
9911,0.12833293826836717
9915,0.04446155922875123
9920,0.22883251249063716
9926,0.1187826575193909
9930,0.03538837187046823
9931,0.01417824573752276
9933,0.18716731924097504
9935,0.12886646376899372
9938,0.06814804147193326
9940,0.47166948942109227
9941,0.07649075115560969
9951,0.1635072506279406
9953,0.033902286746918336
9971,0.09361118692537797
9972,0.12013151236395211
9973,0.034503297378253354
9974,0.11205633954392465
9975,0.06814685000529161
9978,0.18144847453963509
9981,0.11061268497037137
9982,0.18653943347782675
9987,0.24948323148937826
9999,0.16763121238081133
10001,0.0533577242007031
10003,0.044543929736784844
10005,0.0583859226563715
10015,0.03363837312059128
10019,0.03503873288457845
10029,0.40023362362802334
10032,0.0727492946667548
10039,0.11870591142146175
10051,0.04611240289357908
10052,0.14915049155935345
10055,0.5469901821864271
10058,0.12717985359255807
10063,0.01159561486243764
10067,0.18470011933022715
10068,0.33568033999642627
10080,0.05317415033784321
10082,0.22603882194310962
10088,0.04392698873951947
10097,0.03442040027665805
10102,0.08068589754356516
10103,0.30825459166528296
10105,0.26133390330045614
10111,0.21085636742787178
10120,0.12562184826531314
10133,0.2429799174852435
10136,0.06865853073060231
10150,0.024080067889619933
10160,0.24908052040713324
10166,0.06683445017905007
10169,0.1984580086817723
10179,0.09298637817483091
10189,0.16589545156736427
10194,0.2371018502585665
10195,0.28668330309411016
10216,0.08432784253413064
10217,0.21294282938777834
10223,0.11511089888156989
10225,0.33341960984946584
10228,0.4457503305774294
10231,0.094820161898567
10233,0.022208467016587154
10235,0.1490466658218581
10244,0.10512431791833682
10246,0.21012837584124822
10247,0.09809485360653582
10252,0.10104443886480263
10255,0.09804768134320395
10257,0.12789401348647658
10260,0.09547490645330353
10261,0.0911552423696666
10265,0.046475796365869626
10269,0.23179506502293726
10270,0.13944768797854784
10272,0.2986857960990176
10275,0.07169177652449436
10278,0.3656138844963506
10282,0.28363089338095865
10284,0.20722856343529272
10288,0.08560817464930315
10289,0.23514441548796614
10290,0.14849049416682686
10293,0.16541969216502744
10301,0.29949737968016144
10304,0.0672341521907379
10305,0.10997651208570894
10307,0.0576719546379271
10308,0.1827124015062135
10319,0.07938692025113504
10321,0.04987038611270146
10328,0.019249835127419502
10329,0.11753868207333622
10330,0.05956195489750601
10336,0.2728716693490685
10339,0.05118531731293131
10340,0.26046872122798354
10352,0.11376735194120584
10353,0.06986939756473722
10367,0.054226970897573924
10376,0.11558459943465127
10387,0.1085608576751966
10403,0.15423179276607243
10425,0.24828613054733342
10426,0.22939138095179662
10435,0.04872436526743291
10441,0.10681028789484719
10461,0.2460099980345026
10465,0.04787886434604468
10469,0.16326695686592907
10479,0.032852385142542136
10483,0.10347728187350078
10490,0.06451740725984358
10495,0.10493210551264945
10496,0.058012977265226244
10499,0.0695456448809159
10500,0.06394155017287846
10509,0.017500341023375297
10510,0.11023161539562117
10517,0.04100963224968503
10519,0.11200580173464011
10532,0.1298863759751538
10534,0.0436557867948741
10536,0.09340006454006854
10538,0.14130863153974604
10557,0.14506794261289416
10564,0.14920117812868713
10572,0.12855194336212694
10582,0.14888313426620342
10587,0.15942808955822524
10590,0.1688667171964309
10592,0.15808536994420683
10595,0.15093779158026838
10606,0.025107156334559382
10607,0.22318536669801683
10609,0.058498025022598425
10611,0.06932307745753898
10612,0.026222899755281335
10613,0.1310854190590538
10622,0.43691382424959424
10623,0.1103633739029635
10626,0.126282213249038
10640,0.07705039937835595
10641,0.10054047945705373
10644,0.20122016100636614
10646,0.23511863009762005
10648,0.23435737954676017
10652,0.012924979714531075
10669,0.029860033390259434
10672,0.052621636780081985
10675,0.2577060878749792
10677,0.07156151973190983
10679,0.35559665789673434
10680,0.18819920091645018
10686,0.23838367343626887
10687,0.15049748678747768
10688,0.05786949681854302
10690,0.23005504001466984
10693,0.2886728072914052
10694,0.21780699584229174
10698,0.0712044824017892
10701,0.05500362306426096
10702,0.09469895568057145
10705,0.14941718136814425
10706,0.3213154330345743
10707,0.2095389865769321
10710,0.03645615462637399
10719,0.0358975878052674
10721,0.18067071026516146
10722,0.10408413468090069
10723,0.045181885671705384
10728,0.37718377879386344
10731,0.035262244717817665
10735,0.1350484614546427
10736,0.1188433741036408
10749,0.025537654296631154
10766,0.13864818080136007
10772,0.3258410419941156
10781,0.09581384776401974
10782,0.11363092625581583
10785,0.047620806602474516
10786,0.19838180218697865
10798,0.08825663310946565
10802,0.13030713035452335
10804,0.1988178112967123
10806,0.06023482462171744
10807,0.11894760773540335
10811,0.030480502958838796
10812,0.033707537960088
10813,0.17360038720730292
10821,0.08844402073737945
10829,0.17487319852575953
10830,0.1263301050408407
10832,0.08770405220967498
10838,0.2472791209464811
10840,0.17509257773106404
10858,0.15319561744097562
10870,0.20697288090977403
10872,0.3028739547611806
10883,0.24535349487918506
10884,0.20095084638340693
10887,0.3205894637796461
10891,0.07778035806139069
10893,0.024274934479921056
10896,0.16428249060411304
10906,0.10588572314628276
10912,0.08193178503912786
10915,0.0939115370653649
10920,0.3331689656968665
10921,0.27776586908083645
10923,0.059678643178651375
10926,0.3031281276971614
10929,0.0382628356090876
10931,0.024049280497497095
10947,0.08614283436511672
10950,0.2074819196203128
10952,0.06299388940100109
10955,0.20690530436227988
10958,0.2557464791469617
10960,0.09303150366994738
10962,0.13776870413540096
10967,0.06666312471833231
10973,0.23071439700116803
10974,0.12677926541043097
10976,0.09029688940566573
10984,0.19335880862096294
10989,0.13213648654084773
10992,0.06910730244844265
10997,0.17126723295024335
11006,0.06021690426083506
11024,0.11173071591731151
11039,0.05982962243198706
11044,0.04338970395821408
11051,0.0697866140747612
11054,0.25375262704177515
11066,0.09634406512606777
11069,0.12617228228652125
11082,0.2073863081556647
11083,0.36070440270072457
11085,0.3370727553533311
11087,0.12288548249816264
11092,0.04042588756455288
11105,0.3956343391320523
11109,0.14439280574749422
11114,0.43208290312166303
11124,0.36079086067326976
11125,0.12582251994675983
11130,0.17555443078959085
11131,0.3604551287323256
11132,0.2869998471056335
11134,0.10904711435464602
11139,0.10639582339164931
11142,0.061665272865635126
11148,0.1247111402537139
11165,0.10833960507201613
11167,0.12773103336103941
11171,0.017947830729487482
11175,0.04775445323166071
11184,0.1339353505776052
11189,0.13444125052685119
11193,0.17694134814525658
11196,0.2434749343636214
11198,0.25703618082353874
11200,0.14314721335823988
11201,0.04915616723228733
11207,0.2260183595328056
11209,0.05288217099900655
11217,0.07598492898996334
11218,0.15287756370130795
11222,0.07878696277107973
11236,0.06899277747830311
11239,0.12414911242947825
11246,0.2063550023662842
11247,0.14159959737894107
11250,0.05621921419257995
11253,0.13072977098694893
11257,0.08685102703697482
11259,0.22454585921885817
11261,0.19990759965797136
11262,0.07617870233629197
11264,0.02746620658846934
11265,0.018730373564484596
11267,0.0759799653751715
11272,0.06472346384494972
11279,0.11359738114295824
11281,0.06771137871160543
11283,0.0598864477428073
11286,0.04663226956580838
11288,0.15418811032312196
11291,0.18963028974161258
11297,0.08646355665514519
11299,0.24282725402556088
11301,0.10592614084934529
11303,0.12053040785601087
11307,0.04170337571035332
11317,0.16710230103171894
11325,0.03892730519402079
11331,0.0964266184846835
11332,0.14006891586596648
11333,0.25148789093135016
11334,0.11665771172145703
11356,0.05990348904405061
11357,0.07143706528065741
11358,0.4841974479226833
11369,0.2267727963306691
11380,0.06934340716060682
11381,0.441479257178029
11391,0.08650043287599499
11400,0.016393604585195454
11404,0.20305330081458847
11406,0.07555060747073705
11408,0.03350025025356876
11418,0.2406180099085728
11424,0.18030760867089024
11427,0.0656637691250868
11431,0.02314096545991681
11437,0.033773866822179456
11451,0.14529841780779248
11458,0.05643416571991734
11466,0.054203186432374
11470,0.35674681369556577
11472,0.32386352424440185
11484,0.09778247710304012
11485,0.20543603071878253
11487,0.1974240209425475
11489,0.17689591113107622
11490,0.03748732169658809
11498,0.036398435593569436
11501,0.0224168538498009
11515,0.04504058660611539
11517,0.12305325021568338
11519,0.0648938193772886
11522,0.10634367048321362
11525,0.20625081587523564
11526,0.3362379841133204
11541,0.060883462408572585
11543,0.17168539162037205
11546,0.22872033603189681
11557,0.20032891969317232
11563,0.13475845355241065
11581,0.07139119672108146
11583,0.1819907677048879
11585,0.27057612983885576
11590,0.0680725243863945
11591,0.16820057442290867
11600,0.08572429478400335
11601,0.11942469956342694
11604,0.12080919390058699
11609,0.3368626868551596
11616,0.03156244033194365
11619,0.12469652157716293
11624,0.23693403889854214
11625,0.07332295125679976
11633,0.17918314836853072
11640,0.07770568966321525
11667,0.250022865424176
11668,0.22596772076449917
11675,0.10435092975824052
11676,0.1409040844599383
11679,0.09193757269722076
11681,0.15240352227584955
11684,0.11740193078188442
11699,0.1361411420181885
11702,0.2691744973832539
11712,0.145423859463386
11713,0.05546235363123823
11716,0.2631485680481934
11724,0.3341743401518106
11730,0.288359472246156
11737,0.025646523113182426
11749,0.2415678107553512
11754,0.07023271659023483
11757,0.11277124596431734
11768,0.038027954454751794
11775,0.04145477320133641
11777,0.175689711565099
11791,0.18590139730617006
11798,0.3216988375811742
11801,0.22518001459107645
11809,0.07637175327234239
11810,0.02620038499152708
11814,0.15483717904207797
11826,0.19084475679734234
11837,0.13392110885223413
11844,0.0914563706308756
11848,0.041009573662985216
11858,0.08918204569919375
11859,0.03658561297121385
11862,0.03246674504351184
11866,0.12939698005232797
11879,0.13593491591594276
11882,0.1319392444711668
11883,0.037015423135717006
11887,0.09346671821718341
11892,0.024239812915853812
11905,0.3235974874064801
11912,0.0975411956881398
11914,0.04657653632393277
11921,0.022118317533214416
11922,0.02536970525657889
11926,0.13211126789801825
11930,0.024005317383517154
11938,0.1313985841596477
11949,0.1733369701971001
11950,0.0736358266905135
11959,0.12381994875031614
11961,0.03560575988232835
11962,0.06111685397914809
11963,0.15545488240991348
11965,0.09232809068507278
11973,0.1482889539188355
11977,0.07744637891488082
11979,0.13526592936369872
11980,0.04491704461909107
11981,0.24269197098759926
11997,0.23280626185352557
11998,0.18842057980809043
12000,0.05829096141623046
12005,0.1747561676519923
12009,0.10512195693520499
12012,0.17627591506316104
12016,0.22897950814363136
12029,0.16108972250044765
12032,0.09211488577135282
12038,0.026147648130226207
12039,0.1113834392009663
12065,0.1555904940561617
12073,0.06151445477344808
12075,0.1101452180454605
12076,0.023762312578529805
12080,0.0402896865547276
12082,0.09519987037774653
12090,0.0836738855335304
12095,0.10063743837528215
12097,0.1318659327543296
12101,0.17176518755387163
12103,0.3459798088392006
12108,0.07026073057068336
12109,0.02090594727661456
12114,0.18255200009303765
12127,0.3904011306172202
12132,0.1408404637910893
12137,0.06793256886244309
12138,0.16820457372733424
12140,0.09235303972359159
12150,0.06223055165839176
12152,0.1392494875438882
12168,0.3196598506201109
12169,0.1275389959384064
12177,0.4261115809062341
12183,0.08358062082890783
12187,0.14137522185589385
12191,0.1332704651338102
12196,0.07009519235855034
12199,0.21829523104588905
12201,0.032923858504661736
12202,0.08845281446564891
12204,0.1285592548532813
12206,0.28871909636451804
12207,0.27186523710771027
12208,0.08841306621347796
12219,0.05194044279139686
12222,0.1423961585472318
12225,0.3166910946387865
12232,0.088112435617146
12237,0.0991511572716266
12246,0.12585062843347783
12247,0.10234755806056166
12263,0.16853039104152112
12268,0.1527417983200952
12275,0.13625312335220066
12281,0.21348864289055935
12298,0.3102405005589204
12304,0.08610774314262509
12305,0.08478484795023258
12306,0.052681910165323316
12311,0.09580200780245539
12313,0.16929095193874155
12319,0.06271601669412458
12324,0.25847356438991015
12326,0.15937466901167674
12327,0.0843878723988072
12336,0.11888537143056539
12339,0.0713144800181873
12340,0.16089290272536333
12345,0.1482753861835499
12347,0.18443483762713653
12350,0.16395965044403638
12351,0.14871172072040525
12356,0.06595192467792503
12363,0.20101295322489157
12364,0.2503445208207581
12367,0.1313264146428166
12368,0.029371084688422533
12371,0.061190269096722275
12375,0.09024915496668191
12381,0.1268708951729408
12384,0.061651659452354755
12400,0.06133434562066891
12401,0.2543418628723084
12405,0.1962198847090832
12410,0.026849700883249682
12413,0.1577744274766398
12420,0.08743239180695861
12422,0.29448182312151977
12426,0.21521196335139975
12430,0.15925106331098002
12435,0.22296666716156216
12443,0.11520610071365736
12444,0.15846794116047336
12446,0.1781971408069317
12448,0.18793400460871335
12453,0.04942057966121645
12456,0.23149397242961164
12461,0.05902494629642373
12464,0.0440084189518777
12467,0.050812903646235925
12472,0.19974499287005787
12475,0.30623483010606123
12477,0.04220680102756392
12482,0.17795131622722113
12487,0.05225817885310866
12506,0.16435397122760761
12509,0.04409815159268363
12517,0.26487166521948724
12529,0.04726779695160291
12536,0.1630848014603298
12545,0.12395368273666343
12551,0.061129567145799174
12553,0.07132820350819584
12555,0.053103132588722554
12562,0.152070597231676
12564,0.19395851099936084
12568,0.3271010712914503
12569,0.046045627551739764
12572,0.04191892634459073
12575,0.030583440943360525
12577,0.09612290600186309
12581,0.055624379218679146
12588,0.1349304432994274
12597,0.08135888889486989
12606,0.11996435121282249
12623,0.05780497099773592
12628,0.19140045502782677
12636,0.0461382461094091
12637,0.21927158216907663
12645,0.13083251855516145
12646,0.11640435653510045
12647,0.11851047241107067
12655,0.3227589484055272
12662,0.10091713439454997
12666,0.1765217584545786
12668,0.140503820141016
12669,0.08668514749781946
12672,0.03652103323130105
12676,0.2507668740900218
12680,0.13823137748897357
12684,0.33566125055171964
12686,0.030859664419246296
12701,0.1941521713044304
12706,0.10440355154730223
12729,0.04764799628540386
12731,0.23286160876713857
12733,0.12577704114949034
12745,0.47668339011065997
12747,0.20508635685486118
12748,0.3371469212309819
12751,0.06551366909550979
12753,0.12082580689406586
12761,0.1024918517074115
12776,0.07677077192895264
12789,0.06601543820276203
12793,0.05726610771462215
12801,0.10748933635400304
12807,0.2459276701392597
12812,0.08431814416491677
12815,0.2268992489182552
12825,0.10328614745686451
12828,0.06943793252713916
12829,0.26602318126179836
12838,0.14535722161782363
12851,0.20573141937706035
12857,0.07250291816935919
12862,0.2687150517395455
12872,0.079967784989202
12874,0.0647642988382625
12877,0.050023668025465255
12886,0.02396893360133167
12888,0.23916885442524718
12890,0.25986166585802706
12895,0.05848949394519442
12896,0.15639087736229873
12902,0.1318425661369069
12903,0.18020458352094224
12913,0.030076254055119128
12915,0.08914750827710359
12919,0.028747324748665704
12927,0.03575273159704994
12928,0.15228220578423282
12930,0.10495764262916943
12931,0.18255118532855183
12932,0.06237067497001179
12935,0.21172975228510652
12939,0.0292530074834919
12942,0.11174639135074146
12949,0.2084425655595639
12954,0.35369196226804245
12957,0.22336050130088983
12973,0.27555821670095615
12975,0.07272341598776787
12988,0.3200848008634422
13009,0.12123276347701147
13017,0.02171066328027446
13018,0.11258175014116412
13020,0.04256600286013251
13026,0.10526101464898224
13033,0.25033709413953836
13036,0.13326105194007462
13055,0.04931997980055673
13061,0.02556643223892524
13066,0.3113731505982566
13071,0.0970023863651617
13076,0.23934512212974893
13077,0.15145886892427993
13080,0.17758010922272627
13087,0.24369768851762388
13088,0.15521392880704504
13089,0.09206235108487328
13111,0.030627865696175663
13115,0.22562422447821476
13121,0.1559861434171442
13122,0.2693170751150575
13136,0.21606467969516266
13143,0.023029136909302274
13147,0.22402136945422937
13148,0.06858139714526579
13151,0.09962863728697842
13155,0.08627697770138514
13166,0.15271123666104297
13167,0.23932200681941035
13168,0.10383828743862553
13169,0.08770805548707498
13175,0.08914046371971987
13179,0.15388686464712803
13183,0.035462700529197186
13185,0.29468761362920487
13186,0.1445758761285402
13189,0.19175530276063582
13195,0.24044608523734232
13201,0.08044060431884612
13207,0.084755282769816
13209,0.147093137827456
13225,0.22748457563663996
13227,0.024871414677806417
13268,0.020672191053152458
13271,0.09996309109733988
13274,0.10640050159949213
13286,0.3315142993245995
13289,0.26213097410425223
13308,0.22496881452848702
13321,0.04556807406489137
13322,0.30963229079624205
13324,0.15590502621755803
13334,0.2798424181562201
13339,0.0789521994333006
13343,0.18867570579346174
13346,0.06643624134594392
13349,0.08226533453557644
13362,0.09661195743451648
13369,0.26441678627196763
13376,0.16907658465240213
13381,0.02017765911385908
13396,0.0722025743040372
13402,0.08781123136584482
13403,0.07291430655890367
13411,0.06631598049603948
13419,0.046046196051920237
13432,0.08752825147555762
13436,0.08049465962063053
13437,0.13696857175202354
13458,0.13638471780575678
13463,0.16867234156952834
13464,0.10339409802088526
13465,0.30790498967238966
13472,0.21768561691374816
13474,0.1214997150058175
13484,0.07771978628196949
13487,0.037839421156876024
13490,0.07108685406596064
13493,0.17795281812331068
13500,0.02825058513745411
13503,0.11300433936370498
13506,0.05717557467689071
13511,0.2527890198014403
13533,0.1734925938417448
13535,0.32279848789352233
13539,0.24334113987735845
13542,0.21257629802540803
13563,0.16536986751487195
13566,0.09905343961548134
13567,0.03076437954923176
13568,0.14500269389168316
13569,0.09973588978958084
13575,0.10309683055862734
13576,0.054391615888819855
13579,0.21712131203579005
13584,0.28950514444741676
13585,0.0989767412569182
13586,0.22899399733759637
13589,0.07264174208680907
13590,0.22799995555368138
13592,0.17230265566498126
13596,0.2590870764348552
13615,0.08446765548586796
13617,0.2359713369395402
13618,0.2545677050949908
13625,0.08239483088607093
13626,0.04358665493941152
13630,0.12141959046471978
13632,0.2575306593298637
13637,0.019245175285948293
13638,0.14516158592849943
13640,0.24261543312873748
13644,0.04902441060394
13646,0.08553984873438067
13654,0.08117887470170633
13662,0.0735277220310706
13663,0.028866088616608384
13678,0.0900440753780237
13680,0.2856593015281928
13681,0.11386687034020031
13686,0.2356066547699879
13695,0.17384306746150988
13696,0.024814651168101283
13697,0.20115743528872365
13710,0.19564816919084507
13719,0.1395692140613069
13721,0.05495021155287938
13723,0.020866037756179297
13724,0.13799845643834258
13726,0.27679511221120007
13728,0.04855946140179373
13729,0.04337821199044645
13751,0.2735921360042429
13752,0.09098864536737762
13763,0.30450949861789134
13769,0.07088506353817678
13774,0.11213112272469333
13779,0.06980997236428088
13787,0.11641824497989581
13790,0.02369609601690046
13796,0.05931613361683711
13799,0.19925332299477763
13805,0.2824816279135384
13810,0.07002429185451457
13812,0.2531722564438306
13814,0.200146673848873
13820,0.026213348553767554
13825,0.30458773824270535
13827,0.06497795230437951
13835,0.2323416451298466
13837,0.08782450835104537
13841,0.035157942219024185
13842,0.1899061313455513
13849,0.06063012467706911
13852,0.044089272654782116
13855,0.08336434486576255
13858,0.16500982114541482
13861,0.07341069045701366
13862,0.04242092508981054
13863,0.2689112203583924
13869,0.25121072755474977
13870,0.15592493177114075
13888,0.10948473867818619
13896,0.26438029141831987
13900,0.020750026492789606
13907,0.10046686457685278
13912,0.060841203417781584
13925,0.062271392655728244
13932,0.038006940918210545
13933,0.22644175456676918
13936,0.21428574496150188
13937,0.14786762393842406
13945,0.25104806593413054
13956,0.15770213881663747
13958,0.24313196453224442
13967,0.15123516754167876
13968,0.03951443352290827
13975,0.035376260989242646
13993,0.042802431111641476
13996,0.051159460692693386
14008,0.12112035211701837
14012,0.2877400315460748
14013,0.14656449646897443
14018,0.08521800593058147
14022,0.17428253876904498
14023,0.06634986331168208
14024,0.2032848207554005
14028,0.37280390157665694
14034,0.1598176825848873
14038,0.3584648406338683
14044,0.038214944858517425
14054,0.2819701550519604
14056,0.05628618580852173
14069,0.34181245465118204
14073,0.20079921354731178
14074,0.07192739731279517
14081,0.03132251885437053
14085,0.16960940699599963
14086,0.24368627490090639
14090,0.024708924112433982
14094,0.19134071718924395
14107,0.10070208627870532
14108,0.04270576788687058
14117,0.1935204662239069
14122,0.14375254227766468
14137,0.0302032227011963
14146,0.2802434497894242
14150,0.041221277394729736
14151,0.07572075622768772
14155,0.11909134460022304
14159,0.21370512973152755
14160,0.25773432341427643
14166,0.03741366801010333
14173,0.3351287608347833
14175,0.08723040431730762
14185,0.23801602893408613
14186,0.08665132955362036
14192,0.21823085812406673
14198,0.09536326298693955
14203,0.1821486081910688
14209,0.12464004450802964
14212,0.10696845415625839
14213,0.22720659125623227
14219,0.08384989826744142
14230,0.03636236214137812
14231,0.1344768401708076
14235,0.12580385625106805
14237,0.020514198113872253
14243,0.18975786131537145
14252,0.33243485879872264
14263,0.23591771895067715
14269,0.1743225591586582
14280,0.2375001538804627
14282,0.28322861649340686
14295,0.08022861514491644
14300,0.1925760888209444
14303,0.1348935359710657
14307,0.026259552640494416
14320,0.12500989708222615
14323,0.05545267596457457
14324,0.042422745876736764
14332,0.15343780717527725
14337,0.020796429105979765
14340,0.1726539660824715
14342,0.07776306632451084
14346,0.06525416099461633
14361,0.02034239784384109
14363,0.06853269543601627
14365,0.16331192374477474
14406,0.1293669101566522
14408,0.047148451667869636
14409,0.02867672154329366
14412,0.12147275698789746
14416,0.10273124316013643
14425,0.2569249261329486
14427,0.1853819889468245
14431,0.2359242941079557
14434,0.11005983217572733
14436,0.20737133664398438
14437,0.09488784389486067
14439,0.14548801740830747
14444,0.11632151566509569
14446,0.24589912218796295
14452,0.20111989742436406
14454,0.11565754699157696
14457,0.16915396013203765
14458,0.0830874427515914
14459,0.1424066583158291
14461,0.14450968562734173
14462,0.04179662562665841
14467,0.14312626660312158
14476,0.37206612227783814
14482,0.037999514138097906
14485,0.05234935460880046
14493,0.08337991448363412
14500,0.06087220326235771
14502,0.05196609774256029
14506,0.10539184195222805
14514,0.2885566412087265
14515,0.022423233247993196
14522,0.1214396227984133
14529,0.17459006289210888
14530,0.11417262579599936
14534,0.14895807643216824
14539,0.132441806943059
14552,0.12783720151033043
14560,0.1708994830541894
14569,0.10056028925253092
14575,0.22974673529560696
14590,0.07244548501882402
14593,0.03175021152038443
14598,0.15371635415473534
14601,0.08573103597336958
14602,0.08102362550708712
14605,0.18593553062467222
14619,0.10954098800256312
14620,0.0945413982540731
14622,0.12963503619127106
14625,0.016325462690917128
14630,0.0351416771054058
14631,0.2514979274547336
14632,0.028512188836759433
14645,0.09705181772918486
14653,0.17266577017498796
14654,0.09467163367755052
14659,0.09559326673842877
14667,0.10082633383573017
14674,0.11270625915952409
14675,0.14038956296338975
14678,0.013011735442003045
14681,0.20521617521627034
14690,0.017124084185419178
14702,0.035312294087104956
14710,0.14778715606753912
14711,0.09094899316971057
14715,0.11247505749593878
14720,0.16835114937723594
14721,0.10809147328933326
14722,0.10617507796554002
14724,0.22929268850491563
14731,0.01985317824368324
14735,0.13397724796991362
14736,0.11982033468667196
14738,0.0941606965057787
14740,0.21472794081532415
14747,0.14451559767083547
14754,0.0825263452613921
14755,0.07037809779418966
14769,0.22137203271443667
14770,0.23764476321969
14776,0.16697647964269619
14784,0.2609791087931186
14793,0.15474968631965932
14796,0.10670349174283049
14799,0.02498220179038094
14801,0.06619200846753774
14807,0.12088108443649129
14811,0.07726015433655015
14816,0.18337127034684744
14819,0.07744225846672838
14824,0.03918191149534237
14826,0.09718426575439817
14827,0.38859910554051474
14828,0.16645712870234913
14832,0.14207996184545427
14838,0.046545520675053534
14840,0.31611564067144843
14848,0.4259168228566914
14850,0.04991664684858907
14856,0.045606361429108455
14861,0.12348253551561267
14873,0.30119371196039163
14874,0.20263707311690365
14876,0.11710582471972257
14900,0.1338006967115676
14911,0.34119685103553804
14912,0.31993705611534645
14913,0.0380194599361449
14915,0.1861312480000714
14931,0.034752821722433866
14938,0.05004012637256909
14950,0.03973297096125758
14957,0.0753345682187037
14958,0.10832766704342385
14960,0.08560383207462628
14963,0.287364488156811
14967,0.1007754895772091
14968,0.032184692513706634
14974,0.055719354649496254
14978,0.1335440256451318
14989,0.3674328179809671
14993,0.0783202592109727
15009,0.0640371672648758
15010,0.12211628853273236
15014,0.3914290126027101
15016,0.18269532106915803
15023,0.1218736005291436
15024,0.09045838349194225
15035,0.03491906912125457
15039,0.026421624097828618
15040,0.06735054675121609
15041,0.10243391104424358
15050,0.2192217766915824
15063,0.20886573556002236
15072,0.09230526602662013
15083,0.12470492618618771
15085,0.18528770197923655
15087,0.070125520539936
15098,0.37696388529564795
15099,0.19347261757601536
15105,0.04473721932680974
15114,0.10022422002008051
15118,0.09513434974750781
15124,0.1235430711268532
15125,0.19809800326405777
15136,0.05877906752846947
15137,0.20640447276205945
15141,0.3045361105076957
15145,0.3370240627596365
15151,0.42763711955643674
15152,0.015412061396762213
15153,0.03827040094028521
15162,0.2482145801070948
15170,0.061486995468946204
15172,0.28648924979219714
15173,0.07654990041123216
15191,0.022478944429966043
15192,0.025773557756345995
15205,0.06805910725498523
15206,0.04766044348135356
15208,0.04921803802158304
15211,0.08622952331521279
15231,0.11640239418289765
15233,0.15567987059489988
15235,0.19168254985762703
15242,0.23426721911118326
15249,0.09667349542532101
15256,0.09974363452747635
15257,0.0810215151977703
15265,0.14763086398332825
15266,0.1142739175760703
15269,0.31113097687346947
15270,0.09587150075790267
15272,0.0609772555254824
15274,0.1751637191127564
15275,0.2801567276954874
15286,0.17682093299269772
15288,0.34376547508182737
15292,0.27461723044639164
15301,0.02777663713548222
15304,0.1492566411000165
15307,0.14966651750733392
15311,0.10619044858366597
15320,0.0174702249537903
15329,0.09701285340435467
15344,0.03909433790018939
15345,0.14360452484953953
15346,0.0870298006523614
15350,0.2587479855896528
15356,0.13604379106809217
15358,0.20962979405527365
15359,0.08024992689278126
15361,0.23845112354870154
15363,0.19120522759621256
15370,0.08591450657822321
15377,0.3859079735914356
15387,0.12167185575609067
15389,0.1934704773159584
15400,0.01716902812356072
15406,0.2593985922668712
15417,0.06022143182346265
15423,0.04905424526561136
15433,0.18879881439499954
15445,0.12327413959237364
15448,0.07854455823772484
15455,0.1021738682126146
15456,0.022674761777021487
15461,0.08181556563574485
15463,0.1970751975718872
15470,0.07580057011580045
15475,0.23303937259785462
15478,0.03347047022135338
15489,0.2877071865955233
15504,0.02097140767119865
15509,0.16630233236883193
15511,0.09844265371181679
15512,0.09999596900754404
15513,0.06947073795322586
15514,0.32413574549726526
15522,0.0357419639902898
15526,0.04391376983543872
15528,0.5407570841623895
15529,0.3094423652072899
15533,0.016987177890641456
15534,0.08946378323021725
15537,0.15595271410194186
15544,0.013401952718609804
15578,0.253595688903523
15584,0.15497693072436292
15587,0.100005877912116
15589,0.09068725514570852
15591,0.03136835507127349
15592,0.18251483529679643
15596,0.051837890396777754
15603,0.20668643488418836
15606,0.21084283837059065
15612,0.05656226651460532
15627,0.11427291159735777
15628,0.10910357794414935
15629,0.13117080919694402
15631,0.17914290907805003
15636,0.3316646569171735
15638,0.10928071431165616
15640,0.10159235532746641
15641,0.15555338683420175
15642,0.2108524221986356
15646,0.14410195960531777
15659,0.316826301685564
15662,0.05365253060901884
15664,0.05655414295051416
15665,0.18420345785560044
15669,0.09101712885267776
15671,0.20735850175221887
15675,0.07258685042358903
15681,0.06443166527505727
15685,0.2432641090054786
15688,0.06460289943190649
15699,0.06865817058814196
15703,0.4168672210551326
15706,0.2537904980941495
15711,0.4354805591031243
15723,0.09986227016663271
15728,0.06038970334279805
15732,0.19052876259318813
15744,0.18706883959206003
15753,0.13179299078397716
15759,0.04404918578925313
15768,0.211655108817751
15770,0.04655904749252784
15778,0.20990688483959968
15779,0.15635640190030406
15781,0.10325120523300764
15788,0.21551790430500659
15789,0.10648176494762493
15791,0.15743186476921334
15805,0.3139995153054295
15812,0.4286319030774617
15825,0.2214848076471364
15840,0.07955693856263976
15845,0.08413610856022108
15850,0.08089977998946526
15857,0.3121922975299199
15858,0.18949279151761697
15867,0.21233214949782894
15873,0.35374613365131713
15882,0.12197580799997376
15884,0.06481302475212974
15885,0.1296583518406058
15887,0.05958203671070652
15889,0.0946317241593045
15890,0.4511961896071757
15901,0.16919212759587116
15912,0.18173477948567865
15913,0.25889182170727404
15917,0.2691631783578983
15920,0.07854798786533437
15923,0.07399486588290333
15927,0.23077530768466745
15939,0.1817567569805449
15943,0.08835493443130009
15946,0.1961514512489255
15951,0.09079500397617409
15954,0.15217649207029785
15955,0.14368759556425537
15959,0.12175470711247789
15960,0.04008824329609038
15968,0.05924339139762173
15973,0.2091372815254672
15974,0.023246340532476272
15982,0.13127306171973172
15985,0.2594196425783703
15991,0.11139105192183317
15996,0.06046129871753108
15998,0.18671387109352314
16004,0.08185193005348171
16006,0.017253894614919562
16013,0.17869337825727113
16028,0.0365130093912496
16029,0.08546873559262383
16036,0.04185918267528966
16038,0.3934043443954232
16043,0.17626130388149286
16046,0.09856866164345562
16052,0.08783888052982056
16055,0.23300203578212034
16057,0.030683936273082853
16062,0.13736273873471097
16063,0.16974836146730102
16074,0.07480912439556008
16085,0.2530239217433779
16094,0.03984030795546979
16096,0.13086984012857583
16107,0.2185769428754132
16112,0.036878564858189716
16114,0.11915908766218748
16116,0.20929277348717854
16118,0.02377870444250665
16121,0.08625465006173208
16123,0.0615458240789501
16124,0.10063683593748615
16125,0.10583538175460942
16129,0.21892710802590873
16130,0.22279528389397502
16132,0.05802242490906116
16147,0.058821275827950915
16151,0.03124923249940627
16155,0.08354616078539397
16158,0.18820839622550586
16161,0.3116631968809345
16162,0.08545209112019578
16164,0.025024062250446802
16166,0.23618786522841528
16169,0.15121790927167358
16180,0.24979593004425357
16185,0.012785499826298044
16187,0.04996470217375666
16191,0.14486707776706417
16192,0.22247143288873344
16195,0.1602490114421993
16202,0.18624688897535496
16205,0.06549934527242873
16211,0.09235102234253477
16215,0.12495653019921789
16223,0.019449711786260124
16229,0.32414097433798955
16243,0.14412880369319422
16244,0.11786441147856742
16252,0.14113229683734946
16253,0.017522130366727097
16265,0.1957861953246665
16266,0.10332031923330569
16286,0.04937543734548985
16288,0.05001941344262414
16293,0.025981241009354956
16302,0.1632666312881435
16305,0.07735101925390946
16325,0.21477042129516535
16327,0.05208789305690091
16329,0.3078788575885647
16330,0.2853937600706338
16337,0.05588864288160011
16340,0.2711723465180908
16341,0.09360824232731722
16343,0.20208365860122057
16357,0.27557401108004154
16361,0.09831771777260778
16362,0.21332589629694013
16365,0.11184639210190615
16366,0.11715044681991306
16398,0.48178810293460395
16405,0.08790577520594563
16410,0.12493853792208516
16412,0.055787774835586335
16417,0.11224971071837823
16422,0.055211929210081834
16428,0.23497064393966102
16434,0.2672833492883795
16436,0.09114246496033232
16443,0.024720366409801863
16444,0.2534498707127943
16459,0.10977841680650452
16460,0.17821836183852516
16463,0.03314671511483512
16478,0.06232896267846802
16491,0.28652799084231856
16493,0.02822736156582533
16497,0.08354686265784154
16499,0.05849216478425163
16504,0.1271311373239259
16510,0.3742283465713233
16538,0.21369230175849205
16542,0.19602534873467561
16545,0.08069674973677576
16552,0.14819265709179305
16555,0.16602694547123764
16556,0.2624263827458369
16560,0.089686476761098
16562,0.11717866849416397
16565,0.02301449064625441
16566,0.12707478253223004
16574,0.18489655887145254
16578,0.08639079458052486
16583,0.11419045704623193
16591,0.12954055497872718
16598,0.33617616998086014
16600,0.06257949889427114
16603,0.06490561625243704
16617,0.10597280317507161
16641,0.02488995982516955
16642,0.09712885659260032
16646,0.09789928497728739
16649,0.09348044683663846
16650,0.09051241885851674
16655,0.038499970751242306
16668,0.05795258566853603
16676,0.04576475449176306
16679,0.1552923060971579
16686,0.02505466310565951
16692,0.10801634173720488
16704,0.0664184307996915
16716,0.08756690258808121
16723,0.24725392620262757
16727,0.03484345064888028
16728,0.14861128443061034
16738,0.17953275052024584
16741,0.2791320555860313
16742,0.15321566799969247
16753,0.20815566378818687
16755,0.36455493094654023
16757,0.05900867701485555
16760,0.06699915908386418
16762,0.13044094218842592
16770,0.061296760867696004
16772,0.16907007536839436
16774,0.28073534230803837
16781,0.18278546633860143
16782,0.06884507385608774
16793,0.1281386271385436
16794,0.19194262768314266
16796,0.156114007899305
16799,0.03377017351235263
16800,0.025639695575157488
16803,0.03629549874042848
16805,0.039005952399695974
16812,0.205945597509043
16815,0.12052563429438116
16817,0.07490483518824899
16819,0.09388187590438492
16820,0.15006783004167148
16827,0.23505551379852158
16828,0.2375452318614126
16831,0.15197870151038417
16833,0.1418399879753059
16835,0.17838265081650032
16836,0.031844493092549414
16841,0.12301561124540732
16843,0.041853594123408826
16848,0.23551417968082453
16849,0.11801248040925663
16856,0.22173886944910357
16859,0.05327142385967935
16861,0.11631453168789943
16867,0.029337980987143384
16869,0.06797072096437067
16876,0.3164629942993771
16878,0.14443871868673935
16881,0.03220005666834911
16884,0.056601310864404134
16891,0.15300027002843686
16895,0.03817318949546016
16909,0.1563700199904936
16916,0.30631930695865517
16919,0.06666213726205794
16923,0.4025675944285043
16926,0.30391486600580414
16936,0.02393121816524827
16945,0.11157946481788959
16946,0.05515086896849924
16948,0.12008202269637144
16954,0.09810828246149965
16956,0.254725130731002
16978,0.12801990495023718
16981,0.08048698627122253
16983,0.1423747580986694
16987,0.2594150158119939
16992,0.08715099213846322
16993,0.27325458082299314
17003,0.08743238528579307
17004,0.10078052790882275
17011,0.19606040784114184
17014,0.05016134516897683
17017,0.08735779066891973
17031,0.104873442512187
17032,0.25647845047423257
17036,0.07420762963922713
17049,0.2721421638949543
17055,0.0335019222044495
17060,0.07473098006289879
17062,0.28487675604446094
17069,0.12273223015494097
17075,0.06877341541463645
17078,0.10218798730271322
17083,0.046192950142203135
17085,0.1401859195243376
17088,0.3527445339430246
17089,0.033677259235308295
17091,0.28871463951232607
17095,0.16305384421543162
17096,0.040424845880461246
17101,0.14999268689170073
17107,0.12670000423792843
17112,0.1822851787701925
17117,0.17579798555435372
17120,0.14957493712355666
17131,0.10545984873092944
17140,0.07854570423720604
17141,0.08727661810248664
17150,0.21191993789959762
17154,0.10985293784208222
17155,0.13631458396618717
17157,0.02283203125669415
17163,0.01291097139761284
17165,0.06176090936919502
17167,0.06378040601393363
17174,0.30013475915309157
17186,0.1694347207284507
17189,0.2605208550844077
17190,0.12339616420723955
17205,0.0407089102702119
17209,0.1174838346631926
17210,0.16342985130013696
17215,0.06091275516898477
17219,0.0204350808416313
17221,0.3016744423485332
17222,0.14348432650827858
17231,0.04832432278254239
17232,0.07399274057454897
17235,0.11083599351520244
17241,0.11580775137534735
17253,0.24013498955484566
17268,0.2981089877743458
17270,0.25940540220875924
17275,0.09542864869776774
17278,0.10748046774227095
17280,0.115863556065852
17281,0.11490162845018906
17283,0.2664595232629141
17284,0.014595048996496768
17288,0.26889328482581093
17289,0.3630325529458091
17291,0.06859950979757319
17299,0.21987956292794314
17309,0.04813776287560308
17310,0.17378903945862834
17314,0.15120979288453962
17315,0.044000035954422145
17320,0.1332351373354747
17328,0.12972619520414427
17330,0.16896017094418664
17331,0.20658660567499074
17335,0.10218713619051258
17339,0.03604550188328623
17342,0.11275089523416432
17368,0.0895748775947118
17369,0.08444430527490883
17373,0.07482448281531229
17374,0.27932148073997143
17386,0.30050757995975047
17396,0.10205491160959673
17399,0.3000030044726308
17411,0.07336213394563999
17424,0.13146328302254526
17429,0.039198684209421845
17433,0.07904101351555519
17445,0.09921687361964447
17453,0.21287177906530433
17456,0.25307422062750257
17461,0.1178059424153681
17467,0.10162863523565709
17477,0.19165759754775796
17481,0.07423730522357276
17498,0.11105521886346348
17515,0.019660442743959426
17518,0.16393632076770287
17520,0.11159232724186982
17538,0.07009322363655607
17542,0.03359505464801247
17546,0.06473841901839374
17548,0.08644620495749963
17549,0.019375093816690735
17560,0.24995124243401354
17562,0.2330632765034784
17566,0.058011665701946526
17570,0.18067479577746978
17573,0.17887246075506108
17588,0.04449444314312731
17591,0.08139690465725007
17601,0.26041621373954293
17604,0.053664550126363945
17606,0.09097781171915938
17610,0.16079978624161342
17612,0.10721419969024143
17618,0.08225965680830176
17623,0.012358887185431136
17629,0.06672254810209448
17631,0.10114609738024029
17639,0.0516601759681029
17651,0.06868025400241685
17653,0.059382061633597334
17654,0.15880263412970846
17657,0.25984934497639234
17659,0.19534914876103174
17662,0.026807006149079833
17667,0.023459821549530586
17668,0.14377476670771594
17670,0.3612445722732224
17689,0.12494767164272888
17691,0.08460722669502767
17692,0.06038058382353447
17697,0.040231002657665035
17702,0.10986429368670597
17710,0.10602496888112417
17730,0.2651845670219037
17731,0.31101015241094815
17732,0.29347740349403845
17734,0.10367933978426148
17735,0.03558568156858497
17737,0.0846993713137414
17738,0.3842508071193118
17745,0.11746593310021629
17747,0.20063467392517137
17751,0.09672488293600712
17752,0.022188228265818708
17759,0.1309112181182365
17762,0.10045921160230442
17763,0.06965239945202824
17767,0.16100452254368933
17774,0.04900421576639366
17777,0.15419297440163382
17781,0.05994537103691195
17787,0.08601284870186982
17788,0.08118870274031204
17793,0.1807481968277674
17797,0.26385095618853427
17803,0.09375050435839585
17805,0.23363176979745584
17806,0.041463394543252464
17814,0.012654538328883844
17816,0.09099561786525415
17818,0.04794285038124122
17819,0.17297980232809862
17820,0.33630973993256746
17822,0.10300281420472972
17827,0.09907482287044019
17830,0.06430623018218842
17838,0.3546561301262249
17840,0.18118678587823078
17846,0.1623441566789415
17856,0.04612381258300089
17862,0.09892872866772046
17870,0.09406208625663748
17872,0.07471732681238612
17875,0.31276039698212826
17881,0.07618243277933535
17882,0.07641584692872289
17889,0.08582338464398255
17890,0.015031947411681849
17892,0.1576418825424538
17895,0.38935753804771805
17896,0.15758714233148585
17902,0.10155987287381847
17905,0.1308046745968394
17907,0.05143123602011668
17922,0.21140070398683802
17927,0.08762227297739056
17933,0.10510719858909111
17934,0.21530480060547044
17937,0.15146923414806457
17941,0.033920512573649725
17946,0.047435227055607196
17956,0.18611077101568402
17959,0.09621692846116577
17964,0.025496966296881685
17969,0.06759799397693274
17975,0.04137550808109528
17982,0.06998918833344861
17983,0.0480568742997005
17985,0.0779809714813754
17996,0.2329088355183256
17998,0.0372036070472445
18002,0.30390353874284476
18004,0.0590753455782845
18006,0.13523820043660645
18007,0.08004730943993063
18028,0.10149614895517217
18029,0.13546546081525557
18032,0.03393227463804387
18033,0.11155124110226507
18039,0.014595621965317005
18047,0.18815753331835325
18050,0.04713416670066015
18052,0.2651554826890713
18053,0.22447565094600036
18056,0.021953279934186075
18072,0.11900027274589084
18075,0.0906033222365127
18076,0.0635823659191073
18084,0.13138603007577573
18088,0.12421292887807818
18095,0.10526270679704651
18100,0.045660676254871094
18104,0.055019928197209765
18105,0.08195057926939624
18110,0.06727359073663308
18114,0.02447419142101026
18117,0.02484797854912417
18124,0.3078868560490706
18125,0.1470113033536369
18138,0.058863645218547915
18141,0.043012059166199226
18144,0.022343460712680736
18151,0.02244148783377773
18154,0.12098811613658678
18156,0.1480317835287888
18162,0.027325319082190817
18163,0.20475669971762406
18172,0.09227017687464564
18175,0.11198196909686993
18180,0.1442987248556651
18185,0.20521369107307616
18188,0.22456268339907529
18190,0.04963468570436353
18200,0.09654767463805068
18205,0.06782641351073511
18208,0.14980094413031042
18212,0.1347842101449483
18214,0.03969699466325582
18217,0.07246569677452513
18219,0.06109976953725642
18220,0.0744653755476741
18221,0.11605577128609154
18223,0.1233160152590043
18224,0.07241738357886325
18244,0.1374000314878711
18245,0.10037106729591999
18257,0.1271188095419878
18262,0.12124138065905626
18263,0.1565289116416462
18268,0.0396711377506939
18272,0.21240930310943454
18273,0.04660332033104814
18274,0.13739469019785128
18275,0.3149138871232036
18290,0.092017674265967
18292,0.06489970176358358
18294,0.04886696830434317
18298,0.10253506237451875
18301,0.22370258785227734
18306,0.167554969643764
18309,0.18498483578712704
18310,0.328635706328636
18313,0.2340159785558406
18322,0.14988326341630426
18325,0.2201358618946266
18328,0.18361915336773893
18335,0.19797202660070465
18341,0.14996467223094354
18343,0.1439508886462247
18361,0.04370035282287382
18362,0.11429676362883198
18365,0.04277761967556888
18370,0.08205661348873948
18371,0.1273106087010511
18378,0.04923624666834399
18386,0.08763111772227149
18396,0.307814152975272
18403,0.01849905100641872
18425,0.0355197881670824
18436,0.09238042614010644
18437,0.2264460887985386
18439,0.05345197286090385
18440,0.17741568936377444
18443,0.1340221932349635
18444,0.15640735239224493
18448,0.09331048013622742
18453,0.3953011007869889
18454,0.1248624247412103
18458,0.20055077102936936
18460,0.2737303506828683
18461,0.20080452220872477
18465,0.11328112131737952
18467,0.1258878443141942
18469,0.21967453221178207
18472,0.08762236858227296
18474,0.1149438543459115
18478,0.1320003785168673
18485,0.02291532559071156
18489,0.32624686269395714
18494,0.05569281457133526
18495,0.15728587869353586
18497,0.24294707906154767
18500,0.08735223894942871
18514,0.35373481099870224
18519,0.06750621772938821
18527,0.2364482000716686
18530,0.17570123682700978
18531,0.1611082411595303
18532,0.08987262044119111
18536,0.17906026999579105
18543,0.11278193140345383
18548,0.05404336741930076
18553,0.01697090520336094
18554,0.06341308676560148
18558,0.03295495751592103
18559,0.11670706793290038
18562,0.056346846885665124
18564,0.08121119349365061
18569,0.05637293984257513
18581,0.04037137433668167
18587,0.19576290506847074
18590,0.07080403154828133
18605,0.24862147121632663
18606,0.021164384237047303
18612,0.10285634472385058
18616,0.06270614872481883
18625,0.32816594977866054
18627,0.0947900062067102
18628,0.08382911539877368
18629,0.06997996721755154
18631,0.15757221261594154
18637,0.10127856017785188
18639,0.1306259145604121
18650,0.04790706688994759
18654,0.09585945289243739
18657,0.2881869318433036
18664,0.07208683266249014
18668,0.05454118378717861
18670,0.06820253488348638
18677,0.035713932190431064
18680,0.13886545328467664
18681,0.10769872324745458
18682,0.21201360289703075
18685,0.14687389019284217
18688,0.11765904337413892
18691,0.11784768391378879
18694,0.27127736581297446
18710,0.02113299224681443
18711,0.2522526136328286
18715,0.06034428597982926
18726,0.07797827640802658
18728,0.10712915560510228
18733,0.09384241012089342
18738,0.12008737233400343
18743,0.024148121521513733
18746,0.16916901752633953
18748,0.21480495734465496
18755,0.33234833965391725
18759,0.14713136203149216
18761,0.19069226437320486
18763,0.18509290164629263
18764,0.2685420696305459
18765,0.08092936298931115
18770,0.15956115157284578
18773,0.20054214506386003
18782,0.10114414680594583
18787,0.10283214720761073
18792,0.10761291808526355
18793,0.09207792866121237
18794,0.09187385002234513
18801,0.05224268227888545
18805,0.03706840295672389
18807,0.22492507653400892
18811,0.29306190475395255
18820,0.15551499695393417
18821,0.02822361513361619
18822,0.06160691639011988
18825,0.06213591576529
18827,0.14915935580494297
18831,0.11968931921720866
18833,0.06572739997767582
18841,0.2631106678297749
18851,0.21063910596814853
18852,0.1325733140949236
18857,0.04002658895123923
18865,0.24791066409191703
18871,0.037234817433588925
18872,0.09577342195751319
18873,0.08869072823775341
18876,0.17984465147979967
18879,0.05832867793941544
18885,0.12151291794943571
18887,0.13316674384109145
18902,0.40876777104811945
18905,0.26174851948526456
18914,0.23398489290942573
18915,0.3785716199191577
18923,0.04917700159843833
18924,0.09536422392381282
18925,0.15051558727316527
18930,0.06998722229985327
18935,0.23080369748191937
18937,0.24186446974092
18941,0.4126823784854481
18946,0.2379771024148997
18948,0.0864455884657539
18958,0.08596549037574527
18959,0.025816413096488362
18961,0.060722151182179315
18964,0.247801575238711
18972,0.09698127454906351
18975,0.029263378262454856
18978,0.11889018575773873
18985,0.16784835693619585
18988,0.08722969357022654
18991,0.13435948509076692
18998,0.056717260014067114
18999,0.05404913423424592
19001,0.07835693093016903
19003,0.09116968107926013
19005,0.2503524040340582
19013,0.18174187813849618
19016,0.09219672642241589
19022,0.10081134747847724
19032,0.08645045233151767
19036,0.09320744579409625
19047,0.24630352453069662
19048,0.08567658776347498
19059,0.3390937496914852
19072,0.03863943311331074
19074,0.17754508950851394
19090,0.3789658402798534
19106,0.027808156619061074
19109,0.1181045328324194
19113,0.07315855771610735
19114,0.13357368446466478
19129,0.17389720541191586
19133,0.257747591616207
19138,0.0980365733719525
19139,0.19219145434059137
19144,0.16042357711903976
19148,0.08281503658076501
19149,0.13726340182904528
19152,0.045996635825828726
19153,0.1287756142202144
19164,0.11604969134662876
19188,0.04010737536445581
19193,0.027451541263460007
19194,0.12717608225658827
19198,0.05428332061433148
19200,0.16386104739438914
19204,0.07512954510839973
19207,0.036733687475620704
19214,0.06058485268590842
19215,0.1341741665003287
19225,0.10245635086737577
19226,0.09969930835018244
19236,0.17479609012105918
19240,0.04022805809320116
19261,0.04015502108968361
19273,0.07318908253586495
19275,0.14398128591029635
19278,0.053435162919948966
19279,0.03406747183211292
19285,0.12183442671922164
19289,0.1076326164298409
19295,0.24982319755928767
19307,0.062043747851807475
19312,0.12223785376125593
19315,0.10927816162479592
19317,0.27859004421096256
19325,0.2017233739621611
19332,0.21421697260379513
19349,0.13874589897334885
19351,0.0895772151040515
19353,0.050400946122006574
19354,0.18710200442183283
19362,0.2161473124141991
19373,0.2122655324072029
19374,0.13340905037490758
19387,0.13448051606278216
19389,0.13496959075251075
19394,0.06302728949766155
19399,0.25192465099254013
19404,0.055219666408630824
19419,0.0702514852275208
19422,0.17291093944178193
19423,0.17229552824318564
19427,0.1355040006034738
19438,0.29804642066808906
19442,0.142834007500023
19450,0.2147794923492986
19466,0.1759439263998805
19471,0.17620755769302285
19474,0.23721898944991276
19476,0.28616515569710643
19493,0.06814774243217812
19502,0.055741493424286886
19505,0.08715139945047118
19507,0.22928891727379877
19528,0.05895637715639941
19544,0.15953834258759886
19547,0.17325470620902647
19557,0.0238949910991916
19562,0.1129726313999106
19571,0.12756625418455436
19575,0.3674511974075958
19578,0.08960491539509469
19580,0.24138983110074336
19585,0.14774738467724055
19586,0.24145570192973534
19587,0.22380117763039503
19591,0.29337556453773406
19595,0.06763960049633896
19597,0.03970097733962952
19604,0.07747680763336275
19605,0.1334810301198883
19608,0.16145510996684126
19619,0.023027252427452582
19625,0.031216976811420355
19626,0.17609166714660632
19627,0.12070782540121833
19634,0.1394779889558251
19640,0.08479964907097967
19663,0.09552731518706217
19666,0.06711159183653892
19670,0.2973522016514948
19674,0.04979563521283461
19675,0.10222109774552715
19678,0.12623047891964917
19686,0.14172928432312595
19690,0.11349281151681125
19697,0.09400482985948143
19703,0.07706993338325296
19705,0.0872404328991468
19711,0.05685678882358617
19712,0.1351342837227054
19730,0.08643252541084388
19732,0.09128214741492395
19742,0.11858986356995983
19744,0.05094957284555179
19748,0.12590473775364402
19757,0.18848604078628303
19769,0.11727601491238743
19778,0.07265905516554165
19782,0.18124626447426598
19783,0.2389875114411837
19786,0.031452571055650386
19794,0.05956316364424805
19798,0.042276753993901905
19811,0.04930176743425073
19814,0.20716327017907044
19818,0.09182537381350014
19819,0.10911282446078635
19820,0.28648028809704096
19821,0.26860735645554945
19825,0.11307186157174777
19826,0.038227849901833796
19827,0.04078904074016178
19833,0.026986945537945766
19834,0.10680425969560828
19841,0.17980784301306113
19851,0.06850613908209609
19853,0.015487133660322429
19864,0.05940633148761953
19867,0.16738975601190706
19871,0.1572569640926497
19876,0.06527722236951854
19877,0.12071971806754765
19880,0.10722114911707557
19891,0.03690251842436702
19893,0.07887172741606209
19896,0.24000142057759027
19897,0.04702749386106448
19919,0.11771562384971772
19921,0.09720232846135601
19926,0.19073043032598497
19928,0.05064891836435766
19931,0.10195330289471621
19932,0.01881277406341917
19935,0.13898478074617718
19938,0.02945268954628609
19939,0.08187209780719769
19943,0.07215705369515632
19951,0.10217205744260004
19961,0.26169601117252866
19965,0.22423504797223132
19971,0.2963652774059152
19979,0.04086646034376845
19994,0.11093092138642971
20003,0.05439152148082648
20022,0.10160073235219023
20029,0.06480433450811585
20031,0.15353703796977083
20044,0.051598672133061296
20051,0.13739236954004155
20057,0.06966470036261103
20058,0.030280094567107462
20064,0.23990747034536894
20069,0.06772291386156838
20071,0.1370031793329152
20074,0.09364733652098187
20076,0.04960021194014631
20085,0.10667598993964802
20088,0.03536729812453623
20097,0.09054004929139449
20098,0.3164031341904732
20106,0.15083674256740956
20117,0.26269333626642927
20120,0.31155138415696615
20128,0.08320401660690509
20131,0.15963269481944772
20135,0.16610768817571128
20146,0.17468110634653838
20152,0.04475063059840185
20153,0.28382393153219365
20156,0.2190492964577082
20160,0.2222773419359016
20161,0.051592866032786164
20162,0.03214536740359482
20170,0.07664781687016568
20171,0.05684304534526888
20174,0.1124090497231608
20175,0.02309885605057933
20179,0.023028897178298497
20183,0.07403995831587692
20184,0.06708547392636661
20186,0.23077946901681745
20192,0.08522159939670367
20195,0.069408666241226
20203,0.03274082504724258
20204,0.06119338228832159
20207,0.054421221134193
20208,0.07567858376847438
20211,0.20302372376833805
20215,0.21004117226927463
20218,0.1974993072033406
20219,0.07522215187295296
20225,0.08880848387661142
20229,0.14532447753885763
20241,0.21948618024294822
20242,0.18149295063520018
20246,0.09409290365996442
20247,0.05372090662523688
20251,0.19222561259807422
20259,0.036367648900632224
20267,0.04233024355305166
20269,0.07770496781730617
20284,0.09192070629366808
20289,0.08276706794267377
20294,0.16372848131788037
20303,0.19608716840584692
20322,0.16061629669943564
20324,0.11371066862624027
20332,0.04757328142447495
20334,0.08824116266915896
20336,0.06739181215932383
20342,0.2620639032993064
20343,0.22233924371944172
20344,0.06604035415873628
20346,0.07566624540662187
20348,0.031140979648873666
20349,0.07085147180310422
20359,0.19584700053944315
20364,0.05277463931112533
20369,0.03542600645473509
20374,0.014878624161115956
20382,0.27577841726031466
20384,0.01820915466121796
20388,0.2629899787915335
20389,0.1469438402143027
20395,0.029677480879015533
20400,0.1946894464402779
20405,0.14804170453895923
20406,0.059909126685760705
20410,0.1002355376414356
20413,0.03688304674303099
20415,0.022396468072235432
20419,0.16223427146549899
20425,0.21711942373727855
20441,0.16472585583216873
20448,0.16919239687110857
20451,0.15286480818460688
20461,0.11382070246770438
20463,0.15558402008114822
20465,0.24492481124733104
20467,0.3147699623479302
20473,0.0344241119608976
20481,0.11703026901835815
20483,0.13782543596238847
20486,0.1150551364530171
20487,0.043932223324091045
20488,0.16228986713096874
20491,0.1938332441019913
20492,0.07690490878779115
20498,0.02441183006863002
20499,0.2319408175851426
20533,0.07811475790215622
20536,0.029975418934723833
20537,0.10560758397371606
20543,0.18006100322495
20545,0.07111467130728828
20551,0.08016665147468353
20559,0.309318450056656
20562,0.061544239762613244
20569,0.02703576616691723
20571,0.28613998301715593
20575,0.07020820047795322
20582,0.08255792367125066
20592,0.22935126228386515
20594,0.09765294444038349
20595,0.10418558462004664
20607,0.08962211602283415
20613,0.12341770705117909
20615,0.04166863782690139
20619,0.08876261569613302
20640,0.0681882504711372
20643,0.08892526128231872
20649,0.10653268814937411
20650,0.41704132677787475
20658,0.16536161383601064
20660,0.13065808795111622
20662,0.16634960234456797
20664,0.03481780542882962
20665,0.12376792092220984
20667,0.2774548074386265
20672,0.28123423747556703
20674,0.18392639114566847
20676,0.27010166157666954
20683,0.10069614331678921
20690,0.04015032571249078
20693,0.062324321721539185
20708,0.05313957499366922
20710,0.18230835263208392
20714,0.20469988289409727
20723,0.0999754686551234
20728,0.11696844185608948
20742,0.07802987578795922
20747,0.048190484906245556
20751,0.15548626822371425
20754,0.17853674693856253
20757,0.0879607590163222
20764,0.10363571694834489
20766,0.050343881562573044
20767,0.0935762482442846
20770,0.16940866334555557
20782,0.023638459288287682
20787,0.07822397562164217
20788,0.12181185301409905
20789,0.07019025117352912
20795,0.1366534136799029
20806,0.0839953098609903
20807,0.24982014249588652
20811,0.1906152500239576
20813,0.09239480908073777
20817,0.16263962534853654
20822,0.17451581869096597
20823,0.17377830534472838
20826,0.03929641225927483
20836,0.059170609776754056
20850,0.10392733202846247
20855,0.19571307177118658
20863,0.1324919136832481
20867,0.04139186459593077
20868,0.2109393784438833
20875,0.09044223173519139
20877,0.08741004187729919
20878,0.17150927201596208
20881,0.12175173811586865
20885,0.08452922350343323
20886,0.040506431929831145
20888,0.0887975184627781
20901,0.04315855966537924
20902,0.25794946237130223
20904,0.06110949474501137
20905,0.2693739203320824
20907,0.09290616971635439
20914,0.035097155144869774
20928,0.17037831885954635
20931,0.09702589746061478
20932,0.034629910528516474
20933,0.14140384758638394
20934,0.19365980746547412
20939,0.05748121414354769
20943,0.16686474895537337
20951,0.055336809237563435
20952,0.1821190395055856
20953,0.14099855409978523
20957,0.03608940046161036
20967,0.5042693550662011
20972,0.18356093610118643
20973,0.16248910304109593
20977,0.043738775571013425
20980,0.11241694650390653
20985,0.06906866325260255
20988,0.1722653429819624
20989,0.19502699839565188
20992,0.10461816241665442
20999,0.08915302833024222
21001,0.0972454790903985
21014,0.09911281076377698
21026,0.17232389487455083
21039,0.11851139800528238
21046,0.03953232594672375
21049,0.12251734047008944
21055,0.06763070459323134
21058,0.1533368167805412
21060,0.0874905396377282
21061,0.05466345467362241
21069,0.1330662814899688
21077,0.07781357971820502
21082,0.30362093126779965
21088,0.14208851135800726
21092,0.1276376871157997
21093,0.21960113648699708
21095,0.15246074296110107
21096,0.3176370466173969
21101,0.0449521184093694
21103,0.025238202984627325
21112,0.09658817362166597
21114,0.2160216820067119
21117,0.2880140295965544
21119,0.12064368410852187
21127,0.02626504755550563
21128,0.03961137924753246
21131,0.2084602634740836
21134,0.2395606131415705
21135,0.06769675362987829
21136,0.14682550327269675
21137,0.030103660543527283
21138,0.11379821769864082
21139,0.03788113337533951
21147,0.025230656375300482
21148,0.11584076436967858
21150,0.2319211157930264
21160,0.11169471792797515
21163,0.12608528910881553
21165,0.06391962319930286
21167,0.20289182440619793
21169,0.07950561814386205
21172,0.08607423833220897
21176,0.16227714002783625
21181,0.08318045873126577
21182,0.15118836749834025
21183,0.19279985200832633
21186,0.0854309027880814
21187,0.06585579962976998
21196,0.1751361149486021
21201,0.037927781214982574
21205,0.11279986409817373
21206,0.08411283506265985
21215,0.23017721921309717
21217,0.18020589309485532
21221,0.043939942841013775
21224,0.05859339741563633
21227,0.20104018816177335
21239,0.05091653247649157
21243,0.19693299506716566
21244,0.09263298016248349
21253,0.24988422982702302
21255,0.1757528681229629
21257,0.09610289374855956
21259,0.18778564210037663
21260,0.046276805123322454
21262,0.34386331400656456
21266,0.09387334898161631
21270,0.15850466500579946
21288,0.036770299427692436
21292,0.35332294874016595
21301,0.1151911051282521
21302,0.3270693492295502
21304,0.19818613657963308
21306,0.130993362866152
21311,0.0357810352110554
21312,0.0705668220229265
21323,0.08978079750199458
21330,0.04631481730225849
21331,0.09398188328312915
21335,0.12630784607287968
21336,0.12775770887247787
21348,0.11431126659825012
21355,0.22931174789803555
21360,0.02662575512181158
21365,0.06805270325727313
21371,0.1657878020127538
21377,0.23151810574300402
21379,0.019104599074017365
21383,0.1483292655831052
21384,0.3273123103373443
21395,0.5078357045652476
21397,0.048236618967801154
21398,0.15412331243131153
21400,0.0286024299942404
21405,0.08852343907751188
21411,0.10125809651001245
21413,0.05336387198186195
21422,0.06770898075897257
21423,0.21308864113295445
21430,0.11209023045151888
21440,0.015841800941909012
21452,0.36524963140936323
21459,0.0462368100307788
21464,0.1876304460966747
21465,0.16503950488310587
21466,0.10296926624250337
21471,0.1970933306158789
21476,0.256354491761627
21484,0.05096638462711628
21486,0.09740694440289725
21490,0.0830441996878286
21493,0.09042337354512457
21497,0.2638887010946967
21499,0.2604106874882711
21500,0.05111199867530267
21508,0.08289733540314682
21521,0.042742691343245445
21523,0.13850662638188255
21525,0.06705362671985851
21526,0.036082653364264076
21531,0.3338544315390984
21532,0.18059749798881966
21534,0.07867846456900227
21536,0.15838866173325836
21538,0.09745511361037643
21539,0.23473366407647914
21547,0.14116746739840788
21553,0.0932785846270536
21554,0.19397246570556556
21566,0.2376566103747976
21570,0.1493782250592926
21572,0.10537766651187895
21579,0.2004456583743324
21590,0.0430341308194655
21591,0.2597339914389306
21594,0.09175023949653241
21597,0.07564539560590208
21601,0.20940642926158495
21602,0.03641680807248971
21603,0.10415880901424995
21604,0.43977846184432257
21605,0.04966084672100088
21609,0.2951384530227706
21616,0.1007205164978258
21617,0.21732605635386257
21625,0.07243731306526119
21637,0.12940952399867414
21648,0.08021853090758915
21649,0.16421921575082016
21652,0.22118360799071704
21654,0.06354266252990874
21657,0.09689972942603137
21663,0.04757685417555288
21683,0.08584699371415178
21692,0.2165199727302378
21693,0.36323522078411674
21704,0.1621669734502648
21713,0.13871129355133877
21714,0.12272337693053534
21717,0.18145262518977054
21723,0.2217485240343408
21727,0.12191323387624135
21734,0.12554219112615575
21745,0.28749429842744423
21748,0.0774960023005625
21749,0.050884743402527376
21751,0.05821090664823728
21753,0.04264486128530484
21765,0.17298127450666775
21769,0.09594205802685583
21774,0.18183647276144366
21778,0.071476750479614
21782,0.08290265551982588
21787,0.0750807299714065
21790,0.07005803642412112
21800,0.21845376236768826
21802,0.3542364627899104
21808,0.021548356466051483
21814,0.10121458050671182
21817,0.278362749488683
21824,0.053395579620185714
21835,0.15535887083279187
21836,0.1366015365532088
21843,0.09729980076356606
21844,0.4344263873189258
21850,0.03007409064071547
21852,0.0910886707624426
21855,0.10348871808343209
21864,0.42056178374721276
21869,0.06949805143589668
21870,0.16478187978845057
21875,0.14928448490778848
21881,0.136265850016029
21899,0.059936815289774334
21901,0.03360891239150716
21902,0.04618382496236818
21907,0.13765686040216626
21910,0.06363525055020293
21914,0.35145187936824507
21920,0.4104810280270352
21928,0.052812981291835065
21945,0.1564747960410801
21960,0.1210480626873139
21967,0.049384463829316605
21974,0.06358785392224055
21976,0.05876769767345547
21979,0.05939132480471553
21981,0.08161074614209839
21982,0.06711562979471629
21986,0.11285131731846623
21996,0.12373857364715087
21997,0.1511797548234534
21998,0.057897652172333954
22015,0.06030794222045456
22017,0.195208444632537
22020,0.15399749209243205
22025,0.21767906449158714
22034,0.09691784522748162
22050,0.08429780664666198
22057,0.14029835392588508
22060,0.20000593478403292
22069,0.03737124424309484
22077,0.058849658073451876
22081,0.04416434610128151
22087,0.08927596303408455
22088,0.365442475442462
22089,0.14199398028333746
22093,0.12094706520253731
22102,0.0707507330527483
22106,0.09012553687422073
22108,0.12525838656578997
22109,0.12859696615424349
22113,0.08820645590771155
22116,0.11037100230832479
22118,0.10998987554725263
22123,0.07369225321301426
22125,0.07878612837244593
22131,0.12235099099227968
22141,0.047308368530027164
22145,0.02307860175637862
22151,0.1400958846660565
22164,0.2589883823095751
22166,0.161076873670233
22169,0.059302254519709496
22176,0.06136702551762391
22177,0.11786188597401655
22192,0.15927646358427938
22195,0.07190392783069173
22202,0.1489602810066452
22208,0.035688794458638054
22212,0.0819280035183738
22217,0.07144342779787241
22219,0.12111319869210425
22221,0.08293329685808522
22227,0.28678798743731043
22234,0.23798987774414798
22235,0.05741247261643022
22237,0.09661696738347339
22240,0.19783718894951743
22242,0.2777000151703514
22247,0.10794658322604242
22249,0.09486473433676754
22259,0.11885869145177
22265,0.14054776813332034
22269,0.13272822362098638
22270,0.17550842119805987
22274,0.2125807100892615
22277,0.1923282660673127
22285,0.10142309783069038
22287,0.12842185329562286
22288,0.1861695027393801
22289,0.22561984935286822
22295,0.10592917219792372
22302,0.11976860885409524
22306,0.3083206652754146
22310,0.12932363582105535
22314,0.06844745345315985
22322,0.2150705202475805
22326,0.07189218386255382
22329,0.10736426321475606
22336,0.18371630582775775
22343,0.22919580472833295
22345,0.1178461736461468
22356,0.14730955238856008
22361,0.19833082392825335
22368,0.30515335578522035
22369,0.10523715701441862
22371,0.06108185375042769
22377,0.19228280142864665
22385,0.1759689710500136
22390,0.023677490274535334
22392,0.12983008830459453
22396,0.12923691630313294
22405,0.04739812236612577
22406,0.0804418938808958
22411,0.04344627593302417
22424,0.04839194225169235
22429,0.04215807294626152
22432,0.05772926155706421
22434,0.3447322153757188
22436,0.23087294265883568
22442,0.09160555103283644
22443,0.02838605827803394
22448,0.07171176745212621
22451,0.12189970612506805
22452,0.058126029393002904
22459,0.3472040160789974
22469,0.2168899968095349
22489,0.04613431626381248
22495,0.08062395704849859
22496,0.05842772852189854
22497,0.05661284596606502
22500,0.12052520544061358
22507,0.08481773506810318
22509,0.042661761340384005
22511,0.15226876401848535
22516,0.0796788799808338
22535,0.056102310983280106
22539,0.12948529040547754
22542,0.20240549235029506
22556,0.12140824364071873
22558,0.0348868381442288
22559,0.05430722857833038
22561,0.22312425259133545
22564,0.20503807744991606
22574,0.18013974647131667
22576,0.06343021811030031
22578,0.06872746769495358
22585,0.3377076250725711
22587,0.08025270540345562
22593,0.12074996489904453
22596,0.073026723776872
22604,0.039638289218558435
22607,0.28095649493478186
22609,0.04379358441210396
22613,0.10054243757588534
22625,0.11491329454793135
22627,0.17994324481571794
22629,0.10032852406204536
22632,0.15528963934132045
22638,0.03756965719437671
22642,0.052720097835441106
22644,0.09699380106494827
22645,0.040381765574162315
22651,0.22486327832158326
22654,0.14796575244706503
22656,0.06316593798822097
22657,0.012130906123300865
22658,0.1468995864468247
22659,0.030769949981109324
22666,0.11342331249045579
22667,0.14607625010455208
22670,0.046483261146062785
22675,0.053744540382177054
22678,0.06709095672852959
22692,0.20036608644068288
22694,0.12510890604019528
22700,0.07354913577153772
22711,0.08227611610843352
22714,0.2983999157913269
22716,0.09414802165789188
22725,0.05002078902463386
22734,0.03816343724375911
22735,0.11565764389832657
22736,0.21887879015337405
22743,0.05844967760581623
22749,0.22925606032503532
22762,0.14942683943077517
22764,0.04784662826130896
22774,0.30634375714405493
22775,0.2544443392977517
22779,0.12480102097727655
22781,0.15701756672039843
22784,0.21019307436154214
22791,0.07517196155011596
22799,0.365305708916395
22802,0.0804543169318841
22814,0.1898590835041931
22816,0.039785987141435955
22817,0.040879974670150525
22819,0.12194537394719622
22826,0.11871444264896483
22827,0.03898010461139801
22831,0.19765499747458415
22832,0.11239544944276383
22856,0.10135904362485079
22857,0.10142949346346043
22860,0.052519948080473035
22862,0.05075679141572236
22865,0.07210916584736654
22872,0.023324461882956036
22873,0.04569115140197097
22874,0.1795505292447719
22878,0.05446910245489179
22884,0.16737306503842483
22903,0.030810544690687204
22911,0.19527809729219703
22915,0.14777765460067926
22927,0.23517179139187044
22936,0.20646072110462907
22938,0.02437611528799594
22939,0.34362011106114826
22940,0.10738350614153266
22941,0.13768487773422317
22942,0.11278105417748642
22951,0.2128666717630339
22952,0.05287190816207591
22965,0.1573989875204735
22973,0.028024440200126014
22976,0.07806784564154444
22983,0.09831454340005981
22984,0.07627291693913459
22987,0.0835903044102325
22993,0.07298149394066221
22999,0.13490423449967334
23000,0.20995113832392984
23011,0.22473827717130274
23012,0.13547317098689898
23024,0.09118696154101263
23025,0.15998483237309793
23028,0.25615574757511567
23029,0.2595485723647277
23037,0.09905688140928284
23041,0.07038563664274855
23044,0.06892470610107919
23052,0.02812313327092284
23083,0.1077906515697751
23087,0.13368567528480865
23092,0.22471666874688062
23093,0.14970069823678958
23094,0.157965875067601
23096,0.09016141132507294
23105,0.20684650364372098
23110,0.05425412083716598
23120,0.04189108693934271
23123,0.051832086298681
23132,0.05494634679357275
23134,0.0762025817803057
23141,0.10772049376024602
23144,0.16210162178659587
23150,0.08494012941915474
23154,0.07520277367072929
23155,0.04028433877791144
23161,0.09166175861221736
23164,0.027384173562600023
23167,0.11230676827618942
23168,0.11689361759249398
23170,0.13378479629970527
23173,0.04689455658174992
23176,0.025299713734326806
23185,0.2845695993030303
23195,0.03654638769954265
23198,0.12488996582407737
23201,0.20523133698067053
23203,0.09660668605632391
23205,0.10094861961429821
23206,0.09206080336727214
23208,0.02444308186498418
23218,0.051515990525033355
23226,0.2551013009348567
23230,0.09077591781839661
23234,0.3100995589322184
23237,0.21659415761590806
23243,0.1709821957029591
23247,0.12124873772467193
23252,0.19401760097126525
23255,0.052368610465922734
23263,0.06741899438755714
23271,0.0543868351114753
23275,0.26648169911166586
23284,0.23007348600877087
23295,0.14392458147169482
23300,0.18813808800951362
23301,0.030150011225071844
23303,0.1589220503420063
23306,0.11027239255198686
23311,0.09344971061985563
23312,0.15478294016758073
23316,0.05208299761807759
23317,0.1500014278324288
23319,0.09721519100920903
23326,0.1466722544924747
23327,0.0458153636617921
23328,0.2034261519470642
23330,0.06911812667117814
23332,0.1066704297712896
23335,0.214995476491586
23343,0.021463508783202145
23344,0.12918130638622988
23345,0.07205570461571563
23346,0.1545340233611184
23347,0.21013622122917444
23348,0.1456034081083792
23351,0.25091414685874736
23360,0.08880035147487303
23363,0.2157286302988967
23368,0.010997570023766303
23369,0.20734302048482736
23370,0.2822514323157683
23374,0.11999112415486511
23385,0.1403681488443577
23399,0.1774776643781949
23405,0.28619038017363735
23406,0.08436849151358775
23412,0.13690975613435294
23417,0.3295825886998022
23424,0.06452648007860518
23427,0.05220598572324171
23429,0.021563631989826106
23431,0.1263716500418708
23432,0.03123378231069637
23441,0.03314683295653173
23449,0.12005192683234779
23453,0.10191473778577155
23454,0.054529239381756
23457,0.3197297709083832
23471,0.09346040469958099
23472,0.060562818581060364
23480,0.23659441393426764
23489,0.09633977744264591
23492,0.10990956460198309
23494,0.05086596610366969
23497,0.24453481871260332
23516,0.1348684453289974
23518,0.033159078511708476
23523,0.22308456722567838
23529,0.2992246756317574
23534,0.31238548295698776
23543,0.049368307467445395
23546,0.10343421630098801
23547,0.15910016874005314
23553,0.19875371891316587
23554,0.056036921178510356
23555,0.05948511915780117
23559,0.15809218937386701
23568,0.0344935888847088
23576,0.09465847494356025
23580,0.029014270840522174
23582,0.03338143812347152
23587,0.18048035113850364
23595,0.1245819954155521
23596,0.07972757293909746
23617,0.18326223572281639
23624,0.14328165312295518
23626,0.05446748019959401
23628,0.2397824972695144
23631,0.08975475000424314
23634,0.06797763642119685
23637,0.05397824394938198
23639,0.12329059138390407
23647,0.05188034280611437
23650,0.024605451072932154
23657,0.07676896311782942
23659,0.1550579353804932
23661,0.15806442686120337
23662,0.018492145749902184
23666,0.16179788159318423
23669,0.12010384620370416
23683,0.17335676933831298
23692,0.07292291218556336
23695,0.20044312429745523
23698,0.028544457988150213
23699,0.19788011881941747
23702,0.26761583486414287
23704,0.07398619024141606
23715,0.02224631344951341
23722,0.134496474219457
23723,0.15578010947393828
23728,0.23319932251519573
23729,0.030936501912377776
23731,0.10868297178596828
23733,0.056526388799801985
23738,0.03183057238148795
23741,0.02014083913175114
23746,0.25562640136309617
23764,0.2581346829459206
23765,0.028581398947835547
23767,0.04139468464880172
23779,0.16881164629346043
23781,0.3322343797351358
23787,0.21240355164996008
23788,0.11925790889891091
23789,0.20777442209234706
23793,0.13004343076700614
23794,0.3949566197826168
23796,0.19607889532176048
23797,0.05487022944152103
23798,0.3684774908460862
23799,0.38015623224089656
23805,0.08057925465350226
23809,0.12736657589092826
23812,0.16344385098496744
23817,0.07679977630170177
23821,0.062276401787653944
23823,0.12664445927631493
23830,0.08326070155299355
23842,0.03408949727431707
23845,0.3588653987170624
23855,0.2829963398818393
23864,0.07165798020638615
23865,0.06737234848032117
23867,0.05923735680712681
23873,0.04426441881867459
23876,0.0965257421945579
23877,0.042391317320349904
23880,0.08157222698744787
23883,0.2536068915282973
23888,0.19150875080188853
23890,0.038210755999081004
23892,0.1984125219283926
23898,0.1476815670433303
23904,0.033575267206726496
23911,0.2576209685612006
23912,0.08185081975942742
23916,0.05108570755259633
23917,0.022272405252289275
23921,0.06984452649351999
23922,0.11737138950875556
23924,0.03595583241408576
23928,0.34356705620529543
23930,0.07704326580562683
23931,0.051699626705150645
23932,0.12197811731417052
23934,0.3329626238774358
23947,0.10225984556006655
23952,0.33704356034476407
23954,0.07607831998116829
23955,0.37582003041499984
23956,0.0912686153050595
23964,0.0701876200024784
23965,0.3560822514617723
23972,0.1798018003395497
23989,0.06375308566925242
23990,0.03084691306452443
23992,0.04734204755634211
23993,0.06166188459853056
23994,0.11000727922774854
23996,0.0134220897459794
24001,0.16056349967445083
24005,0.06425248023966725
24007,0.27376947999815016
24011,0.27328497984341793
24012,0.10349175998126685
24013,0.05062634621259379
24015,0.07528121997066506
24016,0.013995940616665153
24018,0.1577287895630627
24019,0.20795725166508144
24023,0.0954193377997289
24030,0.1609042813542169
24031,0.04679421898698205
24038,0.12375490306340262
24043,0.13175267760285694
24047,0.2770962583384516
24048,0.05326768656985574
24054,0.0789413812383917
24063,0.11387408460295474
24065,0.17782635398382443
24066,0.05974257639909082
24068,0.16538291521443862
24071,0.18991787790784448
24072,0.37587273250927783
24073,0.08374475663164185
24077,0.24933204042470092
24080,0.04762826772453377
24088,0.05628866494119755
24091,0.26274088709777976
24093,0.17191012767358096
24096,0.15372289956331475
24103,0.219781403862886
24105,0.03792912746364016
24106,0.13406593621008925
24120,0.021531779212021665
24127,0.11727932554644889
24130,0.07223642331613331
24131,0.07409962649057761
24132,0.08078277607833903
24135,0.2084867142025972
24139,0.11284049684931707
24140,0.1407992770545085
24142,0.19618635279909136
24148,0.13905288855100367
24149,0.16812020397212118
24157,0.09885061023736873
24158,0.274476492969145
24162,0.11843808804226673
24164,0.24091383674691258
24166,0.03398825818268574
24171,0.05293946355569282
24173,0.16738135592558862
24176,0.12623095054820857
24177,0.21906463271339585
24180,0.21607249144810275
24184,0.030753922880917172
24185,0.10488284617245258
24193,0.1932974663090607
24196,0.11930069367655569
24210,0.08690530750970338
24212,0.10386376397894045
24221,0.23690316386756147
24225,0.04237176028314786
24233,0.18264861041623626
24236,0.11616454954077107
24238,0.08883728957334094
24241,0.18374540702782838
24246,0.3454981992155238
24249,0.04775698220194688
24252,0.2660115020285851
24260,0.08296289518207085
24262,0.018849174732402902
24264,0.08351677593916718
24292,0.04830850977797216
24293,0.048183221678911245
24301,0.06635474485465795
24309,0.2572612180329078
24323,0.08025745998228673
24330,0.10614846394876241
24333,0.28546343873132823
24338,0.23645264046415876
24351,0.09153821107401981
24357,0.08799242917244957
24359,0.015905786110324425
24365,0.024628360207820048
24368,0.07098618122053586
24373,0.2838967176354154
24379,0.17349948052636466
24382,0.11878868369556891
24386,0.09871414791857214
24389,0.1483780859520304
24397,0.20548703432580517
24398,0.02323538040717796
24400,0.09728295209688861
24401,0.1517232036427773
24403,0.06063125857380324
24407,0.01564700125549362
24415,0.06277187103083555
24420,0.08864877824529091
24422,0.08541300917057058
24428,0.2991788061375816
24436,0.15060735385952773
24437,0.11867372064052449
24441,0.16712246810618703
24449,0.12056115860313914
24465,0.23068760562680551
24466,0.14470971986236345
24470,0.10954473319756611
24475,0.06478755381202625
24476,0.08365333308398827
24494,0.03885455975253122
24497,0.17349897815503992
24502,0.08775372136968818
24508,0.028068487211836895
24525,0.13922537041507574
24526,0.097018661854429
24527,0.029282809545086
24529,0.11974018073490214
24535,0.04101706348469998
24538,0.14357036545293902
24547,0.20959610373029663
24549,0.07925976680558595
24554,0.16070265581707865
24562,0.1262216180764589
24571,0.32543918973117975
24573,0.13617621545880235
24586,0.14789614993255404
24596,0.1080300894155405
24603,0.06115603362464043
24605,0.0648257472808514
24612,0.017730539773808566
24619,0.1683856442124165
24621,0.25767215818135336
24624,0.09122838847725301
24637,0.0711204605778992
24638,0.048710047205255215
24640,0.1507004358253094
24643,0.08138967058208312
24647,0.08500200097801305
24648,0.24595357619720734
24650,0.07458308222592011
24653,0.335258384955927
24663,0.37200063643506254
24665,0.06395340960373996
24682,0.10114165343685946
24684,0.08590291051762429
24692,0.16798473561304947
24695,0.1426172945348139
24696,0.2476801642892389
24707,0.24600436518685648
24708,0.1494837770714822
24709,0.1647849330923739
24715,0.19512853776376987
24716,0.049407838853849015
24718,0.05552837346500165
24721,0.32960853460299266
24728,0.2693213056052235
24730,0.05868738026266409
24731,0.15446075568081163
24735,0.1783208557422226
24737,0.17697211038220592
24739,0.07524331244872966
24745,0.07557885885182403
24747,0.049553474760150144
24752,0.029311815304048455
24756,0.1795443786659815
24766,0.0575297521512273
24776,0.02467293713013609
24780,0.24876166395687876
24812,0.357988849707856
24813,0.1186530737229633
24816,0.33717848815175816
24840,0.12396246738585631
24844,0.28705354659068644
24850,0.06298150918048577
24857,0.19972013004563574
24858,0.0772201355621071
24862,0.10647059144742685
24863,0.07000083518662616
24868,0.11556904775046738
24877,0.2755778069705101
24881,0.08449707911083292
24883,0.1952659302324267
24884,0.07844516612259321
24893,0.01875316917813607
24894,0.10343685797084845
24896,0.1518513995614996
24902,0.05382653560942968
24905,0.022074017128671075
24907,0.14106513839165447
24912,0.15331872457263268
24922,0.08138109043733599
24933,0.15423689303623012
24941,0.07219292257333358
24942,0.29583423500371786
24948,0.1444841134321409
24949,0.08169016256465592
24953,0.07925356382534958
24958,0.08350316408649465
24966,0.1510704828462288
24969,0.04255478638182157
24978,0.2293968837564508
24979,0.06883339705113917
24985,0.15505045168315157
24997,0.04936338202278945
25001,0.0893649717195186
25003,0.10116554014610095
25005,0.2235032481259423
25008,0.02182972185470234
25009,0.23807808161548888
25011,0.3157485399684315
25019,0.19450329504727215
25043,0.456033449539148
25058,0.19394858483577007
25059,0.02064327126916317
25061,0.09480302789638236
25062,0.3204233466274878
25068,0.03408434088121045
25071,0.03706002960992338
25076,0.15532293099449232
25078,0.05506599472994551
25079,0.14710345072137573
25081,0.13048855332697767
25087,0.0875297526100027
25092,0.04298652123471152
25095,0.09429168734769797
25102,0.025508526870265936
25106,0.13587329476642837
25110,0.03589640569374468
25112,0.029934915945701756
25123,0.17522833774778673
25126,0.05801242971202352
25128,0.030167504030341043
25133,0.021450076176377793
25134,0.20046706003437875
25135,0.15326489762700257
25137,0.16525823068728185
25138,0.023074543868794487
25146,0.12510560680615393
25152,0.04681897284433722
25153,0.09023218829641022
25156,0.31707623264452856
25164,0.07471827260486445
25169,0.11888346161296733
25171,0.1950258492873918
25183,0.05213545574322092
25191,0.08088474665043448
25195,0.05631984188787791
25199,0.020247421773172222
25214,0.07354560828191227
25217,0.20679680602176942
25231,0.37380850970263824
25240,0.18560219963891542
25242,0.10895750585939509
25244,0.07450885472192766
25245,0.04646514135414612
25253,0.19423278947962488
25260,0.12075759229198098
25264,0.16199758497465805
25267,0.12255845603228528
25271,0.11539882625488722
25279,0.04243357500349959
25284,0.17895191465631877
25285,0.034763904107108425
25287,0.03405767300227402
25288,0.07359255138786225
25290,0.25210540374165746
25308,0.20613420036695868
25312,0.08179955155877328
25323,0.020426206580144084
25331,0.13794618615551635
25333,0.2386864774544459
25337,0.37521096152688105
25344,0.09866354126652957
25354,0.09518692407091862
25356,0.1185530866638001
25360,0.07411874810062
25364,0.3910585153979028
25365,0.19472175584477946
25366,0.04043954318174103
25372,0.2059889902106028
25373,0.02036036432024117
25383,0.1004309549838889
25414,0.2530607522834152
25419,0.08297644591327046
25436,0.0411261955242626
25445,0.11025219754399578
25446,0.1322040525206248
25447,0.10283113392243817
25449,0.19985781989920165
25450,0.14603463488015794
25454,0.06359439872483733
25466,0.023060829182671872
25479,0.0391627135024502
25487,0.03718437213497658
25488,0.06553000917559937
25493,0.07151641928746255
25495,0.11425615992209161
25502,0.09781187914571013
25504,0.1278384197199681
25516,0.18342542128252265
25519,0.11808886420444292
25526,0.06749104629830012
25536,0.13100850586678006
25539,0.17258373171798375
25540,0.018143809597092955
25545,0.10174916282127398
25563,0.06344141379350277
25565,0.23185363178760765
25583,0.01447683377551569
25588,0.14170557127571762
25590,0.11127381028218204
25602,0.07906710818405455
25605,0.1844208553448379
25609,0.09900063111549919
25616,0.1634418917541288
25617,0.23255602811944107
25636,0.180412423061878
25638,0.11624563424557492
25641,0.18734659491048025
25643,0.13087135936519315
25649,0.21705013182735708
25660,0.2747458320045269
25661,0.04621497467612146
25671,0.08495755105622432
25672,0.04443091353785837
25685,0.11276316003791909
25688,0.07212624154246057
25690,0.4569653767751116
25696,0.055296233878098795
25700,0.10887856710036342
25702,0.1324369392136524
25706,0.129912757825753
25721,0.2471912411588386
25723,0.07421085009857743
25725,0.20869016280732494
25727,0.049135227549029596
25728,0.0342330258421906
25732,0.1581160279109469
25741,0.3677117558820693
25745,0.043787078365762976
25746,0.10509969055653534
25748,0.22422390564563624
25752,0.0955358119206671
25753,0.2278028999867266
25757,0.24032101189373087
25760,0.03570155193998956
25761,0.2124784691567127
25764,0.20976131264986697
25765,0.06111249113743773
25773,0.15046938789440734
25780,0.11667760768738894
25800,0.26377624728455895
25802,0.15579209945446235
25817,0.1357843831151348
25818,0.034467338651249735
25825,0.27242400315732695
25839,0.13146836502678302
25842,0.12474783259558922
25848,0.18959395688589936
25850,0.1837068615566223
25855,0.3053143266309924
25861,0.23905168963307535
25866,0.06677343961563492
25875,0.11285885419054167
25887,0.2576258330886618
25888,0.11659887272727855
25894,0.02797460794023887
25909,0.08267905671781181
25911,0.21137374089198396
25912,0.03919545921555648
25914,0.25163350097219467
25915,0.23466110891900527
25918,0.3186760044547494
25929,0.17320909011776128
25935,0.0830300696867259
25936,0.19579592580021685
25940,0.180102106749525
25944,0.21166992637820914
25945,0.19039027996506305
25948,0.28535864950253964
25957,0.19823542761593604
25976,0.042708723148212335
25983,0.05157249466309779
25985,0.08464561781566694
25988,0.2978586584303642
25995,0.15149902866851955
25996,0.3412325084296011
26004,0.1301211726028212
26006,0.39419972018026034
26007,0.026740480735815354
26008,0.0454283356905794
26009,0.11712903593113974
26012,0.05111639970214022
26013,0.17118976978251157
26015,0.11709430146195007
26022,0.046761731356681824
26032,0.05619020153554
26035,0.04550607927676482
26036,0.12207549093226323
26042,0.07081833537410848
26059,0.02614836322446885
26067,0.08717229401527954
26068,0.13057104388458735
26080,0.025663446945534994
26090,0.020351989282672713
26093,0.11361118186391375
26095,0.062285240244070464
26097,0.11469001332748338
26099,0.22956474511023778
26102,0.07406399055381749
26104,0.06351900257338819
26108,0.3058360575371805
26109,0.0442860577420607
26112,0.23231954315900644
26120,0.05832915608224958
26121,0.06851217493669017
26123,0.0834519370660945
26134,0.0954986794233344
26140,0.14521361330203458
26142,0.04893851738017677
26144,0.02982195381749256
26145,0.3282396259906453
26152,0.30647124618872174
26154,0.20439589141786582
26156,0.12412286582061974
26159,0.08976724218496474
26164,0.2648495946847542
26171,0.18237643946800672
26174,0.23060111704564693
26184,0.22151549155238096
26189,0.01703944425270373
26197,0.244198577210488
26199,0.10385851993211474
26203,0.4653351977071408
26212,0.3031092820519667
26216,0.16455302506841937
26219,0.14730095126380144
26223,0.2620945968904146
26248,0.12324810278461895
26253,0.23920412083871104
26257,0.10906424442994136
26259,0.038467936741133066
26262,0.04315447848795312
26268,0.07552274918244026
26275,0.3372765663775249
26276,0.03744695737159061
26286,0.3214552737182525
26290,0.11519648896807871
26297,0.03508508516309808
26300,0.20798592727961987
26308,0.0890338846659624
26312,0.1120690882496872
26316,0.09562991150332166
26327,0.27957524064466105
26328,0.09837809561404894
26329,0.040093449232603454
26338,0.24152857233630923
26342,0.14331578950915333
26344,0.17674308769091165
26367,0.10884238204993921
26374,0.015034281016905389
26375,0.03833781025020002
26380,0.1741171997161915
26382,0.06606892185399517
26384,0.24549045754699586
26386,0.1779340934529869
26401,0.1674449216185144
26404,0.08463562133952295
26409,0.02843772549992731
26416,0.059702295551393
26422,0.07900707665568109
26426,0.27378912052750337
26431,0.07208620237435298
26432,0.24954871186083305
26441,0.14417592638708873
26448,0.05552330756448845
26455,0.10057251918728853
26457,0.0725500247635018
26469,0.26884707729496693
26470,0.13454094191256236
26474,0.1371731166871125
26475,0.09218112289467896
26481,0.16648043642740326
26484,0.09042020163168102
26493,0.1916270962590004
26508,0.11390015238194608
26509,0.13772334911301884
26512,0.018734843799121836
26516,0.10820089396239001
26519,0.04989474895551513
26521,0.1293701996929784
26523,0.13578755875840592
26525,0.10325893201058711
26526,0.16661233189308092
26528,0.11178830093337491
26531,0.12348586430677225
26534,0.10288667965447557
26537,0.1459053224556955
26540,0.13615403292957093
26541,0.20489180390687722
26544,0.18519373573306255
26549,0.1807668318809562
26553,0.05462783898599911
26557,0.1925447327225367
26558,0.04249630014541009
26567,0.26469548767413364
26570,0.16008422240895095
26590,0.06120087071541517
26594,0.04775644580778745
26595,0.02695372511259455
26599,0.24213750889176644
26603,0.09097557004581029
26605,0.0461793772302227
26617,0.09079670832993669
26622,0.09117134830129822
26623,0.2697286847853048
26624,0.059656575992505914
26627,0.06514070704757487
26633,0.1639376141798038
26634,0.07297866660888327
26640,0.12743402405101278
26643,0.07549416130903798
26647,0.21826562449567397
26654,0.1519070864077318
26655,0.3753335528132743
26657,0.1011698981646172
26661,0.16106525107098735
26663,0.12179061405807824
26675,0.03372415180603942
26677,0.08270037084318142
26680,0.12291213471930365
26681,0.2064980027579439
26685,0.1628110130546475
26686,0.12460948813428885
26688,0.02737881435396335
26696,0.25746495580419404
26697,0.08234613368579877
26698,0.13314824192753213
26703,0.1679183518166651
26713,0.09526930232484468
26717,0.3100261103850615
26718,0.23063314146153466
26721,0.15843899296162167
26728,0.15694874581391302
26736,0.13012353345258704
26737,0.20124507097145244
26741,0.16042436907110835
26747,0.12237833429754486
26749,0.2175686019976947
26754,0.08574445281688765
26761,0.16198976718159316
26762,0.042104926045157455
26763,0.03895894684261917
26766,0.25028417643064216
26767,0.1478970429059902
26778,0.07695508308376547
26789,0.08143345799795075
26796,0.10326472154332637
26797,0.10069132262112795
26802,0.057987632147156104
26806,0.07599486933401517
26811,0.05805624259002885
26813,0.055376104367194416
26816,0.20301427909308173
26819,0.16410145249622995
26820,0.04718567593929083
26825,0.23298954586394255
26834,0.1144963993007616
26851,0.16095921186851422
26855,0.24307550595958055
26856,0.04250886693011662
26857,0.03481245772899446
26859,0.3549638210114871
26860,0.055876498460201915
26879,0.10771329862168173
26881,0.21728019871512672
26892,0.26412632100076205
26901,0.14896851119136187
26902,0.16101607687682543
26904,0.28766662736193904
26908,0.085120149489647
26912,0.11127115947987207
26913,0.13212322909433513
26917,0.18220083760572783
26919,0.010545520764927681
26921,0.2803026367238753
26925,0.16421962997510256
26926,0.11724803592005884
26933,0.11309540368975501
26947,0.0959846597226382
26953,0.03580890080701368
26964,0.0624187300731087
26974,0.22672973422625575
26977,0.13621755372470645
26979,0.1608725649595796
26992,0.23310410384974603
26995,0.05599135678151568
26996,0.14687938362253475
26998,0.16063244322890094
27003,0.03681969188612139
27009,0.14688250486030455
27011,0.08550197557445396
27018,0.2450957804502012
27020,0.09119268967113095
27031,0.12580780288928153
27033,0.16297889037111235
27034,0.19019351814875615
27036,0.01925251019813101
27037,0.0929128249805168
27041,0.1488768943825392
27043,0.04552888491058855
27048,0.2285315302850492
27049,0.2162409971811848
27057,0.08736224338917771
27062,0.21933807949766834
27072,0.10455818740865974
27080,0.27720457986669944
27085,0.14328036777148237
27091,0.23586921631980245
27092,0.021315597149987278
27097,0.07941285368534982
27100,0.04317207525370339
27104,0.2560312702220394
27109,0.08789663434203872
27110,0.06748434462441602
27111,0.19368468398059246
27114,0.07096245495257333
27117,0.03199221130386908
27118,0.26819697209051196
27119,0.0892628658985402
27123,0.09547786267977082
27125,0.03200437345449462
27133,0.1506555064814632
27137,0.043057060107506706
27138,0.03289978127397698
27147,0.022210788062807657
27151,0.06417085951183812
27156,0.15683256775388116
27158,0.3030355764612143
27165,0.1019974044485423
27182,0.27012782273427166
27185,0.3361676437033681
27187,0.09648558949936013
27199,0.1760914120341047
27206,0.17873267929923498
27212,0.11965168065955681
27216,0.21862871140001194
27218,0.1376159030992017
27219,0.09973183680035384
27226,0.34673486515290325
27239,0.17526808562481985
27244,0.2114834156051847
27248,0.0937943224099915
27254,0.2243167661291266
27255,0.25888865965850394
27258,0.07661191816799907
27271,0.23553050726971153
27278,0.2612664733496464
27281,0.09108020127023903
27282,0.11132620513752654
27285,0.19352065430034826
27291,0.03086744629599517
27295,0.020638876341797275
27300,0.053323880068591775
27308,0.1940541603124938
27312,0.06801616664037856
27315,0.07477683131035946
27318,0.038182892060608965
27323,0.1137836215326866
27324,0.27433115529242397
27330,0.18404645322406626
27333,0.4285369963969222
27334,0.09184414772555613
27337,0.034868586217302475
27346,0.041349642765050744
27359,0.226715199654854
27379,0.26069377860841175
27392,0.07124977901418886
27404,0.055619446274243395
27411,0.21468901185480813
27414,0.2729797797084046
27415,0.04915617132455979
27423,0.14777749051669192
27427,0.19353638079709512
27429,0.09732608851225212
27431,0.2505739859975879
27447,0.0729261122227625
27466,0.13015296226948359
27471,0.1051350307974244
27478,0.08350434860348806
27495,0.14117036857096915
27497,0.12772456668077767
27498,0.16584236144938314
27499,0.06718116821638459
27501,0.17351164550011255
27503,0.1732646857538967
27510,0.14925219725618288
27512,0.14695728880130346
27523,0.10534529575309189
27533,0.1521403426235969
27542,0.07398021402335352
27545,0.19467737876111293
27556,0.03146665256589834
27557,0.2932896022313372
27560,0.14856063225694177
27565,0.13072091290717702
27570,0.02058153443168742
27579,0.11772846933167384
27582,0.027558698048539117
27584,0.1721609036396021
27597,0.15491820200437423
27609,0.20989626538917244
27621,0.21303868148908897
27632,0.09795034860536
27635,0.18786653807066298
27645,0.02787669294538432
27646,0.14536940081474195
27647,0.3318002005474874
27659,0.314044423009892
27665,0.12461037622609944
27675,0.024824859627301046
27676,0.016612115665053932
27691,0.19778582995518304
27692,0.03899894087317538
27693,0.07489188909550987
27697,0.10824291745691024
27706,0.1363591086878388
27708,0.09018764009722023
27710,0.15875264986337667
27719,0.09759053092413576
27724,0.11597351716892484
27744,0.13887345438976662
27745,0.0555489729685378
27750,0.09848302103425029
27755,0.06720659982902627
27759,0.10190396981534075
27764,0.08369580301568273
27767,0.15209366031304364
27769,0.12305780059113264
27773,0.20298139214584796
27776,0.22705540149416742
27781,0.11031709498302857
27782,0.16264402653942026
27790,0.22328543436559822
27792,0.10199649139370637
27794,0.08782732738904567
27797,0.14966371397047473
27802,0.1671908879372061
27810,0.26699443531794376
27822,0.10839325420002745
27826,0.24961225362517767
27829,0.10618872754264244
27834,0.03604807677008566
27838,0.0850744899258412
27842,0.18839866595387733
27847,0.30674666499739667
27858,0.1436152612378422
27861,0.08015797213643633
27867,0.05690969998896532
27869,0.2525925854140143
27872,0.26253597997706485
27873,0.1346268423223713
27877,0.36710297814686965
27882,0.12907895280488266
27883,0.2539792829228831
27892,0.026029770719511115
27896,0.09024480904563156
27898,0.1304434984458978
27902,0.129644045201865
27905,0.18598327491880529
27913,0.2682278277629368
27920,0.09333661751852954
27929,0.18542370848344372
27935,0.0574200952170258
27937,0.1425093376537301
27940,0.06926542187007717
27943,0.07170574527218963
27948,0.08177188211246901
27949,0.06223104413363771
27953,0.06068830413506078
27967,0.04156626289226084
27976,0.11081012435347502
27981,0.14012413468635715
27986,0.02081033217183097
27988,0.16348757722778023
27989,0.0918453257487307
27991,0.16155422403394695
27992,0.15341937783209228
27993,0.26103787910901594
27995,0.03455209415179564
27996,0.20468647445584592
27998,0.12853146664818713
27999,0.18261718508537436
28004,0.09301095148823635
28010,0.14450253600766289
28012,0.13774168847734267
28017,0.03453323938045544
28028,0.058584767962826204
28036,0.1832122723837312
28040,0.10051229320837479
28043,0.17278771467276502
28053,0.10171905617389224
28057,0.019565026719430046
28066,0.1141267650615598
28069,0.026338063280591767
28071,0.09297001067526425
28077,0.1817884762062957
28079,0.09782740101190535
28086,0.17014042065439675
28088,0.03612732387331655
28090,0.10257247518130047
28093,0.28600641243810343
28094,0.21892637859747088
28101,0.09768930700733275
28104,0.3052627120314059
28107,0.09147762661788275
28125,0.22111467061239704
28127,0.11580994591027598
28128,0.18318806715443642
28129,0.1263296702426794
28133,0.07935231750450265
28136,0.04888983364069047
28138,0.05690372931047194
28139,0.15188765702001325
28140,0.1169196970532744
28146,0.0887478803572363
28150,0.14348972961907322
28155,0.09982070662350759
28161,0.21347383799056607
28162,0.13551939533857102
28184,0.20226329881229213
28185,0.11779988168331201
28186,0.2148501739339322
28189,0.3205727347128003
28190,0.40293532139794763
28191,0.02539561764558874
28194,0.09119229413367078
28197,0.05251879923906881
28203,0.20275570507129467
28211,0.1841578025121005
28225,0.18392348381896578
28227,0.20131349382525768
28237,0.0992172580251218
28247,0.08660000605486046
28249,0.11694273808249284
28260,0.1311702815804194
28262,0.32584295321647744
28271,0.02556027379382573
28278,0.1914761461092399
28280,0.049316202749126736
28281,0.1184126920990003
28294,0.149240895005595
28300,0.13695909579176996
28304,0.04591763766514293
28306,0.05167493273284727
28314,0.11859493818280539
28320,0.0940424365056056
28322,0.16799965006555748
28324,0.05554355083231437
28328,0.47010649704094726
28331,0.054771512696813074
28339,0.10228969815314792
28345,0.039041392952021324
28348,0.0726624473758763
28354,0.16457783080551555
28384,0.05301317447848565
28385,0.2856954505500881
28386,0.09770677205884117
28389,0.0900418793011469
28390,0.18420046054639966
28391,0.24328494490044508
28393,0.1664577103128129
28397,0.07030848740772672
28398,0.027621060514890564
28401,0.10244461584560849
28403,0.11275002063044458
28411,0.06561770249470393
28419,0.2294597269090917
28421,0.09121620920332786
28422,0.08688153612587335
28429,0.1291778514840959
28438,0.0681402306949814
28441,0.10954254251175881
28442,0.33073667462022627
28457,0.01090092773373527
28459,0.10589178909388072
28464,0.09263535215637754
28471,0.12015309325952021
28478,0.03011644927394763
28480,0.08613816372521563
28482,0.11769590219064895
28485,0.10877306171785506
28500,0.2022401191042835
28522,0.09083545489752398
28527,0.27877254402600027
28545,0.10634076696137039
28546,0.07349233931524166
28547,0.19595991022827858
28550,0.221855952271908
28557,0.23896522399466247
28572,0.14916546094067992
28574,0.20503605389487195
28577,0.15096559335598206
28580,0.21857808069951792
28581,0.06277159311744371
28587,0.1619135805921951
28591,0.03676493167898299
28600,0.03862264833239927
28605,0.057656629468384374
28631,0.15505617518112275
28632,0.04526745715976195
28640,0.15518401356150918
28643,0.09102879591907077
28647,0.21896767663106
28648,0.057826402053779105
28651,0.12371914519069234
28667,0.27584776018504686
28670,0.08483182317782456
28672,0.302609520229436
28687,0.03671700349285922
28702,0.061823080200603515
28706,0.05766120994575602
28707,0.26278173171747554
28709,0.1308298506966644
28711,0.1293229225880233
28718,0.1946122695679235
28719,0.18739660159597343
28720,0.0712614144839864
28729,0.17973760361506896
28730,0.08906180064858252
28733,0.26201115193921903
28747,0.11853491396125902
28751,0.022929597212617007
28756,0.024558074461406627
28761,0.05339498520790108
28778,0.12744223188441908
28783,0.030818154918723292
28787,0.13872272028185173
28788,0.09558093789186081
28790,0.16655446339138638
28801,0.04471899656969614
28802,0.24736707989365567
28807,0.01849746340298765
28819,0.1607858431865774
28820,0.07465118463522526
28827,0.020393596496016842
28831,0.05408598207050009
28832,0.12184041720285926
28837,0.12783135932744905
28839,0.09011360061753475
28843,0.038198187831421954
28844,0.13837809430875395
28860,0.19111935262951377
28863,0.12212761896660108
28870,0.25405046728142344
28874,0.057413952530312604
28880,0.11844569086414859
28899,0.08712136555979681
28908,0.12271091425987803
28912,0.11563178640096221
28913,0.13575347113219458
28915,0.058684439689297416
28919,0.323134287944731
28927,0.05429819924746962
28931,0.025256447381350907
28938,0.17159725140172194
28946,0.03856888746696022
28949,0.06964662681568248
28957,0.1194772818877358
28962,0.05347742704902366
28964,0.05107148510072344
28969,0.12043722097357487
28974,0.05246492600733083
28976,0.05588655013540945
28988,0.10406634226737381
29008,0.11000157379296834
29011,0.029473075218475128
29019,0.30707120808947236
29022,0.021790768137550636
29023,0.11004080485268436
29029,0.04378908688050679
29035,0.0273963994887269
29038,0.1203976921390016
29039,0.0975227670865663
29047,0.09048718771533681
29049,0.20083467190079796
29050,0.22160401959702775
29053,0.11984553403425803
29058,0.053112380744462
29060,0.2208202424210464
29070,0.16959899693656516
29075,0.22559323730356182
29076,0.040468986223411677
29083,0.05248939525479948
29089,0.06699809767941166
29091,0.14606341995005379
29092,0.05276607617182136
29093,0.07499753895300368
29098,0.15106321720067561
29105,0.2386871292581728
29106,0.14730547862571733
29107,0.10073271911352466
29108,0.21130209470634662
29137,0.07310600051482749
29138,0.2963692375690419
29148,0.11288441752072335
29158,0.11792097047712954
29165,0.1286615454834909
29170,0.09038147220946391
29172,0.09077058124948521
29179,0.20052426955441344
29184,0.23238168983607135
29186,0.11599018927757149
29189,0.10004621091116479
29200,0.11887306778391833
29206,0.15958982677181108
29213,0.2815317312586514
29215,0.050922622050612085
29218,0.022405344371789482
29238,0.08461897393236008
29240,0.12082852544259959
29242,0.270852329497369
29246,0.05841404553501249
29263,0.22769953001818372
29273,0.1212844856878728
29279,0.24792253136823558
29283,0.16166212881579112
29284,0.06338806792472605
29289,0.08921621179504631
29292,0.09973411310415015
29297,0.5036363033169392
29298,0.19555429430156837
29300,0.330385133704553
29313,0.24916934451279316
29327,0.10864524913712627
29331,0.28611835919873624
29335,0.16379739301188004
29336,0.33700518550077413
29338,0.06571504666985904
29345,0.2992439614282274
29350,0.22238747012870483
29354,0.24924249420965017
29365,0.08001779288471941
29368,0.49824373273925276
29370,0.02681671231830953
29373,0.13648449127745205
29376,0.18726049512152512
29379,0.09673532296796093
29400,0.06294152271501385
29401,0.11736995006709444
29405,0.09842029285993999
29406,0.12612068353024225
29418,0.05724281711053611
29419,0.10516873906731662
29420,0.0654728610337003
29421,0.11036232673561032
29425,0.09919835789500596
29431,0.0892006320891166
29450,0.03719515600601425
29451,0.08485127544432242
29452,0.07220427173739181
29457,0.06478149179870527
29460,0.15153775575348538
29468,0.19789677359700825
29486,0.12083634085781632
29490,0.29169418971224054
29493,0.05485163053152849
29499,0.09933308801611734
29503,0.12472382124148462
29504,0.047304981647603744
29523,0.06148605532386371
29525,0.17423058913230285
29527,0.13488643597886507
29529,0.0703906009630935
29533,0.0400220060572532
29534,0.1831748539061929
29539,0.11595352901254788
29541,0.19009178182987177
29547,0.044563424802068395
29556,0.14634026889127497
29563,0.07678576217199327
29566,0.055472677607096864
29568,0.10719348911827487
29571,0.08363775787024284
29572,0.3365354959798443
29582,0.2685291482594724
29588,0.24150414815359375
29589,0.05217166318701254
29594,0.08084758251963353
29595,0.09261271124763305
29597,0.17189503849268886
29604,0.023483437643844467
29605,0.13366588712496735
29609,0.12803270849047668
29637,0.13114591333253287
29639,0.20996413198906533
29644,0.26104374508006073
29650,0.06320179505217134
29657,0.15951104656353948
29665,0.10713693820288979
29668,0.16794123468920955
29674,0.26191273404652055
29675,0.35680123960904425
29677,0.18203534175777536
29686,0.05632939135750123
29693,0.08759149886891138
29707,0.16181508131404662
29711,0.1934399351823083
29712,0.20571632100240958
29720,0.4583462769298044
29723,0.04176176699185054
29731,0.10182861013406219
29732,0.09254202259215573
29734,0.10763992161494502
29763,0.10068417010807298
29774,0.04518863017961658
29776,0.1700337104037566
29778,0.02802609075252942
29793,0.07763423090395151
29796,0.2874835768149925
29811,0.15352165517893512
29815,0.13748610601578584
29817,0.14713651665677596
29830,0.2691997609930521
29844,0.17794242059474355
29847,0.05929501889410617
29860,0.08340831238476637
29862,0.34637694666518154
29864,0.16730840683367254
29872,0.056745424934560994
29873,0.1536092720636664
29875,0.21639481739968053
29876,0.08833066925351624
29884,0.059028909774889796
29889,0.2242867094486282
29890,0.07216009257340689
29895,0.03434590814832951
29897,0.09494996895409775
29899,0.18908148643605185
29905,0.09319549284186364
29906,0.10096529042667991
29909,0.09246426135292743
29912,0.2831033680113694
29924,0.20183225167023167
29930,0.09933686028817719
29931,0.1311972273367285
29944,0.057367592608787404
29946,0.07724509530105758
29951,0.17996836229922078
29955,0.1696783897290811
29959,0.05690898604683339
29960,0.0949264389066021
29966,0.0833788468473196
29969,0.39482505835425974
29980,0.2387158176845851
29983,0.07554429694128803
29985,0.043475752775653326
30005,0.04107883993360676
30009,0.14361637090718513
30031,0.16579118485301295
30038,0.1233637713408699
30041,0.17941755511418098
30051,0.26977009073051633
30053,0.16072590938350104
30054,0.3016685068055783
30063,0.022804408079906965
30065,0.1677148242295211
30069,0.096772331688644
30074,0.036532653304839326
30082,0.36112339796375015
30085,0.04266400157122739
30089,0.19566285637707773
30098,0.06031006749100294
30104,0.12254401654243142
30112,0.11783741534614728
30120,0.08947259703371728
30121,0.16157838390858115
30128,0.07447280813178075
30134,0.16892044055960928
30136,0.18993148339402222
30139,0.1456335378146897
30142,0.09661128196168718
30148,0.07601775290434634
30149,0.20456888172839896
30150,0.09073949815818542
30152,0.18764094206399298
30155,0.1731343312951721
30164,0.1279563911364231
30179,0.026452491959809813
30180,0.11551606908455794
30185,0.24147141837312444
30188,0.2731666379539192
30189,0.16453853394517057
30197,0.10286451857432971
30198,0.10791413991942456
30205,0.4590988781262141
30209,0.06555179141499588
30229,0.2801510776593614
30231,0.17407779258367118
30235,0.1485242030872948
30237,0.11376428126143805
30245,0.023317579077853944
30249,0.16404654501069216
30250,0.05854271178257188
30254,0.1196385829866031
30255,0.3023531257732362
30262,0.26052921362163023
30271,0.053382308944927674
30280,0.11583870387519855
30281,0.0947332269032851
30292,0.054093287537400656
30305,0.0974543359080783
30311,0.03208393627601848
30313,0.06767033322490747
30320,0.2888458517206072
30325,0.06120223633619827
30330,0.07791408456886809
30331,0.16729738627836624
30334,0.07669571383556452
30337,0.06318174775705994
30339,0.0895865883301019
30342,0.04355125758440292
30350,0.09579969259131561
30363,0.11177457909425571
30365,0.04823693817698859
30374,0.09719232596933161
30382,0.022671260105453738
30386,0.07466230822394725
30396,0.05243617763621865
30400,0.32438041751160646
30402,0.09313557593332841
30404,0.029222403019743125
30409,0.020780089134741556
30415,0.1697881024629561
30425,0.07641907289594735
30433,0.07319706570333633
30436,0.20268518985627498
30437,0.28929593481598775
30441,0.030742756270827454
30458,0.1436930590258021
30463,0.07209739698045088
30464,0.14032113055456202
30471,0.038441362141662896
30478,0.08680446978686256
30480,0.051769507901154574
30481,0.03733371816972333
30486,0.12105817835787865
30490,0.11260352326415407
30491,0.10531090333923855
30494,0.03543540296019806
30499,0.18236630065754836
30500,0.0736810148663455
30513,0.10309848000055982
30516,0.23157586011595557
30521,0.0989904668006221
30524,0.2718889843172883
30530,0.1894776849017148
30548,0.1372624987034869
30551,0.06392697570269536
30556,0.08947857293355496
30561,0.11607345264246673
30573,0.128674211662623
30574,0.1148946363261789
30591,0.1822201781691608
30607,0.1347503283658337
30616,0.1992750787170358
30617,0.06541026224196163
30623,0.041365732061070505
30629,0.0549599093060933
30630,0.020731766376892464
30632,0.07142427986998924
30633,0.0467581954768885
30638,0.34068236577665517
30639,0.05012518260871209
30640,0.18390951568898734
30643,0.09905768496597549
30645,0.20784877037987334
30652,0.10575225160100234
30657,0.04564371291569112
30665,0.1592702764803523
30682,0.07997322655796507
30683,0.21114953357342797
30686,0.06997499222108063
30690,0.09721858008669955
30694,0.10810188448441405
30709,0.04345177771393714
30722,0.05220044805932442
30737,0.03422028477140193
30738,0.10409502160961728
30745,0.21264817835590474
30749,0.14099759722843017
30751,0.03973323501553334
30753,0.37559981418357
30756,0.26574201585239776
30764,0.05412749591640918
30766,0.02102094464802315
30779,0.07697611820415681
30789,0.08610082749986742
30791,0.2524582131155254
30801,0.2908765718015988
30804,0.23122699648573455
30806,0.11980493431972691
30810,0.10475569681862294
30814,0.06808263359610635
30817,0.15631982267332495
30829,0.03111862133782507
30834,0.097710421670598
30838,0.10431118818777205
30839,0.19069494480657945
30841,0.10529842238113632
30845,0.142629056465962
30869,0.09176361493840532
30872,0.12177999894219844
30884,0.0397382195445024
30891,0.2102420140708453
30892,0.1073685875428002
30894,0.39772472585535273
30898,0.1748372232279114
30903,0.20958565358972622
30904,0.15278417088475643
30908,0.20524939146136895
30914,0.03445603699253734
30918,0.20627644180977156
30923,0.2601184738658908
30927,0.18422496900476532
30928,0.07687247989813689
30931,0.12594935013420888
30935,0.21345954823662772
30944,0.038320993294927476
30953,0.046431281757368006
30958,0.10434808302855578
30962,0.11188195856739246
30964,0.14306527441705516
30967,0.09528121953008166
30973,0.022319022988988708
30989,0.22808481066586195
30990,0.20419322951698993
30991,0.15973591698506476
30996,0.04950820319785647
30999,0.113439591635631
31009,0.11887658853489048
31011,0.0456548671482555
31020,0.16348143449042057
31026,0.02811866617591873
31027,0.08653055491525828
31030,0.15109969794112119
31037,0.045930923163926676
31045,0.1548024670196686
31047,0.11479490826031188
31055,0.24180559419142955
31058,0.06965710921103886
31059,0.12714432136035453
31063,0.06695912481951243
31067,0.1874783230462038
31077,0.043392148563311646
31081,0.01624673348820529
31086,0.1178350702078699
31100,0.08936668440660654
31101,0.04419996749192777
31104,0.13116145208897112
31113,0.11053547473333622
31114,0.04013789133610795
31121,0.1079963642267776
31126,0.16692612507878926
31129,0.2018753059985861
31133,0.0844493959338893
31141,0.3355087275063047
31150,0.26949614097936697
31152,0.22482685693098167
31155,0.08436537743223597
31162,0.05437627284886868
31171,0.2043488806716409
31172,0.18756739318124657
31176,0.20014366146981538
31180,0.08243330930884818
31183,0.11477481392112526
31190,0.09608029930860208
31191,0.2760525751404956
31193,0.04244480928874019
31196,0.08993820658259441
31204,0.02701898510251149
31206,0.13558110426798942
31208,0.07629783230225104
31213,0.11252949427531121
31221,0.012645026516214401
31228,0.12887217144014454
31232,0.3349738450777362
31233,0.12039737142101702
31247,0.11360863503999877
31251,0.10689418976136447
31259,0.031452569376077294
31267,0.1366086686806958
31283,0.21723644511059456
31286,0.09322735309140463
31287,0.03518220836489191
31293,0.04351938708737908
31296,0.3326982843925989
31298,0.03482160642084281
31302,0.08135457845095843
31303,0.15247131302487996
31306,0.17617905220109648
31307,0.13453399390497212
31310,0.06022978838828337
31317,0.023258370433606776
31319,0.08422841104470764
31320,0.06754898608435075
31326,0.061655805673075284
31328,0.03996289471019863
31349,0.0645586634477276
31356,0.11720807430711284
31361,0.06030648844140811
31369,0.09788726822025787
31370,0.05091762291858202
31375,0.040672125409294387
31381,0.04209554473606554
31383,0.056424798015377316
31392,0.06031783392559767
31397,0.06372746149215938
31403,0.1637645798253291
31410,0.052401835559534045
31418,0.09172539003467951
31425,0.17800732544600895
31431,0.15164241989730465
31448,0.15452179933712476
31450,0.046667161620080895
31455,0.1358338271131345
31459,0.08595288625551006
31461,0.013589390361814259
31462,0.0457047049364
31478,0.07354524935572865
31484,0.07603664797420355
31487,0.07227340613799364
31488,0.1139710871813458
31489,0.18774997756019476
31491,0.3144739468624518
31497,0.08928891649854732
31498,0.07072647256813094
31505,0.3261310248304781
31507,0.11592680503683951
31519,0.08776438179644115
31520,0.027897988756006173
31521,0.06403260627043862
31525,0.09815132476912931
31536,0.20988462431811666
31553,0.05863950953670296
31564,0.14355669859726533
31574,0.12777312882209296
31587,0.19513522715240772
31590,0.0574283302977167
31591,0.11021942228496193
31595,0.04723607199258273
31602,0.12805661810055338
31607,0.15481352805917914
31608,0.11339501991102897
31612,0.21150803960551123
31616,0.01250940225352195
31618,0.08262893061164014
31622,0.03526583743657711
31623,0.13844033744842132
31627,0.09193702321969685
31638,0.07065003985865305
31640,0.13470224214147392
31653,0.11732301252623906
31672,0.07815533580275824
31681,0.15041020133062033
31683,0.0213781491370268
31688,0.13693303281640978
31690,0.141499755239162
31696,0.21557935864297084
31711,0.08741481373532482
31712,0.04254157650740645
31716,0.2488025655139615
31719,0.036678879232560406
31721,0.04676094482389032
31732,0.2553729637413767
31738,0.12202486556160716
31747,0.07510148672055056
31752,0.20295168341779296
31755,0.1055389467951709
31757,0.35732804586363
31766,0.1469606704355416
31768,0.019601749746708284
31769,0.09356539433431767
31773,0.05681211007738297
31780,0.11888643144494902
31787,0.16386619052451556
31793,0.11091358573806495
31794,0.07584047586964603
31804,0.2937783847960472
31813,0.11563814834613696
31815,0.13024569681613066
31819,0.13781361905676082
31820,0.11884839302821368
31825,0.1025495463529662
31826,0.14965902112792415
31827,0.07824310628281932
31828,0.18062424652943154
31831,0.08799312427870436
31837,0.2642873467399305
31838,0.10758817721904818
31839,0.08186461831821455
31843,0.06981440736069107
31846,0.1430034428989486
31850,0.08149595620851828
31853,0.08468544258024178
31857,0.07901918393929445
31860,0.18156449828025867
31868,0.1252593838642894
31870,0.2704247201228132
31882,0.021591011960563886
31883,0.13446052818720522
31889,0.11848771659897539
31890,0.1519643678438258
31891,0.04821892838702072
31893,0.13577940611071657
31895,0.05928757793000788
31903,0.0832016445040752
31907,0.1916189231498317
31910,0.221963776648679
31911,0.1549180418484133
31913,0.06889542569068695
31926,0.12608125954021865
31952,0.0744243479748144
31962,0.30535367419215753
31969,0.13299934765047683
31975,0.146823235474525
31984,0.10694748822950952
31992,0.19507763882338172
31996,0.37188525482526513
31998,0.0693219840158081
32005,0.1737437534723027
32008,0.19720675602698903
32019,0.048011600070807244
32024,0.09935922577236209
32025,0.07166991663422301
32026,0.12234295687019038
32027,0.21290228152024174
32036,0.232196606626458
32039,0.13568168954519166
32041,0.40509101165592865
32052,0.12499935305203255
32054,0.061466183099664645
32069,0.017747614966889744
32076,0.24412852450332123
32078,0.1850901646195395
32079,0.2923682370094352
32080,0.2509633129726679
32082,0.06950049835092607
32085,0.023528548667440016
32086,0.11196887626792325
32091,0.03282323191625532
32103,0.13804419712123797
32107,0.0922565912169907
32113,0.0277089203812003
32118,0.048290326959081475
32129,0.03672399609104561
32143,0.1536628263460678
32145,0.1447587068336544
32147,0.05733937817069296
32148,0.08705362477989888
32150,0.27188782859019667
32152,0.08194999675880395
32154,0.18516387298815648
32162,0.1682362590976927
32164,0.03987127729513703
32174,0.024372438130269573
32189,0.18547811181274323
32190,0.2810406650792963
32192,0.031054282893666914
32199,0.07246108653756368
32201,0.10753565567011718
32202,0.22966585126713937
32214,0.15713447756281348
32226,0.29068148036133806
32227,0.15972480622208765
32228,0.3069144869905936
32240,0.06244134286838597
32241,0.057473934115140075
32252,0.04779465337851218
32260,0.06490123633169677
32276,0.06936950514190318
32293,0.05490450819732196
32295,0.1609247787124068
32300,0.09822004193807926
32311,0.22441636225098174
32314,0.24858794323604724
32322,0.08015387097702072
32324,0.2983815007166143
32331,0.08544065353915356
32333,0.23680428577762835
32334,0.10207239188194114
32336,0.058414005907774756
32342,0.07593639164268824
32343,0.10741435734048697
32345,0.05934646505726934
32348,0.17112697285487544
32352,0.07828424025752116
32363,0.08823808691485885
32365,0.26907848027447495
32368,0.0949992668620527
32373,0.03056719257056948
32377,0.0672757986707154
32386,0.2707504376511988
32387,0.04206386722905524
32389,0.15025622744506537
32390,0.19461239301420893
32399,0.019149741276866528
32400,0.11757511191685087
32406,0.07684941179239349
32407,0.15802572836019274
32408,0.18758033015078224
32413,0.0498308084186671
32416,0.06780428456091682
32422,0.04963970884497504
32428,0.19856856445148918
32429,0.03531517066128453
32430,0.059714672492645976
32431,0.09334485590458837
32440,0.18274954626370907
32445,0.04643934381307026
32447,0.10604063713806718
32448,0.12501248604275123
32453,0.16744112756384583
32454,0.09122432636772723
32463,0.2821065672079001
32464,0.21514063997613933
32472,0.08304156360894437
32474,0.09088108370297204
32477,0.09021897074720812
32482,0.21879565945511512
32486,0.0933046122386956
32487,0.03234111446659794
32488,0.12920624500247163
32499,0.06684092550447651
32501,0.03565432612422235
32508,0.08211044848781233
32516,0.20905466159953218
32518,0.23534659179450354
32527,0.06851434472814837
32528,0.2777897590733869
32539,0.1519121425454266
32541,0.22357882432497583
32542,0.10313395776359902
32543,0.09568851046218843
32544,0.2252679465933048
32546,0.09173340896703125
32553,0.1346971955479079
32554,0.042642911171010926
32558,0.16300080779668769
32560,0.026788564750902657
32563,0.09371829525471838
32566,0.23174298822890624
32570,0.1940374608743512
32576,0.05710181830948445
32583,0.059066472656037566
32585,0.2458381325246929
32586,0.12750641478825214
32594,0.061768995157858844
32595,0.21913417384436518
32602,0.2784745058750081
32620,0.056531289047627956
32622,0.1876773754607519
32623,0.3984744318511109
32626,0.10664615571273221
32651,0.09049400683022724
32652,0.22196126316123954
32653,0.07467607977221072
32654,0.051930136237950855
32666,0.03847416189065204
32670,0.042320593604785364
32673,0.088717400107126
32677,0.03337199984547353
32696,0.10947820228110068
32704,0.1608887947785101
32710,0.1435900800669546
32712,0.0927739747312821
32716,0.18837499102812952
32719,0.27548687157712615
32720,0.11502003083757144
32724,0.08500401244618087
32728,0.041621894368767225
32729,0.1449623812883626
32731,0.1145144863686894
32735,0.04680544579794907
32737,0.23823739784755818
32738,0.25948299876721104
32741,0.13176377623969537
32765,0.4551805827419023
32769,0.02854901010593878
32777,0.04672216961363536
32780,0.19377760806325986
32781,0.14636274185151746
32786,0.08983906163191469
32790,0.2798713865764445
32801,0.09273566469555061
32803,0.045142649476333355
32812,0.04209421921187275
32814,0.10179744780190504
32818,0.3098980149231519
32824,0.07036255801568622
32832,0.06572447323343138
32834,0.26132453422255775
32840,0.023071935619524826
32842,0.2019264363568801
32848,0.027081550087145457
32849,0.409362139060704
32851,0.12581006526813535
32862,0.10670653903174751
32865,0.20151329958630046
32867,0.07073715470350608
32871,0.292994312998531
32878,0.11133230328474858
32880,0.09193671502652759
32902,0.06938124081217609
32904,0.11586309183626387
32913,0.10153327753474665
32916,0.08346638084358736
32920,0.03957920415877945
32923,0.09976371240084275
32933,0.09482099378285382
32947,0.15191431694215407
32952,0.35361789258013493
32954,0.05182551777238751
32957,0.029927718174105607
32961,0.05583496199180929
32975,0.07831916132127664
32979,0.024287073023359754
32981,0.12408585093581229
32983,0.09824337112548441
33010,0.16704662794503145
33015,0.027759756355410538
33017,0.24747181434863108
33018,0.025218036573559005
33026,0.057526125417283115
33027,0.057724728736117156
33041,0.1540426998111133
33048,0.07198011482065861
33057,0.026930958975346777
33069,0.187058794237938
33071,0.08392982204905587
33072,0.020711051311765958
33074,0.16405782782081274
33093,0.04157968281018377
33096,0.3441928074247066
33098,0.13705998306933023
33099,0.013239334426497806
33113,0.02703752148841343
33115,0.042804636907670765
33119,0.07455554266281487
33128,0.13434582537123932
33134,0.14440858424774863
33139,0.05145425261697677
33141,0.31063527925699536
33145,0.12426540352702704
33149,0.3714990570938514
33151,0.34460293478731385
33154,0.27865772085919427
33155,0.11138490905095592
33157,0.12385121797414596
33166,0.1719113060769422
33167,0.1518309934297663
33169,0.1750032020299814
33174,0.09352160668726588
33176,0.051430133559238735
33177,0.19581052542859656
33184,0.0748367841753799
33190,0.026346926330136255
33197,0.10313948379037402
33200,0.2630843687569396
33205,0.1813619402590173
33208,0.1861259005136356
33210,0.39667400529750824
33212,0.253812915945694
33214,0.04752089055886956
33221,0.14894833641679156
33228,0.06364985556149362
33229,0.2640369158517236
33233,0.07565596676486519
33240,0.21891976097491198
33245,0.03945641083899666
33246,0.05774891224593526
33253,0.3519598430743891
33257,0.11838187669527798
33259,0.03306389059995952
33261,0.07507585115527834
33264,0.12680662660808903
33267,0.07384707314067404
33271,0.18979863375600362
33277,0.38210572061565623
33279,0.2362301706537178
33282,0.06340668835978129
33283,0.11766681353122121
33291,0.13463220477404853
33303,0.04446993066147669
33307,0.030140821347038587
33311,0.13125282752482273
33319,0.06800889117806175
33320,0.05188147796477762
33325,0.10148458415139758
33326,0.06790112696877595
33331,0.07248964545214777
33335,0.1814305401306891
33336,0.13519494122017148
33338,0.181969610909549
33351,0.10927200073182854
33360,0.09973155069426683
33367,0.06614211108217678
33371,0.10093146089664788
33373,0.029086478036047456
33380,0.1296463471251615
33382,0.13093214429928793
33384,0.03135553086200645
33387,0.0666281819188639
33396,0.21522427130086205
33407,0.1787922518191084
33412,0.2202653518039419
33422,0.26051918842014393
33441,0.04611091928292803
33442,0.346470100664842
33445,0.06107763291739992
33458,0.09942146437644618
33462,0.19977112127962962
33463,0.07574345265536978
33465,0.11642378305573874
33467,0.21228749744456393
33476,0.18594481811249075
33478,0.1534785429572779
33479,0.04520429646001707
33486,0.0882310012664633
33499,0.033480328904148204
33501,0.09536590917296447
33508,0.10963153016100048
33517,0.11983965979560915
33543,0.19033010174011314
33544,0.1478526561596488
33552,0.05743651323876315
33558,0.11941537244938834
33561,0.23888443015971375
33567,0.14999469469506102
33576,0.21597356532143175
33577,0.11169495447171685
33580,0.0580041736209403
33587,0.18332770012907415
33599,0.13807571491179274
33618,0.19601768781623427
33620,0.17322003399551988
33639,0.205541075681634
33646,0.0875702189450047
33649,0.028495112564541333
33654,0.032703638276714096
33665,0.06553241685721524
33674,0.042568372627172994
33682,0.1129690259585971
33689,0.018753298016807876
33704,0.07492718708159224
33709,0.05314994870845066
33717,0.3666740320731369
33723,0.02974362733092885
33727,0.07368649548015925
33732,0.02187034658776394
33736,0.22483410524596245
33753,0.04232319079122107
33755,0.1585967130458627
33756,0.05332785837700472
33760,0.026648419701304944
33762,0.0826150452382007
33765,0.3105152440508354
33769,0.2593053510987144
33773,0.1543032549876576
33779,0.040146115044338015
33781,0.0570068822703186
33783,0.10572935984468113
33785,0.048263051719158546
33786,0.06048148591148736
33789,0.17973386104504338
33790,0.14718107889052431
33809,0.07797194906885696
33810,0.023629481520545698
33812,0.08572479666288647
33818,0.0425415233249225
33819,0.12176427482176581
33828,0.08364592517114858
33831,0.0707617390845449
33835,0.1311253759086503
33839,0.01691810862471952
33850,0.24106994561564546
33852,0.057123233590984666
33859,0.1635657740680586
33862,0.12509060515260687
33865,0.027955815584938277
33867,0.07155969113130821
33869,0.17584990168555922
33876,0.1980030839140853
33889,0.17268965084848328
33893,0.06793633316138034
33896,0.0939467083986729
33901,0.3148450656564853
33903,0.13740301827252235
33910,0.19329727528160373
33920,0.07983705080217769
33921,0.06979470280451765
33923,0.0592154708121249
33924,0.09050871630759323
33928,0.025718945921410385
33930,0.10293309758775186
33933,0.30357865766132186
33934,0.26399667116713416
33935,0.07238459131251218
33939,0.12779459828397605
33944,0.05116347062558393
33947,0.20505731067241575
33949,0.059901949880579786
33950,0.20614018349585495
33952,0.15574718799493817
33954,0.12023853698906391
33959,0.12870367590048634
33960,0.3391010903760118
33961,0.12469416578960074
33966,0.15445105373440182
33967,0.13009830018223448
33975,0.051775122092237995
33981,0.1840512934035677
33994,0.2286824875522678
34009,0.16242737645698874
34026,0.4159475447218541
34031,0.09419491128285107
34040,0.04256860307506269
34046,0.18939850149483942
34053,0.15738705073039083
34058,0.20004909508346852
34074,0.12346615610373282
34077,0.03802527399213491
34079,0.04621450705616991
34088,0.29598530209854
34091,0.04551082832287251
34096,0.21591704947445017
34102,0.21812723323401953
34115,0.344688143161319
34119,0.10580172321978548
34122,0.15339180812208927
34123,0.035649317637220325
34127,0.2925847382526255
34131,0.0952118501793109
34135,0.1529727499445252
34143,0.04763930599966424
34147,0.17387233346761005
34154,0.07398954932681959
34157,0.06310538506822394
34159,0.021347719787646244
34163,0.0225358175980027
34167,0.06597598323923683
34175,0.06394382004817584
34185,0.04000304064167495
34186,0.10111334273542524
34190,0.02958793508387871
34197,0.1622830627191913
34201,0.10441238841883124
34204,0.16792085581097912
34206,0.08830978009525563
34215,0.13468149180038197
34220,0.456933933204774
34225,0.10280285437697644
34228,0.022368975291489304
34229,0.1474392182498687
34230,0.040211730310729714
34239,0.27477390203860835
34240,0.06219717365379227
34242,0.0841148976717062
34250,0.09485358540840268
34260,0.10857801453958163
34261,0.11253101246534619
34263,0.1830141947198456
34265,0.1390238495545176
34267,0.16999564373810805
34268,0.272854345299517
34272,0.3093343603392916
34274,0.2192370364849189
34276,0.28193406973792345
34284,0.08151785855331833
34285,0.06863162151728022
34286,0.08485471896918348
34287,0.09290057335012825
34298,0.03284934832986439
34299,0.13227907532707264
34305,0.09814467081624192
34320,0.14097309495117943
34321,0.030367544990631785
34322,0.07869429542285694
34334,0.07877777417047638
34344,0.009980619592434434
34346,0.025461705764096523
34351,0.08525378621533035
34361,0.2751533009089726
34369,0.20144641026312254
34370,0.17857710236945354
34371,0.24610808865365524
34376,0.0569711139211712
34381,0.10449177408261534
34385,0.19236919169210276
34387,0.08937037750499428
34388,0.06332226015678437
34391,0.16478014215667316
34393,0.11504927511907018
34397,0.0686246056600155
34405,0.22101248126884265
34407,0.06287351612310772
34408,0.0276169248305369
34412,0.13960840880632097
34413,0.3126968986103888
34418,0.26562991865513
34420,0.08919706257770789
34423,0.1362984889195748
34424,0.11225247035473182
34427,0.2037531010955526
34433,0.05697191249577544
34434,0.07189454504045183
34443,0.11570880542973602
34446,0.18531491417082838
34454,0.4188016157495
34455,0.02894826663873553
34457,0.015532057129864146
34459,0.038185887200270274
34461,0.12182507478787605
34467,0.07061123046593322
34470,0.16844514611401118
34473,0.11783304119299717
34485,0.060454951470364164
34487,0.13336675060405817
34490,0.10172589954774224
34502,0.0553162829409057
34503,0.035677036307749835
34505,0.056063665515863406
34506,0.028383914012741207
34508,0.14171085335063044
34512,0.04108825537746938
34513,0.07781826474286642
34521,0.3064444860997535
34523,0.17484234779024269
34526,0.050484917204939465
34531,0.06241244653687533
34547,0.04828572096503145
34552,0.12488893474042573
34564,0.13285153599472557
34567,0.08518225669698158
34571,0.10884838477063996
34585,0.10604267282932324
34586,0.314897689761227
34594,0.06464852567463573
34598,0.09764774023541839
34600,0.09107305937378557
34603,0.07323694644416498
34605,0.1161208706035716
34608,0.0695350015797173
34613,0.19349439776408756
34614,0.10207473474533214
34616,0.09820624525814811
34621,0.09731678746432838
34631,0.038184369294559
34636,0.06779925348325946
34643,0.16789148445134283
34644,0.1940298360022185
34660,0.04503538375909341
34668,0.04314047324938492
34671,0.36735748678706637
34673,0.08521090493910029
34675,0.2560003834134836
34679,0.10879610732831459
34685,0.23048592689178746
34687,0.07257404754482766
34695,0.2815666979974052
34696,0.07273306346617786
34697,0.1351141035817126
34698,0.21153975249380938
34699,0.04471826858140903
34706,0.2602575707210949
34709,0.03698019263762036
34712,0.1266210941615452
34720,0.22037460585001084
34724,0.13324158297568353
34726,0.29331659271599847
34730,0.031541967674718764
34745,0.038633655079130635
34747,0.053278972790439416
34749,0.2238315584751766
34755,0.024603888442056424
34761,0.10975243751545549
34778,0.11622471328235053
34780,0.07188502954924636
34787,0.12439006649134209
34789,0.2162884521281266
34794,0.08078128915072864
34796,0.21716365425416903
34799,0.07914934896597135
34804,0.09291704413636913
34807,0.0654474535544746
34811,0.14205148375137608
34814,0.07218922780492018
34819,0.12448729644983796
34826,0.07748172722525022
34830,0.17865946951895018
34833,0.3123224382464318
34846,0.032623035160178795
34857,0.1212563255645362
34861,0.10049041252503595
34862,0.03207453801789074
34869,0.013298821000007384
34874,0.10537562964984099
34876,0.05698474070975133
34883,0.07522614961314497
34884,0.29492855482234726
34888,0.08791674933087949
34890,0.20354741359866355
34892,0.11342863028339258
34893,0.06166252404908197
34896,0.11100189092706615
34898,0.07508257307355377
34901,0.07215886696309295
34904,0.2713294383976849
34914,0.10440531914546737
34915,0.049127086618763006
34925,0.1359567281914688
34927,0.14690697578919656
34930,0.051072303530753836
34934,0.06521788658553118
34938,0.14352617969144685
34945,0.11754700456137125
34948,0.02994558750363689
34957,0.3455233064658045
34963,0.11653670021672154
34975,0.13829240969609308
34976,0.04928978879162871
34978,0.14850360943957375
34985,0.11400638974299891
34986,0.11316068978202393
34993,0.3155254863468437
34996,0.2699151379321146
34998,0.015710702158906912
35000,0.2629706351037397
35001,0.2855495786885904
35004,0.03561213218232148
35006,0.08882798667399522
35011,0.09971874193155335
35015,0.03135007118680311
35018,0.1434316385874527
35022,0.07949752723132121
35024,0.13144603927272083
35032,0.32432337336517664
35037,0.024843725561049065
35043,0.14824159208381507
35057,0.08392159593321612
35061,0.2961412047458788
35068,0.031482736663868846
35076,0.15941598440608556
35077,0.03446301753481209
35084,0.2824632559786237
35085,0.3416057852222309
35092,0.028378160257979138
35097,0.08986131403096974
35102,0.23500649489608835
35104,0.4073150054526052
35109,0.2292035482297001
35127,0.03963321942808701
35136,0.1651995619173014
35139,0.13833460098736963
35159,0.0763432231027259
35165,0.10206576978746652
35170,0.11782532071366929
35175,0.12357496826487649
35181,0.14914423836537496
35183,0.027517347449234508
35186,0.05220592273909895
35192,0.13213860072009817
35194,0.09758278502867981
35198,0.23799835483146886
35199,0.04995923962597631
35203,0.3068498746198186
35204,0.1501885320102169
35206,0.08942450015811715
35207,0.09871149569750398
35212,0.1271505702948879
35213,0.26756688209142626
35217,0.08561185799830595
35227,0.1233664108260894
35231,0.27386221901858016
35232,0.11491833941575173
35233,0.12321199483253051
35237,0.059085790104753316
35239,0.16042723887867555
35244,0.2546140526218893
35245,0.14602297066590197
35246,0.045307453164173186
35249,0.2622663695107997
35260,0.11448592124807631
35269,0.09160066031161272
35271,0.03708727848497464
35273,0.06201618571819145
35279,0.2984512256115394
35281,0.08509132807799963
35287,0.10635708410641465
35292,0.033429910338618286
35293,0.11080513228701469
35294,0.07317885772904013
35296,0.017412908324762274
35302,0.09086622824638033
35307,0.1615899183631475
35308,0.18846498489080166
35319,0.15600802121211255
35331,0.04191973510590502
35336,0.05136935700636328
35342,0.18961546784202282
35344,0.20200366675716835
35353,0.14958237710398367
35356,0.35082909996896133
35361,0.2284524617496655
35367,0.14723563809793566
35370,0.041975900116104116
35374,0.27662281218933404
35383,0.28529704666834654
35404,0.19933410220014838
35405,0.16310067093579642
35408,0.09160128849996273
35410,0.15557768762413876
35412,0.1403661681963267
35425,0.1998792610441227
35427,0.14686430189871053
35430,0.041174793637974404
35442,0.18728997267374942
35466,0.10820395563196798
35468,0.20934458171302375
35469,0.10111197229851322
35482,0.13898113643008878
35484,0.04354071645574165
35486,0.2799014331527268
35490,0.05750426779924318
35495,0.250527301828221
35496,0.06514481174143663
35501,0.04216055055189674
35523,0.14625943451962112
35526,0.14576446045090988
35529,0.11290655209210851
35533,0.08277501139222204
35534,0.16752190445378215
35536,0.07195432057485772
35537,0.23482667069089747
35539,0.14046523851405787
35546,0.24979793585381987
35550,0.09520638947313163
35561,0.20636745973067736
35564,0.0706739583429386
35565,0.11808961566598447
35576,0.18134366547323647
35586,0.06340234159283906
35588,0.07994994301531079
35592,0.014412462441133068
35593,0.08249565203024493
35594,0.0914432809968759
35600,0.11247793486662386
35603,0.03503230756588726
35611,0.11212683674513362
35618,0.10710028184370882
35630,0.27326219111051253
35639,0.07781039002477338
35642,0.27143212024591595
35647,0.057382072461008383
35648,0.19383297308507472
35651,0.10167842212905186
35653,0.08960095949505306
35656,0.21639420206057536
35657,0.015419641167156902
35660,0.18519624078400346
35668,0.06307931913441793
35669,0.14813003909119227
35680,0.15998259301892212
35681,0.2229604165326371
35684,0.29367411862107784
35690,0.07617169142625015
35694,0.1215708827804265
35706,0.1046299246664774
35709,0.10527601168390531
35717,0.0268125818652861
35728,0.32858973060648555
35733,0.1333159374809926
35735,0.30008394596638654
35738,0.21994763611321266
35746,0.07844104056694706
35752,0.18257219934729435
35756,0.1535397904756526
35759,0.04356218166164515
35761,0.053401974102454244
35762,0.14241841028614455
35763,0.07767867523853388
35765,0.23197935083656218
35773,0.10563730721775971
35776,0.15176992574147083
35777,0.06593223479099333
35784,0.0609895732322599
35788,0.28613612949793477
35802,0.10239310952245625
35803,0.1749590770631713
35811,0.05632156079659321
35814,0.0630400802426802
35819,0.17767535338281057
35838,0.05458389571073652
35848,0.22054533339758917
35852,0.14018910196695722
35855,0.10389912655035942
35857,0.1325643193486665
35858,0.09189179719045992
35860,0.11665642577185058
35867,0.12204060885592115
35869,0.11250393469009352
35872,0.06886090300117258
35874,0.045378332652569825
35875,0.07618368232165425
35886,0.2105286588249862
35898,0.20427293251750908
35908,0.1846144759056045
35910,0.03245890755962075
35915,0.036850073809825856
35925,0.053878845970960584
35940,0.24590419069496675
35944,0.32164420300637403
35946,0.06714299296151507
35950,0.03148262520443373
35960,0.2311697132163798
35966,0.27197925658528915
35973,0.25404296942400123
35981,0.08145055048422715
35989,0.17240704724304587
36001,0.11920463885635908
36010,0.05852566407201908
36012,0.058623036962335014
36017,0.09049491326226723
36023,0.032636699282226275
36030,0.03419388333328899
36034,0.1908444928347382
36041,0.08884586886404837
36047,0.03909371849734281
36050,0.08159950470160292
36052,0.13558063901465045
36059,0.31289483945935875
36060,0.20167798671015774
36065,0.12141804165820204
36066,0.061123783182752335
36084,0.24874114647855355
36085,0.25001994685273027
36086,0.2771896219472336
36087,0.11096699575154481
36091,0.16743896926414292
36096,0.07404436857117368
36112,0.17644017334522022
36113,0.09092144359371306
36118,0.10714576374480544
36124,0.22754296393041357
36127,0.0635326975386942
36130,0.1436209746213027
36136,0.12912616465446794
36149,0.2174164423194455
36157,0.2497890847562044
36160,0.04115315026790418
36172,0.05509287106828882
36176,0.10154358250423859
36182,0.33446859393421857
36184,0.06537405538144626
36187,0.20863451593107318
36190,0.14024126964987046
36200,0.06093245638495759
36202,0.19187547587961457
36204,0.133654348900735
36213,0.08482124770512786
36217,0.2092216497453278
36219,0.08447074796830234
36228,0.1464461555114564
36234,0.3115914175420977
36235,0.12098512425605912
36239,0.15774918727191942
36244,0.05536281341750738
36246,0.3707329412176228
36261,0.07672720739599215
36263,0.07011033865638548
36264,0.04665406931580152
36269,0.08473556707020108
36276,0.06721597820984322
36278,0.1340747943461066
36282,0.23991382971712272
36293,0.1274513219109574
36300,0.08726592862721495
36305,0.025458687675376988
36311,0.011437232946234327
36315,0.1368736121810173
36322,0.0396928150786454
36328,0.1017747381747779
36346,0.3931082044851763
36357,0.1966761034476744
36358,0.037193918606073795
36359,0.15577794255380836
36376,0.11647155950327727
36388,0.06414472145473087
36391,0.14194475765680084
36393,0.21470135257614667
36394,0.15049711208002278
36395,0.24233112904153925
36408,0.048027694215214016
36413,0.3976219777898223
36416,0.029363721747339068
36420,0.2736569580618598
36422,0.21761724204859467
36435,0.024790887290600645
36440,0.07489155572590446
36443,0.39157328222559246
36447,0.1448921573763617
36450,0.1947003901832268
36457,0.09031095776353534
36465,0.09344535020408576
36475,0.03882871986055635
36481,0.1974150992768065
36488,0.2853488587956684
36490,0.2545226236903566
36500,0.1710195826873056
36502,0.2580704298644797
36512,0.173243512829183
36514,0.2989279776488496
36516,0.15570439042876727
36518,0.20183601410018595
36530,0.057599819635013955
36537,0.10192590012566985
36545,0.0454786053016497
36546,0.061118371219210564
36550,0.07717194546411112
36557,0.054308473555049606
36561,0.17000225575383912
36564,0.12075003604757542
36572,0.02778829188184352
36575,0.26466101097902944
36576,0.09779450087123767
36580,0.12532255184932253
36586,0.1084082207249157
36588,0.21953459736409459
36600,0.07837630238939493
36614,0.037205111086230896
36621,0.07462693427828851
36623,0.0944808026741536
36624,0.011000815810410892
36632,0.12090275317372344
36639,0.1514662849061323
36642,0.10644456283084203
36644,0.17145113126907133
36646,0.05865009242235084
36653,0.11660541207035582
36656,0.0741806372533381
36661,0.08199883510069761
36662,0.03251868172551645
36671,0.051144680468969465
36679,0.09948408084362624
36692,0.049945190901103984
36698,0.1560754307833885
36707,0.05479874054840026
36711,0.022357935880758108
36712,0.21991362687463295
36718,0.1744185456765313
36722,0.14905962880225507
36725,0.1208829127997697
36740,0.2538580469178474
36743,0.2175796968424404
36751,0.17227704803150218
36754,0.17649470437065706
36756,0.07683097866880746
36764,0.07554722215650134
36768,0.10834701069631619
36770,0.032260334722730766
36772,0.27092901267572894
36775,0.15814089732711223
36776,0.11838550481649844
36778,0.2891991307844957
36779,0.1969991454587471
36781,0.18310963049228784
36792,0.17235690179151933
36796,0.13473233114068003
36803,0.022496462276833443
36813,0.1479174509886229
36827,0.15414428970790295
36830,0.15846965879455663
36836,0.18769867488164785
36839,0.10066605124947485
36841,0.26129223924970224
36846,0.30752948233609245
36848,0.019011190960873458
36850,0.01234549955845641
36851,0.380254527496444
36856,0.05436290691554675
36857,0.19638219632738083
36858,0.13694054600672617
36860,0.13873915509861573
36861,0.08634348640776537
36862,0.06645202589060233
36868,0.05343029017001801
36882,0.11397374145655295
36883,0.06861828395249404
36888,0.3277741004939439
36889,0.05265351901567702
36896,0.10063194841620644
36898,0.10016703278923214
36906,0.15242282630360598
36910,0.13737110912039577
36919,0.023269563820676888
36924,0.12416489065003358
36930,0.06771000817547834
36935,0.13682859359097124
36936,0.027673442401352548
36937,0.1330426773557876
36950,0.06477533407325901
36957,0.06041028523303042
36963,0.14037894044576318
36968,0.22926955097398383
36983,0.06632444150918315
36988,0.29109714159718236
36994,0.2216654308775072
37002,0.06728732533358245
37004,0.28942835927077776
37008,0.03162481315467944
37009,0.40121777057242153
37018,0.16457253008385603
37022,0.10124398633079053
37032,0.140140902487108
37033,0.12434234696330168
37034,0.0677306237854748
37040,0.10757857233287499
37056,0.09414631168786408
37062,0.07526629902658513
37063,0.04331384096111509
37064,0.024394423352516854
37065,0.10396465184694102
37078,0.12253980543215152
37082,0.04349582184004369
37085,0.09166430085723201
37089,0.044649561751865505
37092,0.22476437898724153
37102,0.07324071598966202
37108,0.10357502120726651
37109,0.1428988137645984
37114,0.06379980281294959
37115,0.10411616878313362
37118,0.16593570095797658
37129,0.08815005648118582
37158,0.41249220624530225
37167,0.07175795346141688
37169,0.2019397046078586
37174,0.18198162447646907
37178,0.17982176898407254
37182,0.3802461017915125
37183,0.0960116857432457
37187,0.05499455505191909
37190,0.12116220359308086
37196,0.09237505912897868
37197,0.10327428363795041
37198,0.03557352133988824
37200,0.23651682845681418
37201,0.08473939246499047
37210,0.26556910078183765
37217,0.13441937621009659
37221,0.12298408733793262
37224,0.17166191435111894
37226,0.13119946824818962
37236,0.12401883453062526
37244,0.13643902097426672
37247,0.23640151458987857
37256,0.05460953621024938
37263,0.05933710009248166
37268,0.09115379183238356
37270,0.06749573236077025
37273,0.18579173373418387
37279,0.10498107904168162
37289,0.03857476986486084
37291,0.27575804552042826
37304,0.043353151338932305
37305,0.051480095939934224
37309,0.2178255322497324
37311,0.08258339789530295
37314,0.06103645769536692
37318,0.2865071741632785
37327,0.10235768274082845
37328,0.2656222596492421
37333,0.19313265673457528
37338,0.3091427571577142
37340,0.28240718237204554
37347,0.20273529939590146
37356,0.027615534186397894
37359,0.15502986966613208
37364,0.21697609505070722
37365,0.06616127994526849
37369,0.1073977356460951
37371,0.20701501126568464
37375,0.028049693731020363
37377,0.06474168013111692
37383,0.07579982737725363
37387,0.2462858516707996
37390,0.1245932046861679
37393,0.2741867953231425
37397,0.2081643510102996
37399,0.03375895586873401
37404,0.04517477381476898
37405,0.04040653907667311
37410,0.2629054408998402
37413,0.0753628183843733
37425,0.17218288445716934
37426,0.07396940762777583
37430,0.2174318328294943
37433,0.08148120163400493
37436,0.10701464436999253
37443,0.1658086875533627
37445,0.101737265176795
37447,0.10720286435661927
37449,0.09071358077553379
37458,0.04738485952133181
37469,0.12051269536698193
37471,0.18641757194594646
37472,0.15730600759509858
37478,0.15560905306870945
37480,0.12809821873551933
37493,0.07345570736173804
37495,0.19929166448688204
37499,0.04938377974972574
37503,0.016330435256579786
37507,0.07005110324376917
37517,0.05475276260367221
37521,0.10803232739576156
37523,0.13810562218417546
37535,0.16553870992054429
37537,0.11764433505747275
37539,0.05150988974823003
37546,0.2322099827107331
37551,0.3198126293038847
37558,0.043604917425176117
37563,0.0529558077536231
37565,0.10290420197714222
37568,0.05382351907528137
37574,0.07630720684170561
37585,0.022950432449065448
37586,0.04405767514264448
37587,0.18327303261319666
37589,0.11892816047089413
37591,0.09990140927777784
37596,0.11586119689415099
37599,0.04215545613535382
37601,0.21670176647089318
37602,0.27614491268330693
37605,0.14405990493662393
37606,0.19920310146124964
37622,0.10651027305699741
37624,0.04831474395817826
37625,0.03906734279455757
37629,0.23968109289334844
37639,0.06427859138621626
37644,0.192463426901564
37655,0.14922956552071306
37678,0.05322415161539088
37679,0.05627654791762892
37684,0.05287161650851954
37685,0.045853215178873974
37701,0.08231432297664004
37707,0.1512574908258554
37712,0.06667181171991306
37713,0.12884332957804942
37714,0.044578180663196354
37720,0.0359010949877922
37727,0.33187026208154685
37729,0.07318195440293777
37736,0.018690703328635625
37756,0.10289372025102822
37757,0.06995367526235444
37772,0.10616116414566634
37774,0.09108193762837591
37779,0.03619645466130556
37782,0.20260038214115245
37787,0.3698940780606822
37790,0.19784874958923618
37796,0.11740053778830696
37797,0.07421667425990607
37805,0.2852669741777204
37808,0.19710946071541027
37810,0.03767981366276632
37813,0.09283651595726976
37814,0.14833054391290168
37815,0.27442972467345944
37818,0.2655560747187955
37831,0.14736663216269544
37836,0.2235655018840398
37847,0.15358984587092606
37849,0.025879708557952987
37863,0.43228710943363985
37866,0.13514354375460455
37875,0.13877378389467496
37877,0.03440419042596772
37896,0.15960784512609325
37899,0.13762324629587977
37902,0.10137189900096415
37904,0.19537471862963118
37905,0.13598382156360975
37911,0.18170743306850679
37915,0.12990330160590172
37924,0.06195102771856063
37930,0.22086888154587744
37932,0.051437537168600986
37938,0.08798020011363089
37939,0.08253997447862253
37944,0.0669311701440166
37946,0.11645864284099527
37958,0.16759703857287775
37959,0.13514371075736178
37990,0.033958691743079986
37993,0.06822272245976871
37997,0.11879380534488847
37998,0.16341409582560798
38005,0.11536166714425689
38016,0.02674286107357042
38022,0.14131434498212858
38023,0.03468184152964915
38024,0.20309016234057747
38028,0.2614357278844646
38029,0.15336972490300038
38032,0.03484990296114227
38036,0.21666636394361743
38037,0.2884573790686933
38039,0.18974805493525035
38044,0.09004724713075718
38048,0.11803009199210719
38050,0.18047786221592582
38056,0.08286883925294519
38060,0.05971513054527242
38068,0.147354810973082
38069,0.0983666382103583
38076,0.10956585790155872
38079,0.09428729110183262
38083,0.22277662019314964
38094,0.23897656949031848
38104,0.20985699495281962
38118,0.1741561306607529
38123,0.10152236538172517
38128,0.033341131934510465
38131,0.16973816183081106
38136,0.10861939402538638
38137,0.05699347866414477
38139,0.03332687837287728
38151,0.26797600618458933
38152,0.1813495602452486
38159,0.08983843071240981
38162,0.1942021490664766
38164,0.04112301845391993
38167,0.10890771618663753
38173,0.054633469606634434
38180,0.11360808132250176
38185,0.08173074451220583
38188,0.019702610900289106
38189,0.030563602021028896
38190,0.15442886731898983
38209,0.1421305089409924
38212,0.22993148957995335
38213,0.08640665457489553
38216,0.12954117651224728
38218,0.027236895817774335
38226,0.06672149379041366
38227,0.1280843483538521
38228,0.02417165894278437
38244,0.11852300670762524
38256,0.08756969744442464
38257,0.1454266345880935
38264,0.19218689807703712
38265,0.1460329381266627
38266,0.14482409824728
38268,0.07022052738096124
38269,0.15880811867439695
38272,0.045624684106875736
38287,0.16611819880312184
38295,0.07068232307299656
38302,0.06617915228476177
38306,0.02185058323955582
38309,0.09606074941880134
38310,0.16094981335532696
38315,0.2964952800980635
38316,0.1737615138022753
38329,0.09584200271044056
38342,0.102507914836169
38353,0.0910879987404149
38355,0.04308678502100257
38358,0.022628927528167198
38359,0.12887450382586596
38361,0.11085266759793498
38376,0.23998671515732253
38380,0.32131727455348624
38390,0.15397796953219955
38391,0.08004643011186287
38402,0.17771828221542144
38407,0.08002997600569099
38413,0.080759294626746
38415,0.12726089306589763
38416,0.17857273715389485
38426,0.07166383219653628
38430,0.1958841227734532
38433,0.1708581732649446
38444,0.03352477969119119
38455,0.05062624362345209
38457,0.19701530497442626
38479,0.03391474655689694
38487,0.18700730560420042
38490,0.4560748926012558
38494,0.11309600951285781
38496,0.26767756624784383
38498,0.10255574785027848
38515,0.03452015137477621
38520,0.11992700573429935
38529,0.13381718168344772
38532,0.1340439730495467
38535,0.10340689852289096
38537,0.1822245742647442
38539,0.04065222137034946
38551,0.20667614988085067
38552,0.48416631212076877
38562,0.1305236228781323
38563,0.13008849627469507
38582,0.09131315598998908
38593,0.02572804698301528
38605,0.1708441446428584
38606,0.1815006305165787
38612,0.024567653550714427
38617,0.09250685683864815
38618,0.06133994599481679
38621,0.018416675823734564
38629,0.1278303229455875
38633,0.046775964149639214
38650,0.02249716314367671
38655,0.19476000394110843
38661,0.34720102084063476
38663,0.16396946599590317
38665,0.13193111036693758
38669,0.10279178571231669
38671,0.191499829847527
38674,0.1943106502388157
38678,0.15138103338194095
38690,0.15515742846415675
38694,0.30403973442165017
38707,0.20275928177168334
38715,0.11439633221866947
38716,0.4394181227504803
38718,0.08771997371740231
38719,0.02715625538432459
38724,0.10142675187248182
38726,0.04478534854650002
38730,0.1442483987553175
38744,0.1572672663726432
38748,0.05548002215762595
38749,0.07506893802380626
38755,0.06446711400780822
38768,0.1322230297599198
38771,0.1450367959820939
38778,0.037927887411857084
38780,0.07235421477045595
38782,0.054029028593503226
38790,0.08124525077174063
38791,0.2855849547766842
38794,0.1232690785604128
38797,0.030242135195654083
38798,0.03612192497932323
38803,0.09679439155460376
38812,0.2143191938421689
38813,0.11699844688147067
38820,0.100777203589139
38827,0.1844706511436128
38829,0.27211461867497533
38832,0.12709566520994597
38836,0.0741936405025477
38838,0.2508034484111634
38844,0.1095586209779455
38852,0.034329745588276256
38862,0.15263097929315572
38865,0.09605551452800377
38868,0.06990593923270862
38874,0.09441195098615314
38880,0.11342882943187957
38882,0.21900911164373207
38884,0.026434755343617465
38885,0.05487290045911757
38889,0.17336209315709783
38891,0.19265542931867574
38902,0.11454932892659853
38904,0.23763146817052846
38906,0.11911678585939325
38914,0.239287586581553
38920,0.024326934789468933
38929,0.03307628822940047
38932,0.2656197359520007
38933,0.09019003294852707
38934,0.13573474736586688
38935,0.07736269342952053
38950,0.10489819582633444
38960,0.07669017933883424
38962,0.15233875611403078
38963,0.13670647811576914
38974,0.12850174485297464
38983,0.08380732080294262
38986,0.01804241748541983
38989,0.07566901810084575
38990,0.12148913744017438
38991,0.1333348896015978
38996,0.08470507486751196
39008,0.2564474739117448
39012,0.055686652817339734
39014,0.10374351257205086
39016,0.016960424492146763
39025,0.27953078706033285
39026,0.05142448867623676
39031,0.05805217268034036
39039,0.26937227271149905
39045,0.06392022046986663
39051,0.18850600965575195
39052,0.05413109767908865
39056,0.16114441643342678
39063,0.07578927944089141
39069,0.368061698318349
39072,0.06442145243088002
39074,0.1483541850770349
39080,0.09652752241375048
39082,0.16695289191819213
39092,0.1095074745791633
39094,0.3487098669873432
39103,0.20542467526857355
39104,0.0890625393585565
39109,0.03525900744745665
39110,0.04686610533725028
39116,0.07199759339407553
39129,0.17193590260689678
39131,0.07331501955822668
39135,0.09985944951629938
39143,0.14789827596707344
39144,0.19126236033172025
39150,0.0718068307292707
39151,0.10257611005027442
39170,0.042673915332345665
39171,0.01828424775110561
39179,0.2080032286485391
39181,0.0728626065891246
39183,0.27232104438316157
39186,0.35273843088939366
39191,0.07753441582324672
39196,0.06642390909304768
39200,0.12655379636503866
39204,0.08736167209243954
39212,0.07927514664997268
39214,0.05057877234861689
39225,0.16678380112476446
39231,0.10313975220288593
39242,0.13677626135613388
39265,0.0644296718659909
39268,0.2149706934298297
39278,0.08962579911367123
39280,0.10625758123931267
39287,0.14841923628231757
39307,0.07273062856924033
39309,0.3137254709519764
39310,0.24663968121175495
39311,0.050603528040333114
39312,0.08785738279641338
39314,0.17109040154861543
39321,0.054413060252309686
39324,0.05433211752451703
39327,0.04860993684880158
39328,0.08054596241184907
39329,0.06218714719153097
39330,0.15478917000737413
39338,0.015787682220106795
39344,0.09067090689827872
39349,0.033310732061934224
39354,0.1527211786177248
39356,0.03491749962807255
39358,0.03784596590956822
39363,0.059909869208832824
39365,0.16576032399649915
39366,0.2393554714947826
39367,0.1435568662627572
39377,0.09395910282897867
39387,0.3321088546585129
39403,0.2531666200603086
39406,0.4515132363974136
39414,0.24178895611371945
39415,0.15338913791135525
39421,0.09149343340745868
39431,0.14825665815732603
39433,0.22714215403225224
39435,0.15726173383543943
39445,0.17789890080962825
39455,0.10329409559822204
39463,0.1223566444239978
39471,0.24814188864044526
39473,0.11909616635276173
39480,0.07755736153912846
39486,0.01353212969024273
39497,0.01991545933260934
39505,0.18177265835761458
39506,0.1975379602670289
39517,0.11097774186357101
39520,0.38791973572732175
39526,0.0966084521819231
39530,0.30940158961418385
39539,0.04727874874755782
39543,0.04709041018619153
39549,0.13307565870937874
39552,0.09229850985913701
39560,0.33460001880109236
39562,0.15475682891726458
39573,0.1903385013222534
39575,0.04922353921536367
39578,0.27634061293072826
39579,0.04464368582042905
39580,0.028258409759682423
39582,0.047813526878982354
39586,0.20150550504825357
39593,0.15908937346929403
39596,0.10192669703457391
39597,0.03095858730199723
39598,0.09608550348794243
39605,0.07426808796602302
39608,0.12581504921728578
39610,0.09305362530357579
39615,0.19556400281233044
39617,0.13057448717056724
39620,0.015899019085267453
39621,0.09783405209986916
39623,0.1301458694629791
39627,0.12872294690670902
39635,0.049632620315000195
39642,0.06984513155471396
39643,0.17413098285394557
39645,0.22046498093883196
39646,0.05341475505792623
39648,0.08936661739383477
39652,0.036237115732374446
39654,0.07205127925448482
39655,0.06707144312166484
39662,0.1575386683194535
39669,0.04677442435044116
39670,0.17551201466424468
39671,0.15634184977342525
39675,0.08827085552172104
39677,0.05989226748392196
39689,0.28210799335750275
39691,0.03524976445816293
39701,0.08072963221944439
39707,0.018514925796033883
39721,0.117409598029509
39728,0.05286043998423639
39733,0.10153884871342204
39734,0.15626450119952193
39736,0.08603476247633231
39737,0.24599945919859123
39744,0.06665568035092788
39761,0.04883294006997989
39763,0.04049509754592187
39773,0.050924489761182044
39782,0.0579753545022655
39788,0.19416763657715821
39792,0.43214998955969547
39795,0.1749581825621402
39796,0.06909057999377931
39797,0.03656862359326322
39799,0.07342086534694894
39801,0.13978734571778037
39808,0.21836406745393444
39812,0.0873599473399576
39814,0.0245236924675341
39815,0.12600364231038494
39816,0.1389518472593381
39817,0.03277626304986092
39818,0.05680878674122276
39820,0.1099491778161067
39828,0.04867191495141335
39829,0.1332880271621042
39833,0.3216996854681602
39838,0.13570458921721207
39841,0.1653385445837964
39854,0.33813367981742787
39858,0.12818007582820753
39861,0.1848928115970422
39864,0.10524900505031759
39866,0.02161496655463509
39869,0.13409200959340845
39874,0.1904938521641836
39890,0.03818537281925205
39895,0.313600789266682
39896,0.027141238543365587
39897,0.16169357057090694
39903,0.10606734165743067
39904,0.117667646272738
39905,0.13968167628039993
39906,0.04266636196305564
39907,0.03152366037018622
39908,0.19294927924699198
39915,0.03871630843036645
39919,0.03259376930788022
39920,0.11742165713423078
39926,0.2581719227247639
39927,0.09286454769925463
39933,0.10311891894452865
39936,0.08628064774778821
39943,0.05062751592200257
39945,0.06121725988955853
39946,0.07564672299929381
39970,0.23272057694660994
39977,0.11336853290249771
39978,0.1028685412625632
39986,0.2718324988100722
39988,0.08108547594539398
39989,0.03710717976068358
39993,0.057205934250506824
39994,0.03407636054611606
40003,0.13539352656875525
40007,0.1653120538692782
40013,0.06040257059030644
40014,0.2707410821520566
40016,0.08176545642164929
40018,0.1508437564282154
40044,0.11929082729741738
40049,0.22854375188706333
40056,0.09542740610267626
40061,0.08583653941110084
40064,0.2716622805116561
40071,0.059898729335699424
40073,0.20794932261794924
40074,0.14757356994888138
40077,0.09793741481937794
40080,0.05897894877482948
40083,0.08814095890963514
40086,0.3821347249543998
40092,0.2638523912700282
40099,0.06846031367841045
40100,0.22592055855854287
40103,0.11435492647209128
40113,0.2894073445793829
40114,0.19488897561725244
40117,0.017128109738228755
40118,0.06841862788885204
40126,0.06087226793757624
40129,0.1279129463096107
40131,0.05366007885387773
40132,0.09318068701090501
40144,0.1997242255630409
40145,0.08441108187488286
40149,0.1532203606398353
40162,0.18721134104571535
40163,0.0791806898535096
40164,0.1104058662471385
40167,0.04331425789854121
40169,0.22704286046746197
40174,0.17397469024405476
40178,0.11251258292412383
40183,0.22539144415253443
40184,0.16188325741709186
40201,0.16532335416022553
40213,0.12338033328656066
40220,0.21332526783448139
40228,0.07993059412303995
40233,0.11940075169835877
40244,0.2338810919276548
40247,0.042371174038909235
40251,0.16268075627553502
40252,0.0897121146809337
40255,0.14254944259871513
40258,0.036679245347334535
40260,0.08396736364153899
40268,0.15190405876210372
40281,0.17102531457883238
40285,0.09481938113815104
40291,0.1172077485980667
40296,0.03306682034709018
40304,0.26150867128406036
40306,0.07723522496855914
40308,0.1740757792183157
40309,0.07235635697523556
40315,0.06145550498849968
40319,0.032687944602231386
40321,0.1415624743817597
40323,0.02131924714037676
40324,0.10606910444992197
40326,0.15720291541156145
40327,0.07303521145601441
40352,0.16870392973577253
40358,0.2423372226897112
40359,0.10779787034862519
40376,0.07183080738351125
40380,0.2518815764261971
40387,0.04411409165306573
40388,0.11330623998584533
40392,0.15781337935050627
40394,0.43029964109697644
40397,0.06206331901566163
40400,0.09886210058387845
40401,0.12117976726148003
40402,0.20881891151876433
40406,0.2514863716776823
40408,0.12134508705266389
40422,0.2114354988646617
40424,0.03586073859500713
40432,0.02587411454290199
40434,0.09633833954526139
40446,0.12918661455191835
40461,0.07936498861295462
40463,0.22234643969607235
40477,0.17379029577748842
40481,0.07368489917526783
40484,0.11759142478418333
40485,0.07930244501290427
40492,0.14183162585098755
40498,0.15692451294707344
40499,0.1346409220721422
40514,0.1323587051982657
40517,0.12180998791294562
40518,0.22482444993528156
40520,0.20455809757094964
40523,0.08799188440834317
40527,0.17022281250773963
40528,0.17808116917170863
40533,0.1264879903875622
40536,0.13749685374277842
40537,0.2033581357627765
40539,0.11316818914986256
40541,0.20768204385041672
40543,0.2250359836176253
40545,0.13687761438207569
40556,0.2265785684224583
40561,0.1699398416742263
40566,0.2823891054195657
40570,0.02163018595685077
40571,0.08711373887142415
40577,0.062402550032192174
40589,0.04157485778646842
40618,0.09128938822464075
40627,0.12108780667073207
40635,0.0561352280557809
40646,0.15913741151073163
40648,0.22990069884584435
40649,0.16031605888075615
40662,0.05917219156864475
40665,0.3034671110131963
40666,0.1897909796408161
40668,0.11397692170125716
40672,0.16923274126982785
40677,0.08968070739145617
40684,0.2850798553102877
40687,0.04327135433203419
40689,0.2506473770553961
40698,0.12293948705875707
40699,0.13234960412868738
40701,0.11933032015036059
40702,0.05931103290957743
40704,0.08941178904275893
40706,0.11604126998066659
40708,0.2663378249037114
40709,0.2459818732473075
40710,0.07907778085340424
40717,0.09916158947199014
40719,0.09298882426474321
40723,0.1709807649080105
40730,0.1431646591568948
40739,0.059991660460641104
40747,0.06665925152915961
40749,0.1352667492393366
40752,0.08066919390175799
40754,0.056738690490961925
40757,0.10290537284712038
40761,0.17639292569570902
40764,0.02725091394550216
40766,0.30361303661790634
40767,0.36182570456398977
40770,0.039739858701002405
40776,0.03702698790315354
40794,0.31934141916144937
40795,0.2491219238871924
40809,0.022510932902252142
40816,0.17617873083951524
40818,0.02134116766829536
40819,0.08909144097457457
40828,0.08363606890142648
40836,0.1896126561002248
40839,0.1845636331674951
40843,0.2678117661023239
40844,0.18366367033711592
40850,0.02825267863102397
40855,0.025449795193376194
40858,0.1516683283279291
40865,0.07422238860345279
40873,0.226750790275933
40874,0.06398716567101832
40901,0.25528046041249075
40902,0.2116434580752621
40911,0.06631433785042501
40914,0.27928207805737865
40918,0.017806307812834342
40919,0.11396869925932863
40920,0.1652130196708199
40922,0.07618754127816081
40925,0.1346822603114807
40928,0.19232802093596876
40930,0.029880685830633528
40936,0.27642427279655124
40939,0.12922629935409316
40942,0.16068977355030303
40947,0.049389853363621894
40948,0.059559155084636065
40952,0.2110142639032892
40953,0.33461541695563235
40954,0.13747317219797747
40959,0.20805413287856278
40961,0.04433934780921377
40963,0.11141734071867399
40964,0.1127147697821865
40970,0.07130624677126272
40989,0.206151910852034
40990,0.139330364776946
41007,0.048795027611649514
41011,0.1154533833498496
41015,0.12448121264729688
41019,0.15841920560903677
41022,0.060632655950309894
41026,0.1627625229001846
41030,0.34535916584266907
41036,0.035729440657534695
41038,0.1401803050806108
41039,0.3883650508669379
41043,0.17008627446677632
41050,0.1194768888873921
41056,0.09473785965555813
41059,0.07951529488229028
41062,0.05037578166581363
41070,0.06600048530995278
41073,0.09550744558927952
41077,0.15470862582955844
41083,0.21703051859025987
41084,0.04129310107174212
41091,0.11234092050007748
41092,0.05676730219973709
41094,0.21784485982366916
41098,0.08813897331241304
41104,0.03342677021090299
41127,0.14411886465989607
41128,0.24161388649535961
41142,0.19968095681353323
41143,0.11890917842016473
41144,0.09928193628183787
41150,0.12616700883372764
41158,0.15373222079598
41163,0.07003764534688857
41169,0.04641136977431008
41170,0.29568932005521253
41181,0.3612176462786597
41193,0.24298238516073362
41195,0.08520842864125243
41199,0.20475023525279737
41201,0.19208948244947996
41205,0.284808471279255
41208,0.12107525929143637
41215,0.24665970972834655
41220,0.2849588993293464
41222,0.07308069126983642
41225,0.14654325487967332
41230,0.3538526351273961
41235,0.11162833328256104
41239,0.07981877321049438
41246,0.030125020045335932
41247,0.15323468031706333
41248,0.2028788543759131
41249,0.05179873778351813
41253,0.21643042355604494
41264,0.3361574924545571
41267,0.17602599467236832
41281,0.049448617501576975
41286,0.39388597694510213
41287,0.07777714777921552
41298,0.08646276042829922
41299,0.17694909367945597
41302,0.022903488018849737
41309,0.037329622293614216
41311,0.10340288945026738
41338,0.05698592195026405
41341,0.3236434514497631
41343,0.20659796814979312
41346,0.1000895809424223
41354,0.08414413548173011
41364,0.26449211728559147
41366,0.09903478556465473
41370,0.032215933996685805
41374,0.11427283491438255
41382,0.32015346472356565
41386,0.07169785661317742
41391,0.08518642982763573
41396,0.023626837822214884
41400,0.03374318143416817
41407,0.15737021610267085
41414,0.1053885962337638
41417,0.0494076063721624
41429,0.15749667201293444
41434,0.16258008444884145
41437,0.0594215231874331
41449,0.10435594820529535
41454,0.26703245490861743
41460,0.2771021057985409
41464,0.04397786211988577
41468,0.05220241752684383
41474,0.11436131126208358
41476,0.048953721094573556
41478,0.2021942320785996
41483,0.06253054123970765
41484,0.08589637588608569
41498,0.1619437112830278
41500,0.15960670602052643
41512,0.08897500233965135
41518,0.04323493031424103
41530,0.18166224756136107
41535,0.10843073608649054
41538,0.19596223150517894
41543,0.0537772298624063
41552,0.05629035702735643
41556,0.31219869649313525
41563,0.03863865051418631
41564,0.1962581883987387
41565,0.12751703542857065
41567,0.18476065777961956
41571,0.11773338808593937
41573,0.19815681231324295
41589,0.0738131287669302
41599,0.07583226454212635
41605,0.2817184906541136
41620,0.2397849512291834
41621,0.1789217251324768
41627,0.31624440973776147
41630,0.18491265463853362
41631,0.16670180366770654
41643,0.16864842023856075
41652,0.2600829888694944
41656,0.26903358431143654
41657,0.06359941576843157
41663,0.17307910659277578
41671,0.1374205333366804
41672,0.05163425449717723
41689,0.04712802922489703
41699,0.0629409416000685
41706,0.05032412671992225
41707,0.10267616963211351
41708,0.10908587063580426
41717,0.022856367970798288
41723,0.30103327040469363
41730,0.05895184711066523
41731,0.09118717344282364
41738,0.048751164226893316
41753,0.2147545232281465
41755,0.02670879445681749
41757,0.10137737107873308
41772,0.028867072904305197
41781,0.12960068353854573
41786,0.0880150883543882
41790,0.0808934608573346
41800,0.38819280066175477
41810,0.1623917632148581
41811,0.3235621720059232
41814,0.07220837194969443
41815,0.21690445195645175
41819,0.1722819884891954
41823,0.16259672787039017
41828,0.05873640167147446
41831,0.0711377612533669
41837,0.18326282480292766
41846,0.12119705146677247
41848,0.016034481513537716
41853,0.06691002559696692
41857,0.07103138211261718
41861,0.03192280887375856
41862,0.12915051965157603
41863,0.23386340117436324
41869,0.15068565553867874
41870,0.0656776474458301
41877,0.1362319834120832
41881,0.21480685629312668
41882,0.023079482749621835
41883,0.22097025909974158
41886,0.22398657046317197
41895,0.08014896655420331
41899,0.15139444827133017
41906,0.22715317691207257
41908,0.12377208397891006
41909,0.04485460539509928
41910,0.23878182153738617
41922,0.13474220326705688
41925,0.03723550874828099
41926,0.12394357896012786
41927,0.1674722298886701
41929,0.19166071557466222
41932,0.21783677056845993
41933,0.06802179356285315
41935,0.08302063258746958
41939,0.11530022447721293
41942,0.25307951640546444
41943,0.080932306040371
41947,0.14063604014531672
41954,0.12240955098631824
41956,0.2885093670426096
41958,0.059946403473766986
41962,0.11288983751119455
41963,0.01979814131210404
41966,0.09750820976006884
41969,0.39084645811884877
41982,0.08867639411419387
41990,0.17482466732060212
42010,0.05532692189430376
42014,0.24309944349490767
42032,0.03759165504184374
42034,0.148513034458374
42037,0.036071854412394154
42038,0.15524650381691182
42043,0.025534217477298417
42044,0.18282857233327904
42046,0.17792030380182475
42048,0.22275722993269356
42050,0.1825904350466844
42051,0.30517903977350513
42052,0.09292411352658811
42054,0.06256633613772897
42060,0.3596921814258283
42063,0.14238884950601907
42079,0.11391437369374531
42089,0.37229473404442937
42101,0.12982717356611817
42102,0.058207226593478816
42105,0.09075743203009165
42106,0.264071773297285
42107,0.1741787839807183
42110,0.20883979101594813
42111,0.28217762224545445
42116,0.23099163725383387
42117,0.2393702960659839
42127,0.22022185507754993
42140,0.15631375969781805
42143,0.18759688789211662
42144,0.15920985611798916
42146,0.23836228900829
42157,0.1222265150904686
42166,0.030689822792751797
42170,0.08684245837165508
42171,0.07668788709061851
42172,0.20072461393297344
42187,0.026621335608944807
42191,0.19110808379390642
42196,0.2004306089445105
42199,0.10173478569563434
42201,0.08347310821262001
42202,0.05071151097265712
42204,0.20883899495637853
42205,0.014788175378944099
42208,0.13787461912281748
42211,0.08834345110806577
42215,0.07888547463076152
42223,0.2291093942694638
42226,0.1568814957287185
42229,0.20229116525057866
42234,0.043622791446165064
42242,0.025181177114113745
42248,0.04083342485089206
42258,0.057619736875139944
42264,0.24287077558600612
42275,0.1310556042947895
42277,0.0728387685813966
42283,0.1723528807872153
42286,0.05395377760673576
42287,0.11404739404629605
42288,0.1212188550490413
42289,0.08890489810474851
42290,0.4294298726033205
42298,0.2845124983517438
42300,0.14525962159489572
42308,0.217936355444616
42309,0.1752421926106237
42314,0.3340369706619808
42318,0.11759984961096265
42319,0.028214138227996975
42320,0.21488278499101993
42324,0.040375820565552674
42325,0.1363763431452189
42327,0.06255801917389417
42335,0.01732661291454466
42339,0.09048876167901378
42347,0.22526813443673482
42348,0.2987755137335871
42351,0.11146940551439853
42359,0.044291381588134615
42363,0.02543446067449787
42371,0.2190652642810608
42373,0.14554646710917268
42374,0.08427511050079785
42377,0.19354624672430923
42385,0.22100695752405425
42392,0.2654218281533875
42397,0.16040147004598743
42406,0.12974378115384874
42413,0.10251746361906205
42415,0.11370106826792505
42421,0.34494349990867595
42423,0.29960021200904824
42435,0.04627180945046249
42436,0.043846319605979206
42437,0.08709395561586497
42439,0.2643457152213752
42440,0.198396021215841
42456,0.300145853424611
42457,0.39764828207566666
42458,0.153885654280171
42460,0.3826091269980251
42466,0.07646431375835237
42467,0.09355860277673131
42468,0.15553087836958548
42470,0.04463442868399632
42475,0.19407216397434696
42478,0.14960153037413995
42483,0.11617728090001238
42487,0.3301138764548096
42491,0.23804855758215235
42492,0.05593315063281213
42499,0.0885784383984106
42504,0.17087855413589076
42514,0.14186788586751065
42532,0.06277430746361316
42533,0.04197814501087022
42539,0.17867256578828325
42542,0.017473633629479478
42545,0.13982162868941247
42548,0.014621545613897497
42551,0.05786810330561038
42555,0.12641743342753192
42560,0.09416265436969205
42569,0.05697876677064622
42571,0.23833903714416624
42572,0.12786206068149714
42575,0.05718880446448708
42582,0.0473550724330723
42584,0.16462583323202284
42586,0.21650830402914906
42591,0.2058028525482881
42593,0.12329964486161094
42596,0.13456200773980442
42600,0.07380016390654624
42606,0.10856262842541585
42607,0.48442314419928023
42611,0.22667270555681723
42614,0.06474819243274371
42616,0.020537401075232196
42618,0.13072956933029287
42623,0.202199422018272
42624,0.07697053387684984
42635,0.45882960960748925
42652,0.13632193089431308
42656,0.09770815347164284
42665,0.13277657531683762
42666,0.12021705634271572
42671,0.14644742727278579
42700,0.08546230631898467
42705,0.09415530459849994
42706,0.11634181494253042
42720,0.19258879020464081
42724,0.11564231214529527
42738,0.05962220885758528
42742,0.0798642754310177
42743,0.2547743353373825
42745,0.12687274595521428
42746,0.35866108923717394
42752,0.05924242000229321
42757,0.048016483542401116
42762,0.11844133909013899
42765,0.06659566118003692
42768,0.1307630237849271
42769,0.07645381596507249
42771,0.18326484655604958
42780,0.11665167796088072
42781,0.04916102476869583
42793,0.19094170887743334
42803,0.06705680761324173
42805,0.21409854617353738
42807,0.13795687363763
42808,0.03700330714964564
42809,0.08086839126616925
42812,0.11825374712663704
42813,0.04137959063743312
42817,0.10266149103849702
42827,0.057378317742649156
42828,0.161571005151461
42831,0.07425553844679955
42833,0.06311774252714376
42835,0.07738356496058323
42836,0.1300275408871251
42837,0.14932808326112745
42838,0.3476877463524639
42839,0.275290377648526
42845,0.08359715335589074
42849,0.22478997600104264
42852,0.14852483310507555
42873,0.11730151369811422
42874,0.13597988900928004
42876,0.09553348149763158
42887,0.05906828670271102
42895,0.060429714275198367
42899,0.07637894785252879
42903,0.16047926848862404
42909,0.16980571536333444
42912,0.0910021761078865
42915,0.035525492315242276
42916,0.0393251073806241
42926,0.09801332016684186
42936,0.1227857164282824
42938,0.053657317508927986
42944,0.04118552609099985
42951,0.08674526578464421
42956,0.07181049754971938
42961,0.14559163067040035
42968,0.24960565599122606
42970,0.1027656476242974
42981,0.09288667146750386
42985,0.10266158763345788
42988,0.14574480464653466
42991,0.23066434064782507
43002,0.1373517492358217
43004,0.06514558804130698
43006,0.3411551784529679
43009,0.0327269825935129
43024,0.13317523134548845
43029,0.09342717533120747
43034,0.06684393306337105
43037,0.019697137856751146
43041,0.23780295095577084
43042,0.1967939543960904
43043,0.07536520127225546
43053,0.11159404949178303
43059,0.023709390698139782
43061,0.06521819957803744
43065,0.06278579620869186
43069,0.3380708266115832
43077,0.15653824581286246
43082,0.3636401895208342
43097,0.10160657103653366
43102,0.03238095176272643
43106,0.2768222965565146
43107,0.14445751830347228
43113,0.09980247536702903
43121,0.16540421399561767
43123,0.11002108547543796
43128,0.30171567782655706
43140,0.022805012153733886
43141,0.08215908477765911
43150,0.021128796080819367
43154,0.3896173074263008
43162,0.02565438977888977
43163,0.05942610413974747
43165,0.08260074690920738
43169,0.029981472174429882
43173,0.015909553557521636
43179,0.12231966278783968
43188,0.21104755235404682
43189,0.07823404372225133
43195,0.15875874974758683
43196,0.1718988456715769
43208,0.2095930226538176
43210,0.1366574057113593
43218,0.15144668065715097
43219,0.3966210818064079
43234,0.0891002398485753
43243,0.22342335063185376
43246,0.130386363959518
43251,0.032328559447387994
43254,0.07939466613181254
43255,0.12922676805678346
43260,0.07187242326389472
43267,0.08465130124714283
43272,0.025325687745558188
43280,0.05949984181673637
43290,0.18447752534708609
43292,0.20510221559512076
43297,0.059989973056790546
43303,0.10969499181859824
43309,0.34386140597400294
43319,0.18657082818037146
43328,0.1286311150717773
43331,0.2955551663967933
43333,0.09147635408150812
43340,0.1212439781768925
43342,0.26995028882828714
43343,0.0664071768091165
43346,0.020572952962056256
43358,0.1655418381383491
43361,0.2195643770839001
43378,0.2417144538471563
43380,0.040004430350979794
43382,0.20678636052887564
43383,0.043192764192100365
43388,0.06913815214255475
43390,0.08015713868220897
43397,0.08001491028437015
43408,0.18077062108432762
43419,0.020872460308555885
43421,0.09248794030979844
43423,0.05245732826389826
43424,0.2404614921465717
43426,0.045253227341824055
43431,0.11586767686339525
43434,0.1058421275280311
43436,0.0268288188113504
43441,0.12812698325953095
43451,0.03337836330928093
43452,0.24349447679985392
43455,0.05678312917350889
43460,0.058362426233001655
43461,0.11810735822033461
43464,0.13271751320604827
43469,0.08736448393138388
43470,0.23637526154786814
43472,0.28834773618702286
43475,0.22359220453177417
43482,0.04086369060683007
43488,0.0450485940126695
43489,0.06703069952693655
43495,0.1568555702124282
43501,0.1743536945081392
43509,0.04713656823985315
43511,0.14982849697341397
43516,0.1583830781848123
43524,0.2493936517753021
43526,0.17404604074059737
43529,0.36563228937751224
43533,0.18300034759027495
43534,0.024248032114663583
43535,0.22767577709668801
43538,0.03043164748990858
43540,0.1178552008497959
43541,0.02531229328207614
43543,0.1659253199252792
43549,0.11028961764959008
43550,0.38167094559905035
43552,0.03789322099375716
43555,0.1022596623594712
43556,0.37443184923444256
43559,0.17567143511392108
43561,0.08885566894460384
43565,0.20167913476400268
43567,0.04475151904291885
43575,0.04885764407060285
43582,0.269431632208676
43584,0.19705107939082195
43589,0.2534583904237712
43601,0.09434561559043403
43604,0.10768457618890882
43605,0.11665037803213253
43607,0.40365319808273825
43611,0.07227156710379178
43613,0.23031161423812122
43620,0.183380818379858
43632,0.024879616033352335
43633,0.2112469695830664
43637,0.08660355313898987
43646,0.09738781864055686
43653,0.08773695166889767
43658,0.04761671454513019
43660,0.1293333887697351
43665,0.09840695532135157
43668,0.08474363149294338
43670,0.0784990386068175
43672,0.2235865351277093
43674,0.13687895020266666
43682,0.09414720387153944
43683,0.052714252273870714
43684,0.0445108097188179
43687,0.06770442618801291
43691,0.20657993964339216
43705,0.18079827268835044
43707,0.1135954533327608
43709,0.2913175703317798
43711,0.3168842038928799
43714,0.17451839819873166
43717,0.1727718953266788
43720,0.19462319286255964
43727,0.1593919937655877
43730,0.21377871048833966
43731,0.06723881151124865
43732,0.10138791957169674
43733,0.08615756340428996
43735,0.12334903915192683
43737,0.2669337346688204
43739,0.0444723346845504
43756,0.18036276990209565
43766,0.1094189216668879
43767,0.05308059517171564
43782,0.22917984835711971
43784,0.3235286599480028
43785,0.2605385590868642
43797,0.14683366694612823
43799,0.052758518743884264
43801,0.10843819903561665
43802,0.2774971443775666
43803,0.0365511058683243
43814,0.09538393376978217
43817,0.33827575002775
43819,0.014202231316088474
43822,0.052127619115880534
43825,0.08327178362443516
43834,0.1521348968590934
43836,0.06650078191375441
43837,0.05679873245766789
43847,0.026657000228914682
43848,0.12727611713411646
43861,0.21674166936566933
43864,0.14449074803203313
43884,0.1152011882342283
43887,0.22322489573059387
43891,0.10192743612468427
43897,0.053088171301584254
43900,0.2896622289063076
43912,0.28573807812451435
43915,0.16488301239619843
43922,0.06782079112452116
43925,0.2104939228248799
43926,0.135637635762992
43930,0.05015687007185004
43933,0.1130444506442947
43936,0.030371239347861824
43941,0.28319622053389365
43956,0.08783035383821647
43958,0.03785720480297677
43963,0.03959390506594886
43965,0.11210978233803807
43969,0.30970903574801445
43971,0.13096153683876655
43972,0.17594527880906136
43973,0.04191612863608968
43976,0.050615082665212946
43977,0.07468566953388248
43979,0.1039589821116169
43987,0.12606979687180705
43993,0.13772793336451472
43998,0.4726924977507822
44009,0.10983493166165285
44010,0.21649489073270478
44019,0.02992614639912409
44020,0.19909139225267455
44025,0.18201280367434827
44027,0.10073739376017377
44032,0.05920796133565244
44036,0.14296279085281777
44040,0.027981216691395926
44041,0.2238847804547978
44046,0.04954861981651053
44050,0.033159601958692796
44053,0.21719657306361093
44056,0.11133032790678177
44058,0.2139823768869412
44066,0.18183186615667726
44067,0.25471410154102425
44069,0.15942584248331088
44070,0.07722085790267326
44071,0.15337703212436396
44075,0.3032871608647021
44076,0.06636091852626573
44077,0.030281992042456265
44085,0.05445209779416624
44086,0.15426552180329042
44087,0.14358085986444005
44089,0.3586946092136636
44103,0.2751450280851173
44109,0.04323147668669896
44112,0.16799068719214885
44113,0.02967762902744228
44126,0.21027655703960252
44130,0.13176537328093146
44134,0.04835596276582695
44143,0.12748918384543478
44147,0.21098609148579966
44158,0.1292407226779479
44160,0.18767141562076864
44165,0.0712268611118358
44169,0.08179900128697049
44172,0.12255767745243917
44178,0.11601236319505577
44183,0.2602361222991621
44186,0.2489833424113344
44191,0.12499601821866618
44194,0.18528899548959013
44201,0.10008091585747812
44206,0.12778608252105017
44213,0.2490094230936147
44219,0.10730281591272076
44220,0.06376338407366507
44226,0.2442332298225156
44237,0.07178272042327727
44240,0.041440320965727806
44246,0.3891433685096554
44250,0.14570720928476924
44252,0.09906303550604971
44256,0.03260189036141826
44257,0.05530209120940237
44259,0.32299962505366725
44272,0.0426462346604603
44273,0.05122153528951889
44281,0.1240015697692466
44283,0.17424345760531218
44291,0.06651275696077687
44294,0.09025274990161007
44321,0.05929624520951891
44322,0.06596336860953192
44331,0.11611275562369948
44337,0.036035222163924144
44339,0.19689145262343183
44359,0.1778870677707348
44361,0.05949384164164886
44362,0.15868054556695957
44363,0.061626626485385465
44366,0.05601538087425727
44372,0.2834634396780797
44373,0.06121116972875419
44376,0.08268838857580225
44379,0.2782962887760433
44387,0.29527179404332826
44388,0.22883855505123474
44391,0.09183374939704338
44402,0.10213510373846929
44409,0.13941440682699155
44416,0.1968866670041372
44417,0.2923905280784923
44423,0.16917190476095761
44428,0.11494959771185546
44432,0.2950626768926212
44435,0.0729505219572372
44448,0.20498345605355042
44451,0.09203806838556926
44452,0.10661607063432635
44456,0.0677334042170596
44466,0.0323738294211451
44467,0.03946515061317751
44471,0.14631024429716982
44473,0.05323189778894999
44474,0.09183933136275184
44476,0.09107781496485332
44477,0.20392817343341108
44481,0.12308778061148602
44484,0.21099252417374453
44491,0.06121040006171582
44495,0.11049812564203333
44498,0.15759335483055664
44500,0.14694698944839407
44520,0.06099994532681302
44536,0.22861500584564048
44540,0.2999437245386699
44549,0.13606575375749078
44551,0.10364966161385453
44556,0.0639929044014384
44557,0.13604518032640658
44565,0.1171908465601074
44566,0.2733609066617821
44568,0.11620795358715993
44572,0.060833874966126314
44578,0.15817447202220883
44580,0.1310878342249863
44589,0.059916247597691936
44590,0.1508906886482711
44596,0.040223879239859234
44597,0.1870252000195958
44604,0.1024659234318836
44605,0.17544296211163285
44608,0.08077120793925623
44611,0.09625787253090562
44622,0.13899142524080485
44624,0.045963424285757795
44645,0.1005920670173234
44656,0.0553981173644496
44659,0.2048014811958243
44671,0.09776280691564296
44672,0.0969650809583913
44673,0.12769131466836334
44678,0.03781782806319548
44681,0.026672736900332953
44696,0.06888577660592912
44702,0.060292954856943554
44717,0.10346974032136846
44718,0.26204465052249787
44719,0.16496407581131503
44721,0.03309821666317891
44722,0.02340294921335129
44729,0.15301366966232904
44730,0.21278972901156407
44733,0.09337950178058876
44737,0.03850508146473157
44738,0.08657586924347312
44744,0.2416278418150701
44748,0.048216126229063225
44765,0.09218183170549785
44771,0.2572742003843171
44776,0.06876096316583452
44777,0.17454174910615725
44781,0.04816249829878916
44786,0.2843432654203442
44795,0.11334527214115973
44797,0.06131549008956928
44798,0.03027415253720471
44800,0.24011366979558602
44814,0.21368599958497905
44818,0.024708685196735396
44825,0.08688114045481757
44828,0.04821390960548772
44829,0.16612656764344452
44834,0.24700629509764757
44837,0.17519116922554714
44839,0.13294044230707358
44840,0.03822090862898134
44845,0.09466395109386005
44855,0.15249734666705603
44863,0.135202827479305
44870,0.10798295674942086
44871,0.1243587682829221
44875,0.08919745536170987
44879,0.13095696291564166
44886,0.15868050914872037
44893,0.13448062843604386
44904,0.10262060325419267
44919,0.0469501574681821
44922,0.061605992833169615
44924,0.11945273012220918
44943,0.12113138709793268
44944,0.04602786955895538
44954,0.2690165231183124
44956,0.20020301631930518
44963,0.10394189660321942
44971,0.04032307853816672
44975,0.1943283678885504
44996,0.03398689777175897
45008,0.13348715675578676
45015,0.08579620394181647
45019,0.09829743475354291
45036,0.13355834906079125
45038,0.028680785458966
45043,0.43103516713725676
45044,0.032837445358151376
45046,0.06403867102027429
45050,0.1467638204370919
45063,0.22453202211089485
45069,0.21788770663873638
45072,0.1327526702525676
45077,0.2156473932259617
45078,0.26478542313301145
45079,0.15378154046495623
45081,0.26075323696932473
45094,0.11784423109402743
45112,0.0936333489763537
45115,0.12662609102225902
45127,0.15833827329993724
45129,0.045187867439989135
45142,0.23668777338879143
45145,0.21357667539162767
45146,0.020145143449176412
45150,0.2120224786307696
45156,0.1278599394721313
45161,0.32210403775999036
45177,0.13986137400555426
45184,0.10551530221219882
45187,0.10916796023105202
45188,0.11447722295186649
45189,0.028241871788581157
45194,0.18770964637021578
45202,0.09953794291185884
45204,0.12214268012617224
45206,0.33262981735046404
45210,0.31034251716713707
45215,0.06058618612252772
45218,0.08404201019981625
45230,0.07382517685238256
45244,0.08993331488426638
45246,0.07571321302861711
45254,0.12738941638437834
45276,0.161794254941498
45277,0.1488633981689425
45279,0.12202535979619492
45285,0.2607229079640872
45292,0.012057606884827167
45298,0.18145927218461008
45301,0.17457307936581992
45305,0.062304740410009746
45311,0.129276476561022
45312,0.039307793219421024
45322,0.12810922545855669
45327,0.05556179788529076
45338,0.21383271925446323
45339,0.2059610098000502
45341,0.11914637233186252
45352,0.42225672653891533
45355,0.11861394207015266
45359,0.2909734381869936
45360,0.1702637855876484
45362,0.05106222459705213
45364,0.02486451268667826
45365,0.21462355483837625
45379,0.08139621809624571
45384,0.09333324022738641
45385,0.11377197970545519
45389,0.23140245137527982
45390,0.08778990963029829
45392,0.04369314911370672
45394,0.164560992575899
45396,0.2625038890204294
45405,0.03735791776562959
45408,0.12216223272296917
45409,0.1511847887150333
45414,0.3418369672260263
45416,0.18096662523202312
45423,0.18235419908695621
45429,0.3114589433594974
45433,0.033793427693969154
45436,0.22871794824714312
45438,0.11520061779519114
45439,0.05691164003604182
45440,0.19420048436039114
45444,0.08758795078735855
45450,0.34282936748695725
45457,0.023470520373590417
45462,0.16744811843952914
45464,0.1007320738360774
45467,0.041741788942846206
45471,0.18689195645055168
45473,0.09596302515534705
45476,0.28301030098998237
45479,0.1462685534437994
45484,0.011356470733636584
45489,0.0691137012766563
45496,0.03942003888245704
45497,0.06112384561524981
45501,0.05985445319277286
45504,0.12019032951896247
45516,0.20739450598349873
45518,0.07761077998609135
45524,0.22725997521799937
45529,0.08518239279593227
45532,0.12521542074890268
45537,0.035186978245532685
45538,0.12894487664757556
45541,0.05882525433306195
45545,0.068265144684647
45553,0.24653240145643016
45555,0.2697960616926233
45557,0.030578147152837926
45563,0.05155512115890341
45586,0.021933065201411778
45594,0.1125701788694068
45606,0.03586011197987093
45609,0.15794373905606293
45613,0.06926950500632298
45614,0.08039575951821751
45628,0.32006960081070435
45638,0.0813605351287707
45647,0.053517522729268685
45650,0.08203794105675083
45656,0.11921028382837112
45658,0.055214945666106116
45660,0.1769525199276063
45662,0.15636577159018766
45668,0.15023287425518955
45669,0.05769647659600456
45670,0.08032824538094069
45673,0.11404798418218298
45674,0.10724681368415652
45675,0.08247185670928553
45676,0.02117100629815929
45680,0.17080371478813494
45681,0.17727815422928941
45684,0.03166595561125065
45689,0.3435000526284061
45692,0.05324868172623082
45693,0.10849964479540261
45700,0.03388380839632131
45713,0.13599002874776714
45714,0.06521630104187895
45716,0.017484415964892745
45717,0.07363588088761686
45725,0.1854848650660606
45728,0.062212843549493586
45729,0.07001961824065527
45735,0.10194129441455829
45754,0.25318466968226694
45755,0.2872953489716048
45756,0.11376938971925468
45760,0.07677675336591779
45761,0.04102220334153054
45765,0.29365992421640325
45766,0.011447625429390542
45768,0.043980859986357715
45775,0.023196757019691438
45776,0.17844228399019554
45781,0.03374112391682002
45797,0.1006729240132082
45799,0.07003581161519355
45800,0.03137441277452111
45802,0.0289157047619867
45804,0.11462357691473243
45806,0.22178364836805087
45811,0.19204890161647753
45813,0.15227612685714917
45816,0.26069660685242196
45821,0.08390728655681172
45826,0.10801125167817309
45827,0.057547525413136
45829,0.22005448115768628
45830,0.22813741757430495
45833,0.04794753581250941
45835,0.024163281234381176
45851,0.09648639370523741
45857,0.15327505364842747
45860,0.04702498674748299
45867,0.049877479812255154
45869,0.09981685878144123
45875,0.29172938866838316
45876,0.056026073348555486
45880,0.1314691051171133
45881,0.014217170662939142
45883,0.3954543286008682
45894,0.13894142288004285
45905,0.09002944800312294
45911,0.29563750425962254
45913,0.2161920015218625
45918,0.019351574230785637
45923,0.10392572016305764
45929,0.06761898102399858
45933,0.15669668843839019
45940,0.1293903937374784
45945,0.07694855074237453
45946,0.13476202972193518
45948,0.046679062527101904
45949,0.1679979795226599
45952,0.1799808999355321
45954,0.018131992710757647
45964,0.08867511430365675
45974,0.349648591324926
45976,0.19235940452637273
45979,0.15172630006779794
45983,0.058057640294882744
45987,0.06791654512632114
45990,0.1759801374533062
45993,0.11757851261143457
45994,0.07202306223152903
45997,0.08914409051175337
45998,0.09118848402860025
45999,0.09919169674473012
46000,0.17085640140712519
46011,0.09336262448321614
46015,0.2607944987859005
46016,0.04280511998067676
46028,0.17728560815924116
46029,0.3093187728946974
46032,0.07716936859351924
46033,0.36984933384645435
46043,0.02864799956127687
46047,0.1314080568883855
46048,0.06464149922613167
46051,0.3733912742352077
46062,0.0979590836708455
46072,0.12031618296129777
46079,0.17859153345563555
46083,0.024537052394571733
46093,0.05792444868871327
46096,0.05566830903602724
46098,0.1068625682748246
46102,0.09268554981450196
46107,0.245588097664991
46108,0.15060356835258804
46109,0.1496535146223019
46110,0.0608567497975395
46120,0.10240894470635635
46125,0.19122774768673115
46133,0.03838762511296952
46135,0.1055961175828041
46136,0.14930067677247158
46145,0.2474543289697006
46148,0.14367446794473987
46149,0.07762926135408352
46151,0.13395446534064676
46155,0.0432813053640639
46158,0.2879236181171804
46167,0.18762058499931347
46168,0.05985285966384733
46170,0.0746324344102654
46171,0.07216466676304582
46175,0.27679201631617856
46184,0.2682865179161032
46185,0.16393002193352144
46187,0.03575612611385254
46190,0.031879024565932036
46197,0.2729610012242616
46200,0.2518396642810391
46201,0.18660057292463725
46204,0.072046168834178
46216,0.06406635178097367
46220,0.12107343240020595
46228,0.15246621728050294
46229,0.031489966425284954
46230,0.24925320373952448
46231,0.08189371727685535
46235,0.13577340984906602
46236,0.06600746098337094
46243,0.053889538577505995
46252,0.06863362783754494
46257,0.057832635589414025
46263,0.08977145833729808
46266,0.033848712933716926
46269,0.05045880293126678
46271,0.1709692797245963
46272,0.1863513556964647
46280,0.05446709255814712
46281,0.20678962236393164
46282,0.16955121718441024
46286,0.06925526712435467
46290,0.08551150651858945
46291,0.2517536229575216
46293,0.030607484500371446
46296,0.1364595486263555
46303,0.02048838819088575
46308,0.10903545904608193
46313,0.2375135981922356
46316,0.026284487445414846
46323,0.1169471832175411
46326,0.14250656545966567
46334,0.13947915835080923
46343,0.0638264800115916
46349,0.07546660805257276
46350,0.11675140996614655
46356,0.15612882568456934
46358,0.1465227620485599
46360,0.05505517372910715
46371,0.26666609043657924
46375,0.22204505181789094
46377,0.18932523798620898
46381,0.07490294367973369
46382,0.14554984124639206
46383,0.10605398602466938
46389,0.18235633920914518
46397,0.2977067318357248
46406,0.08114799574915685
46411,0.15014750500994586
46412,0.03971650594482961
46416,0.19571484498320044
46427,0.11623793819250057
46429,0.06152929524383296
46438,0.1646770448163036
46442,0.1308574417901535
46446,0.03312345214751573
46452,0.1212467692587046
46453,0.07328704387775235
46454,0.12235689359929457
46456,0.20108549506602053
46459,0.3226044665003547
46465,0.07242641807538254
46472,0.03034531595625397
46477,0.24099016776849755
46480,0.08318914849324786
46488,0.07336164503955492
46492,0.047061289637298914
46493,0.18059301675477743
46501,0.13517817212166283
46508,0.16329303916238055
46510,0.06558334020251412
46515,0.09968970559297571
46516,0.10957485502903172
46518,0.15424649774563085
46523,0.1307795844332494
46529,0.16536946893590873
46537,0.15906032274417956
46553,0.06063445570956727
46557,0.33464075448872266
46558,0.12481451169302868
46565,0.16410953183280477
46607,0.03967737253951694
46626,0.17081349446198815
46629,0.0437495490061368
46630,0.1181071379043122
46637,0.035199246806736445
46638,0.09015879854315793
46654,0.11503839455671583
46656,0.028556294815381546
46664,0.11861429101478176
46668,0.37992034434476185
46669,0.12550221358186076
46674,0.14239839221582284
46679,0.06210684905131996
46683,0.1319576848713349
46708,0.03132732415441376
46715,0.12979893655595515
46717,0.12990720645465775
46724,0.029374386653456395
46728,0.21921254968825368
46732,0.06896045517671544
46734,0.17592097996627742
46737,0.19886257636418606
46741,0.057389604157243077
46751,0.1359763305501917
46755,0.16061130627030973
46756,0.08123840097764339
46759,0.07577393234917133
46762,0.06050904768827628
46767,0.24490527514112945
46770,0.07770013952106551
46771,0.22183205103886655
46780,0.14542806390440235
46784,0.05597487011590011
46785,0.07133604057142966
46786,0.185457837934305
46788,0.3224728547670522
46791,0.07061184608429522
46795,0.10272521696265312
46804,0.1370210335036288
46805,0.15314463795398323
46806,0.12004322367387579
46817,0.03085763944199193
46824,0.07032612842737629
46827,0.25045587043431505
46834,0.11255654717767767
46837,0.33335123847710735
46839,0.24478145197132753
46852,0.07619384872484776
46858,0.07221194461951046
46864,0.04715413664363469
46870,0.08583102934764159
46871,0.2178585362852086
46873,0.04766803877750194
46875,0.11078685033096818
46877,0.05819809140856488
46886,0.029872599492545105
46897,0.14764165318315065
46900,0.06237199346523577
46903,0.0767046662941412
46924,0.0862524585044823
46938,0.08845738053914469
46940,0.15440724514635829
46942,0.1606026179461959
46957,0.2765531973716146
46961,0.23198734883660468
46967,0.15322064220552703
46969,0.14443644864384073
46973,0.0560837166543429
46974,0.041042212743683096
47006,0.16869404158527096
47008,0.1299855191208237
47014,0.11320937494298529
47015,0.05883035366680711
47016,0.08094700858528198
47019,0.08794872913692042
47027,0.05422471594213888
47029,0.03498855902809815
47033,0.023589797659458272
47046,0.03984613452072727
47059,0.07404983381650916
47072,0.1430015979183889
47088,0.09859563901229344
47091,0.08874308595159448
47097,0.22790086056931627
47098,0.19888937640674959
47102,0.09534568360843258
47118,0.1503224921129263
47121,0.24924138549822408
47125,0.24483084076793682
47138,0.13068102466939366
47145,0.015901452042060452
47146,0.05098921052977056
47148,0.017112751151979466
47155,0.060754877259986184
47160,0.04946862619703543
47162,0.02274082872634976
47170,0.07515229090271708
47171,0.06330846744945369
47172,0.23252585635196496
47173,0.08840532544357187
47180,0.17336099307041744
47182,0.01996130458036394
47185,0.050850851741031336
47201,0.21543448303957186
47202,0.1394787659068676
47213,0.2873697148073605
47226,0.10657307939150167
47229,0.11185576381078759
47241,0.20538741778646352
47248,0.05029386222547776
47253,0.06492841486782149
47254,0.5006719910407657
47255,0.1392377322032778
47262,0.020729436248214553
47264,0.12396006579753835
47267,0.022754696925069758
47273,0.03456628831394212
47280,0.09569743081003534
47283,0.08312268523342764
47293,0.11307910044991773
47296,0.32459945026101816
47298,0.1150363384826156
47304,0.1260454544068562
47314,0.29910332322357264
47322,0.06244231495985137
47329,0.04607830198857722
47330,0.09835507467614377
47337,0.10109866787712761
47338,0.17631503388115255
47343,0.07343508936387137
47344,0.13091083339509696
47347,0.10255215204491712
47357,0.39794313139076465
47370,0.1503374454509583
47372,0.20462493267586068
47374,0.046003349211189606
47375,0.09351918615573142
47377,0.022186287868264418
47380,0.062118582701353724
47385,0.11526856715460553
47389,0.15902615270271087
47390,0.09735639765052945
47395,0.05666101639691096
47401,0.06625882731145741
47403,0.16219152230624417
47404,0.06539412699192468
47408,0.18564350476121289
47431,0.1331648278888049
47440,0.27184686496503746
47448,0.1816308673623139
47451,0.2047034030053175
47455,0.08005505495248419
47461,0.11811541998471921
47464,0.16403240554188542
47466,0.042853135007080455
47473,0.1007255145702703
47477,0.30130956335499215
47478,0.08611841534609592
47479,0.0639729983018573
47485,0.14926748034911028
47488,0.12364485946552976
47490,0.2613417775036136
47493,0.0989159455035789
47498,0.054780086726788205
47501,0.26503389594828625
47509,0.11503561161071996
47512,0.060075996558183624
47520,0.25484064459638534
47523,0.0510355033979045
47524,0.07922833741681147
47530,0.07288868843309937
47536,0.13364117655998642
47537,0.18139660604579272
47539,0.2606163423056059
47541,0.13178640263245098
47543,0.1312094093873969
47546,0.0941774657246944
47547,0.07403210990790172
47551,0.09438781117774742
47560,0.03008409790451906
47563,0.22135928350209538
47567,0.1320625592174026
47570,0.08500569050559761
47580,0.16725967535447475
47582,0.18846299820950457
47584,0.2897132718595927
47590,0.0922412594620693
47604,0.04378932017106891
47611,0.033321645896895395
47625,0.07448695627203372
47638,0.2192059940923735
47650,0.11024719630348061
47652,0.03218462952894713
47657,0.0344246383970856
47659,0.1216512020829073
47662,0.05007111155913842
47663,0.2619389683213595
47664,0.03280206708543184
47675,0.19306940405400203
47679,0.09286996324473346
47683,0.10837659926779777
47691,0.1648885660289815
47702,0.1650733759637452
47703,0.042099517574643405
47714,0.11890305707747002
47723,0.1902517432726856
47724,0.05699106216759839
47735,0.17100479503420743
47743,0.11486177638882115
47744,0.3191092045329598
47751,0.03939446407164519
47752,0.05370356866980168
47755,0.07947484560932212
47758,0.2594965719982353
47760,0.1439177972450333
47771,0.034499162696899184
47778,0.04163337090232663
47781,0.12044477511847687
47796,0.2282530771748816
47802,0.07709497990232314
47803,0.1288066999472175
47804,0.11368916326814396
47811,0.29702001557579105
47812,0.056354711791471564
47814,0.07558143738788041
47837,0.1617782798613797
47844,0.09588058463820175
47846,0.18740946241231354
47856,0.02792851484450457
47868,0.1968753837455945
47876,0.06612030089007744
47883,0.12974129030902132
47890,0.0564197598247003
47910,0.026424964650816125
47918,0.013027107497684877
47921,0.13125099722281927
47922,0.10891985665027165
47928,0.05292280104218699
47930,0.05402704440613814
47942,0.029823418871384847
47950,0.16389898671493563
47970,0.24769795584606435
47972,0.10080328487486695
47975,0.34194265138375096
47976,0.14393021821210664
47981,0.0511665485928138
47983,0.04627047683285514
47989,0.1331393522530269
47997,0.0352841266093274
48001,0.07639086489416677
48020,0.02771853105702496
48022,0.10667536550584379
48024,0.1663623013990422
48032,0.29479597901110743
48053,0.23929122103012335
48060,0.1916017388540683
48063,0.12852945363767584
48066,0.1216081217087683
48067,0.19815078120046067
48069,0.1812066435959205
48070,0.12472579557361908
48072,0.17015220150949986
48079,0.2146034749757999
48084,0.08229733902565169
48086,0.17382466455974097
48088,0.16662167696489197
48109,0.026391299974644452
48112,0.42885426457820675
48141,0.04917137158196223
48161,0.14628952771166093
48166,0.038458260908360166
48170,0.18350878118665012
48173,0.04307238310290007
48174,0.1332965084224135
48177,0.13375139076366324
48179,0.08601316705215101
48185,0.2175017689791167
48189,0.10278002767963475
48192,0.18733998316865844
48195,0.21812930953002743
48212,0.10669193414866922
48221,0.07034252271545154
48240,0.050891860298321163
48254,0.08957436687420663
48262,0.03768360234860508
48265,0.09586291826939401
48267,0.19084191074830995
48269,0.11322426170082046
48271,0.13942059556714753
48279,0.04805858434182788
48282,0.22179144115306504
48291,0.12233503907394673
48294,0.06001214378681589
48301,0.19692164285307662
48303,0.3288256768461608
48304,0.08078633922285702
48305,0.0988877906511351
48310,0.18777061107766216
48313,0.15875516904495374
48315,0.03542683813964743
48322,0.06813355620532725
48323,0.03904990410241551
48326,0.1290148344303982
48332,0.07938308445708772
48349,0.1922926899243964
48364,0.06665227955392981
48367,0.1810534957778798
48368,0.2422907298390298
48370,0.17904729283756327
48379,0.09926515518187733
48384,0.09538814373613343
48387,0.06123525524683435
48398,0.05897096339257701
48402,0.0634886703403023
48403,0.12327924624932246
48404,0.05261093226643233
48411,0.16541885650821467
48412,0.1885931298294428
48418,0.03909167025239516
48420,0.04923941028764808
48421,0.33391177656419785
48422,0.1611471881654771
48424,0.04458780111385663
48432,0.059124727097741824
48435,0.1272487036327774
48436,0.04614671035498987
48443,0.09957197705082638
48444,0.2376557879153893
48447,0.0259472651322336
48449,0.13305545310444422
48452,0.03555114093523955
48458,0.04803018873145021
48459,0.1599121079614783
48470,0.14806337224445865
48472,0.055836961479008344
48477,0.055504118643959675
48478,0.2514473433737736
48482,0.10180215479554355
48488,0.07454515187316635
48489,0.09935484988431549
48493,0.29558718725280014
48496,0.1224485298424725
48498,0.15386582127235424
48501,0.10337146228714841
48502,0.042726912492436715
48507,0.055512580587876344
48508,0.049762841193224855
48511,0.28429938341294053
48514,0.24845247907348592
48519,0.16277242173550516
48524,0.20059901353053822
48529,0.20887934805961983
48534,0.09576462122437175
48540,0.07479723706161162
48543,0.0485812285705183
48553,0.051103562944447734
48556,0.1420418923881573
48559,0.27217634065811025
48573,0.16129891881602856
48576,0.3923014864417494
48584,0.03151293635248249
48591,0.023114558656433574
48593,0.15264210442985796
48599,0.2715238750726033
48603,0.029183035722953072
48609,0.19873065332571693
48610,0.04348474898092201
48614,0.01664627312030017
48616,0.12808953960928687
48624,0.23336301197594853
48628,0.19004068455551437
48637,0.22084835692588814
48638,0.040711678812636966
48642,0.05938146554655752
48644,0.16433254165553673
48645,0.07156261293904077
48646,0.17692097604230617
48650,0.0945917128279531
48651,0.13469756372731728
48652,0.0862061110671259
48653,0.1950325435959725
48659,0.2916850616711578
48669,0.10051351321805956
48684,0.050799243547572114
48689,0.1770410548503572
48690,0.03819696777125168
48698,0.1909245721463952
48700,0.22518891707033903
48708,0.16623040956594812
48709,0.019911906290834728
48715,0.30057731003319704
48716,0.3136989507228831
48718,0.13198850149453561
48723,0.05791186449014247
48726,0.21434317412014067
48729,0.3775825921604461
48730,0.07706456548392746
48731,0.03626316580741711
48738,0.05553118834047867
48744,0.11817528208974311
48751,0.2109144132322005
48757,0.06355716645012623
48761,0.22482518449309588
48769,0.17714236460046284
48771,0.3076308872241226
48784,0.0709686770576948
48785,0.11470555899458484
48797,0.1850283310235456
48798,0.17349008986789288
48811,0.11309021683193331
48812,0.019583755280054082
48816,0.055417479557172904
48821,0.18851855771321938
48824,0.06269355180519878
48826,0.13542841634881098
48836,0.05785905840462878
48842,0.12564861634512356
48847,0.1303320830159062
48849,0.04893254107837615
48851,0.1383875838557358
48856,0.10689810547220908
48879,0.10315495435193212
48890,0.04374334670495294
48909,0.15890980910021713
48916,0.3348100186552309
48917,0.24566623547126712
48926,0.11160632342611396
48927,0.2568904082948769
48929,0.013955878821623486
48935,0.1563944437387194
48939,0.053863092644604864
48942,0.03262744555828695
48947,0.17643634949339781
48953,0.29485157439031723
48958,0.11023631601141337
48961,0.416574230331929
48964,0.1302968021517138
48965,0.05391965073886272
48966,0.41682724666195176
48978,0.04097705975605464
48981,0.1540418052426987
48984,0.055022165528550826
48987,0.2001115654906183
48989,0.3034176540163573
49007,0.09263938111547
49008,0.21019910969714586
49012,0.07992140019301383
49031,0.0951615626220354
49045,0.09603609284219855
49050,0.07206582134619767
49053,0.28072013823961145
49054,0.14852776490029385
49056,0.17369807633462692
49059,0.1707753883966868
49060,0.1138747399756241
49062,0.01581677754752352
49066,0.048932793081378975
49067,0.21176536130400328
49073,0.12291436753592777
49074,0.15374464754447245
49076,0.040195865921168354
49077,0.021034696430325166
49088,0.2324677265178877
49090,0.14513094010772692
49096,0.04918892226219474
49097,0.12979345455503283
49098,0.2665872649394004
49100,0.11044517051469617
49107,0.0824832490904388
49113,0.04133915271713419
49118,0.17197032539357343
49128,0.11369853060785595
49140,0.10311747282552326
49145,0.20152180038401826
49154,0.23436190542210983
49155,0.14253325288751192
49158,0.08872299420601557
49159,0.08572667267715214
49172,0.14087798152350575
49174,0.05472594058502807
49183,0.06091268629855436
49189,0.1211366699167556
49194,0.04603839942205563
49206,0.1890060246613623
49207,0.13618364357950014
49208,0.06898625682032081
49211,0.07342259224142753
49214,0.12867262207758284
49226,0.035027461533202
49231,0.025721790068910132
49244,0.11262364277445773
49247,0.06991544018763565
49252,0.09417141588742252
49263,0.11482174649882591
49267,0.26954773625745265
49271,0.08041293585809442
49275,0.09039098201872561
49279,0.14109668071436035
49288,0.2621119958665927
49290,0.05308981845928576
49291,0.21783918371880837
49304,0.0683137621921992
49305,0.08738181451061443
49309,0.29694319632641997
49321,0.20259711087419874
49327,0.15757345023504593
49329,0.1265431760802493
49332,0.05363228109432782
49337,0.05280086784553364
49344,0.0685385059832964
49345,0.10401329708972996
49346,0.09473259651286838
49361,0.26751767965989476
49362,0.19716540016931777
49369,0.09938317561453469
49377,0.09586656977997242
49378,0.18374855476154475
49380,0.11926085951101709
49383,0.030880038481294267
49386,0.024421810324261998
49390,0.15716194292698799
49392,0.04487339390011147
49395,0.1649704531859521
49398,0.2383430298873792
49401,0.1132741984703563
49413,0.24036243520206793
49415,0.023917623825482966
49416,0.06425209461643665
49417,0.0992716455727951
49418,0.20143169796767174
49428,0.02839118620698051
49435,0.07503099421824495
49436,0.10381419506659664
49443,0.056586058171691454
49445,0.11663322856766838
49460,0.18050412879962796
49467,0.08278247933353503
49470,0.051088515578836764
49475,0.2851959751689934
49476,0.05741756017912371
49477,0.07856731986769064
49478,0.05400583764558754
49480,0.14825424132893553
49482,0.10098117510385488
49496,0.2027602393611854
49506,0.09421355805119713
49513,0.12269206214034319
49517,0.17277578230473029
49520,0.012963247969507107
49522,0.06832030892746614
49533,0.08789074345992713
49535,0.07547089870810345
49538,0.17383853484140638
49540,0.06535680265093882
49556,0.15965839477558702
49561,0.12250337095741877
49564,0.19137844182587435
49568,0.07248305455426823
49569,0.07166601573291749
49579,0.35088820227206224
49581,0.2237592072996222
49583,0.058066890128297854
49594,0.11832703291350607
49596,0.1849620371345896
49599,0.1324650551428053
49601,0.18435493766127528
49603,0.11554364178023543
49604,0.13000527106174314
49605,0.2900509703578111
49606,0.17248535122466904
49610,0.13722762806681274
49623,0.23092790291921225
49628,0.024926218804764748
49637,0.09830609673264394
49640,0.04010719811490536
49642,0.09302087983700807
49643,0.06723509103316942
49644,0.10564360550094384
49646,0.12664077973977245
49651,0.3039794815776768
49652,0.07546587806238923
49656,0.08457808035161002
49658,0.08508006511550242
49661,0.06043180069101472
49662,0.1859144045820749
49666,0.056939251113673546
49671,0.06506591318526088
49672,0.028588411268137548
49677,0.06553270531211479
49679,0.11445819417362102
49680,0.055611427705468224
49683,0.2513276847951249
49684,0.08343725439284834
49688,0.2511847489431338
49695,0.1871562682889165
49700,0.06344326864866659
49705,0.06987657842499499
49706,0.2742338423339753
49709,0.08765317863303096
49711,0.09782060242657507
49714,0.1634641860252353
49716,0.055348114416263985
49728,0.08764599342788634
49735,0.1877175707077276
49737,0.16403884102365573
49739,0.07749489235434262
49740,0.23023667799892117
49745,0.08593587720686295
49746,0.10467407668502202
49752,0.08124706383488522
49754,0.1284339167444679
49760,0.07716042356101666
49761,0.30001005755978377
49768,0.1961227488609506
49773,0.2364035759074763
49774,0.14956439598812293
49784,0.23300349543378254
49788,0.05328894138371531
49790,0.1401724472793293
49797,0.25689225860413345
49798,0.24136253887384704
49799,0.06423672148716694
49806,0.0754238301177131
49814,0.1098107344038013
49819,0.07191996772427102
49824,0.1839875486406948
49846,0.08204888296196187
49848,0.2046008475766303
49854,0.1947398173548705
49861,0.061709752028602904
49862,0.05852874287627259
49864,0.22053338437332712
49869,0.1770072979494157
49872,0.05756907668711695
49882,0.08517609320235257
49888,0.06280788259588062
49892,0.09654472451530267
49894,0.12361582576280807
49900,0.22621825761948772
49903,0.16889791238131033
49914,0.12988300221341637
49918,0.11762394994522828
49922,0.11449976740392503
49939,0.07887020526258538
49946,0.4459028705102507
49947,0.06992437706802238
49948,0.06381120886626525
49955,0.27632136331001567
49962,0.2995891619609845
49964,0.025775326726632526
49966,0.03891928180519015
49969,0.161964437498872
49976,0.09589512199834593
49977,0.042627227181208614
49981,0.3818334693241035
49984,0.07641257347421655
49987,0.04832629609278345
49988,0.037303708498371495
49994,0.35747444661374905
49999,0.03650689219245987
50002,0.11535483680649261
50003,0.291601240892515
50005,0.051647686759236346
50006,0.11741147267669758
50018,0.03473829340452492
50019,0.12041034731363466
50020,0.16929397727378015
50026,0.02496920061735424
50028,0.1245977227206789
50029,0.2855272530139733
50032,0.04506097368189894
50045,0.09768587220710487
50046,0.3125347116845658
50047,0.07653187871825484
50050,0.1943485334808202
50053,0.14861938428573138
50058,0.038152096031880384
50067,0.1275919841533537
50069,0.06680550779091655
50070,0.30355958485383483
50071,0.19588781973907513
50072,0.20112422850182318
50078,0.03398745338420703
50079,0.018221712841655597
50080,0.03834984145809362
50082,0.23517085677509375
50093,0.10587952842581007
50099,0.0563632811336466
50104,0.09497460094023631
50108,0.01753489233840123
50111,0.0699996032242752
50114,0.29936192259810934
50120,0.11592789575758826
50124,0.09737498653905784
50131,0.18254021569497408
50135,0.08132439370402662
50142,0.06454267955745317
50149,0.0785717390528266
50153,0.2623364309048472
50169,0.17950717973180622
50181,0.026924167769392243
50187,0.051904101020092255
50194,0.20305372060949323
50196,0.2272628172908342
50200,0.2317001506659628
50207,0.08961394002259136
50211,0.05090029998495643
50212,0.14402176649814477
50214,0.09283620065130377
50216,0.199385968799052
50221,0.08991236457618901
50224,0.2878780115059429
50225,0.019305508591338314
50235,0.055649969660992914
50238,0.16660621477408688
50255,0.1792547745539274
50260,0.05933855152337366
50262,0.31009992940448866
50263,0.028745170982595054
50273,0.27793885669082263
50276,0.07676126818354038
50285,0.07875313672812392
50329,0.02294208955966982
50330,0.10707522535094344
50338,0.023068649431349942
50343,0.21294437068536703
50344,0.0958454451359921
50346,0.11876373284908269
50347,0.058969561236470486
50349,0.20264165791488037
50356,0.3643120461904904
50359,0.1416010168643143
50362,0.22532855418038478
50364,0.16824990443592144
50377,0.17715977624886967
50378,0.12979867891295926
50388,0.1141591148883169
50395,0.08774342856988404
50401,0.08338813854125715
50404,0.07326223232468185
50406,0.10766371629545562
50412,0.09730220630900868
50414,0.1860386702760141
50415,0.2026238998589795
50416,0.18137510229066428
50419,0.06306216665339498
50420,0.17145174341090463
50425,0.3774460306075135
50428,0.1599557647771269
50434,0.12473767240963304
50435,0.1638747398904372
50436,0.038811728629278335
50437,0.06514248371077433
50440,0.031848405847340555
50441,0.17382160752779144
50443,0.021628540422815347
50447,0.10269131259222722
50450,0.0859831842454238
50455,0.09265971137933086
50456,0.2493680797716624
50463,0.0850768625334961
50464,0.18838379803731586
50471,0.22139977176091158
50473,0.1728160828162679
50474,0.12803820724808906
50477,0.07461027174082513
50483,0.04053596111788348
50486,0.15739969769326737
50488,0.18550484863111705
50491,0.02573531097546657
50497,0.1512989266264255
50505,0.10964027474462769
50510,0.161052122858481
50519,0.12658321742773243
50524,0.04163108538935276
50532,0.16107156091972738
50536,0.1214229782183952
50545,0.08966504866466371
50551,0.14286998723241165
50569,0.15846788072035586
50580,0.1988974557601113
50594,0.14447763170049543
50595,0.16729961493917442
50601,0.20633584215646356
50606,0.03621175885904897
50609,0.04942958144147159
50610,0.28822248484392715
50612,0.10623028788343088
50632,0.21768236581070619
50646,0.06076776938892058
50650,0.09509401377895457
50653,0.06610190663375543
50656,0.03625314001963644
50665,0.10308410136035256
50667,0.19104621072847353
50672,0.1637787897398552
50673,0.24223185984008883
50677,0.02023158841827806
50683,0.02089705575495912
50685,0.028387891421809603
50696,0.2851304881655099
50697,0.18543535742266526
50698,0.043110579973236564
50707,0.07850853816664613
50709,0.02203088494898066
50710,0.10811708291632836
50718,0.09832761233596658
50731,0.08224472348678513
50734,0.2823385388626403
50735,0.2362053727287742
50736,0.05966890323167222
50741,0.15287050057879709
50755,0.19089667317896095
50756,0.1039763243099207
50757,0.23080327455326569
50758,0.1662708764802408
50762,0.26573884172214834
50763,0.03254274638560317
50768,0.297244224666644
50770,0.09702259797750698
50773,0.028791668392493412
50786,0.17302003018347206
50793,0.02563050900360382
50801,0.1456271621378357
50814,0.14455423616685092
50816,0.06786443915888976
50817,0.18008599319447618
50821,0.31405324883845215
50825,0.048012206291903274
50839,0.07292381085591058
50847,0.17432743298455727
50849,0.08360214549988035
50853,0.11547712632330989
50854,0.09389661073672348
50855,0.22373296803897233
50869,0.19759283840762862
50870,0.09827486231017918
50872,0.2812074236733108
50874,0.35825770113043365
50876,0.27481267893806716
50887,0.05062025723434665
50892,0.058084529415151805
50893,0.1223805030693633
50897,0.36843207013941504
50904,0.22987847714590834
50909,0.13023655194392833
50910,0.08316048795245078
50914,0.27153373762730865
50916,0.20377576547088028
50918,0.07472119102878971
50929,0.1235594146958478
50935,0.14522134130271747
50937,0.25965837560295946
50939,0.11970306273629686
50940,0.13292264087203193
50941,0.09226605136507765
50945,0.07290002108646339
50952,0.03175796907888668
50959,0.1719891954335733
50967,0.10737404443873709
50968,0.21911137558236674
50971,0.12282511987324714
50972,0.1556645673031306
50976,0.055559566879475025
50985,0.15691528841750624
50986,0.13368986392370527
50987,0.12237481485693347
50991,0.09482269097763386
51008,0.1257202667448383
51012,0.0440670438906405
51013,0.07511914606302508
51016,0.23478360911928522
51021,0.096229528957439
51032,0.11989081789921649
51036,0.035847713036657944
51063,0.12331407725867054
51064,0.22408907806644407
51066,0.09716061583549393
51069,0.07325440551597957
51080,0.12420279441075281
51089,0.04019624310324091
51090,0.04851916502648722
51097,0.11313931684250325
51110,0.0845906159011274
51116,0.06994731805833729
51120,0.2074193058934918
51121,0.20432019069719898
51122,0.05327851248851719
51129,0.12898597798325073
51131,0.1871172579147817
51132,0.27716076356616476
51139,0.16211719955499473
51158,0.035111219897505944
51164,0.24595487679892156
51168,0.19679949581962775
51176,0.04679097273306691
51177,0.1970901177533659
51188,0.024677617797656138
51197,0.10139079371375488
51198,0.0815158888325543
51202,0.06942797597975513
51210,0.04803428420907627
51214,0.29555509387842904
51216,0.1960482708184353
51223,0.047258768912427654
51225,0.2235385850051283
51226,0.11191841953766067
51228,0.09347396282220789
51234,0.13205693615900818
51244,0.15475912111394474
51251,0.2242480780291897
51252,0.16456501869953505
51256,0.2080916660070676
51261,0.02072097797669264
51263,0.08271325845951906
51264,0.1572328792488109
51268,0.17554672104255797
51276,0.1555385879965677
51278,0.04716796053255585
51288,0.03910853322103748
51294,0.17325543732694595
51297,0.17438282504569957
51312,0.10866348417468773
51313,0.16718710663155015
51314,0.06703095674193069
51315,0.10093740355748206
51316,0.129448373005595
51317,0.07940504338963254
51319,0.027550312845022438
51328,0.03073680621339808
51329,0.034729203658889
51338,0.12523403440757638
51344,0.037896379968607945
51345,0.05401547810354145
51347,0.11307581175923731
51359,0.03917105384422194
51365,0.10210507251045321
51367,0.06742998094273156
51369,0.12603290656131935
51373,0.043919667244789996
51374,0.029814968194563047
51394,0.05646192088774462
51400,0.07838669073155984
51404,0.15838506901843924
51422,0.1723481064733317
51425,0.06862626049905228
51432,0.06801093172042481
51435,0.060373310332269135
51441,0.11877987862770148
51444,0.051276803779708925
51451,0.15088728319425776
51460,0.05180052357756428
51466,0.2677925342715682
51468,0.3370184882233847
51479,0.08233560026317839
51483,0.02203741798639543
51487,0.12245398582280644
51488,0.08364570870282285
51489,0.15028708987167047
51494,0.06469388848480515
51495,0.13171567241090784
51510,0.25512766100332557
51515,0.19611341265920454
51517,0.16012458055734655
51518,0.10192042542507183
51519,0.3081463717926359
51520,0.0807642419998393
51527,0.05556865523633554
51537,0.03956286445506024
51543,0.19900198047101958
51553,0.13787927822781226
51558,0.0711515640071063
51566,0.07082518615622291
51567,0.11022253415037796
51571,0.1207480061118695
51585,0.268956728620269
51586,0.2050472233452752
51596,0.03357268806038027
51609,0.22817051914068845
51614,0.11587454484786561
51618,0.2699353524378178
51622,0.13092560695210023
51624,0.028589684420272
51641,0.057427730454842014
51644,0.04881455536980583
51646,0.19578346712662117
51647,0.08013991195285491
51666,0.07718962758218574
51679,0.0780916472121686
51683,0.2286468866903267
51686,0.036213600295740105
51693,0.026602143891586848
51696,0.31708616643935533
51698,0.11000887903785023
51703,0.10934214987602683
51704,0.05743139354011186
51708,0.0670279545134483
51709,0.04397638431672892
51718,0.23660093223958203
51728,0.08131786264521747
51730,0.1396823946168519
51733,0.07405699629118011
51734,0.032699012496590955
51744,0.011557466543306109
51748,0.15449115431817956
51753,0.13578690718539294
51755,0.18468177690774315
51761,0.09869446570034617
51764,0.07472577775118064
51766,0.053105991216001715
51769,0.04267726262142155
51772,0.1370814843170046
51774,0.1341455415245397
51775,0.025514813939774606
51784,0.05224447513675828
51788,0.08336485020547874
51801,0.1236498298984078
51802,0.06094112142414012
51803,0.19862187664711953
51806,0.029473922739786263
51809,0.0408026864982871
51810,0.05697967163911049
51824,0.04918087555680588
51838,0.04876291746731168
51854,0.029955614491594222
51856,0.3047799180207386
51866,0.02038973100173779
51874,0.13447498932280158
51887,0.13843609359487805
51888,0.048998507962472175
51892,0.1686641737187336
51900,0.10451357096772322
51908,0.1020429904179236
51912,0.08686408097563793
51914,0.15846034267656767
51923,0.11648365036610592
51924,0.13448475639451293
51926,0.2897552681933321
51927,0.011362971015935436
51928,0.26039886139583557
51933,0.1867321924802871
51941,0.2590677225684822
51950,0.05164077661652583
51952,0.09938720679561172
51955,0.025715321802561687
51957,0.14346623537072056
51966,0.13958724895508728
51969,0.14782024333226923
51971,0.04835981946119287
51973,0.024587834577175522
51977,0.18620664234957068
51984,0.08154583806907849
51994,0.13296676691895717
51995,0.028308282997382733
51997,0.01849715601343944
52001,0.26300399958007853
52004,0.0768342922163147
52012,0.18076361961836632
52017,0.24217168459941735
52021,0.18390451931423143
52040,0.07009092860869486
52053,0.07868934452951118
52089,0.09772705738617879
52091,0.09302933606019884
52092,0.050210260057172114
52097,0.09036827690455937
52099,0.20412719242484126
52108,0.023278648813414293
52112,0.13706019072871412
52119,0.03441466160666852
52122,0.22466564889757876
52124,0.12516218770414494
52125,0.1272549929270585
52143,0.04732022987051484
52144,0.11598597287896766
52145,0.2049874733174346
52151,0.1021793172779747
52152,0.035748877198844245
52157,0.09509916264971618
52161,0.12000498270540912
52164,0.08460947096727922
52165,0.07373498571843336
52166,0.4458261486161885
52167,0.1553102524492394
52169,0.10270997063739551
52171,0.17346191748584894
52176,0.03140297890634058
52180,0.11753482942888589
52183,0.24689893359400975
52194,0.06611504030114165
52196,0.11099887907817754
52198,0.07850401796680269
52200,0.06429582315039095
52212,0.0629300307030731
52214,0.3101755484110989
52215,0.19943404121033573
52218,0.07298866735202746
52219,0.2611160210817938
52220,0.09571768668079547
52232,0.12937579372763638
52238,0.31624215639028047
52239,0.07604926113593415
52249,0.1527527984284062
52254,0.037684917592887515
52255,0.062206195143639176
52259,0.03243933215472006
52261,0.0445546697371575
52262,0.22738999458473433
52264,0.04259560486065757
52265,0.05132548601867217
52273,0.013565116065142692
52275,0.08771848266849074
52281,0.18452820416783589
52283,0.03209801647178248
52290,0.06101006409315028
52297,0.17062009215037185
52298,0.07048730255541612
52301,0.05987265892986928
52302,0.15744468644930668
52303,0.16721425257365383
52306,0.3316111932012935
52309,0.08190782479558568
52311,0.2630996722295847
52317,0.04668961427779657
52318,0.0862867129405244
52319,0.14622451450059282
52327,0.10252924589855024
52329,0.267963359386991
52331,0.057532612937226946
52334,0.07103138035564158
52338,0.06744344986764547
52342,0.1489422911758547
52349,0.18417239130314733
52351,0.16380993574563923
52355,0.15215430769183552
52358,0.06094249255891297
52372,0.08518886475474954
52373,0.059108989232529385
52386,0.021047005534009157
52387,0.29617050660712124
52391,0.09805534845048441
52392,0.25893276163732126
52393,0.03166980273648288
52394,0.18331062951994107
52400,0.10522096026922577
52406,0.09002379815142661
52415,0.027443941215878422
52427,0.22968705929141892
52438,0.22542973084296913
52439,0.06123465647032003
52440,0.05185763728959215
52446,0.18814645516018277
52474,0.13926529583531405
52477,0.09413844653585321
52478,0.0885835799443608
52504,0.07861083674528734
52507,0.07206135645536899
52508,0.10763742499978372
52510,0.10487267576193914
52515,0.03575707519183734
52527,0.20158870420166086
52535,0.08148576938106238
52553,0.10714438574241794
52559,0.13346539595384838
52564,0.060200078292375704
52568,0.2214191336872739
52570,0.13416136631684253
52575,0.18576611706263685
52579,0.10500323967446396
52583,0.1283888222692395
52596,0.03959233662502762
52599,0.3426343649760194
52602,0.060320315174662006
52607,0.2841460172632858
52622,0.11603056014746177
52623,0.2503256666093355
52625,0.11710606426994308
52626,0.3693822479326774
52629,0.10971490184370072
52633,0.021898359087853814
52637,0.016073900659394492
52638,0.15793135258923272
52642,0.17345045313424232
52648,0.20984897448932036
52649,0.056698104243880706
52655,0.12246563728863485
52658,0.20677551125844087
52659,0.10320065246129421
52660,0.05006518949259355
52675,0.07978651227558485
52678,0.2116538041098706
52679,0.10408032646256565
52681,0.045002489688716535
52685,0.2808664811916613
52686,0.27389983836739057
52694,0.1519449808248881
52696,0.09786174598957231
52700,0.02788949906513047
52713,0.05228859658822235
52720,0.26461746131665087
52726,0.3047811147689499
52739,0.19403133380499007
52740,0.027403429112812006
52742,0.3050184216331583
52744,0.2156494815652959
52747,0.0923489799259867
52750,0.1026735641998593
52751,0.06246688922390791
52759,0.16582875331749763
52760,0.13360785141941847
52772,0.06460897393056321
52778,0.02231729372489503
52780,0.14250141966084462
52783,0.04281142891714245
52804,0.0884177489361319
52811,0.147727785392234
52812,0.08270114138174481
52827,0.17620983409537283
52832,0.06119846265249564
52833,0.03836311124014433
52834,0.09723389197823294
52845,0.06686243086720223
52849,0.04265687725435994
52851,0.11210497979704574
52861,0.02922599333129719
52865,0.13478493624708965
52870,0.06593842050280227
52871,0.09751304665564177
52872,0.1559818052473717
52878,0.08900706544686392
52879,0.08871714349763819
52881,0.10827513747867755
52883,0.371383002681636
52889,0.2316519439782366
52890,0.09295777885951774
52902,0.07956058268934994
52908,0.11563517605926726
52911,0.13463777143229616
52916,0.02458713439894097
52918,0.033297939999560114
52925,0.08478693722299584
52935,0.22648692117537553
52948,0.06112487225537551
52949,0.08570219732018153
52950,0.2306378106530951
52952,0.054836707488860305
52957,0.14986837103872183
52963,0.12474203910865846
52970,0.17104371186325207
52971,0.09447076285867724
52974,0.20537927736860226
52975,0.06452981672047556
52989,0.02968631994074898
52992,0.034273807756472936
53004,0.08339576257116167
53007,0.0873164988466276
53015,0.04423906555646905
53018,0.1581934858476275
53021,0.11867527809715396
53038,0.08673222901988721
53040,0.31684344330283176
53041,0.10632844061197622
53045,0.13236227319196578
53049,0.11569376682779264
53052,0.19032512180328828
53054,0.10883240496165571
53059,0.017319569273559782
53063,0.23622529337929285
53070,0.06257088685233102
53075,0.24106737645053825
53077,0.03685259631831077
53080,0.08287933447137939
53082,0.13957077434955292
53090,0.25342939461927344
53092,0.0275814480803918
53098,0.1064868911175735
53099,0.1261086824145268
53107,0.20898839016675544
53114,0.14178368228380014
53121,0.11702185867637718
53125,0.11471026283917697
53127,0.1484701466141905
53131,0.04788713345358571
53135,0.1481686864198776
53137,0.057084757104612714
53156,0.0356799334453032
53157,0.03834411399612176
53162,0.2579319015497474
53164,0.03825834571906565
53166,0.14656133819264616
53167,0.0721660703459629
53182,0.2201897642496212
53188,0.029075884676935945
53194,0.12584725691465476
53213,0.036057965232798736
53215,0.08955458209544558
53218,0.35012280773614657
53228,0.03804550992521951
53231,0.070297324032878
53237,0.04372594923992482
53238,0.08163750161562072
53244,0.10057291575932935
53245,0.2055939048853193
53246,0.06969204013087718
53250,0.0435375867506237
53263,0.021821349420671373
53267,0.21565499147979134
53268,0.10907419738415661
53270,0.025839388303705014
53274,0.12311360382523671
53275,0.027109422815046802
53276,0.12246665113276331
53285,0.1252429905366219
53287,0.08223248880937208
53293,0.2859709509407163
53300,0.07121470447940918
53318,0.04315504384231321
53319,0.3872450919416861
53324,0.11169148163641344
53325,0.1499903826658812
53326,0.1111715262402869
53329,0.02307358880105935
53331,0.18161361085894273
53332,0.07687955676206036
53339,0.03068127760400678
53343,0.030462695745397644
53349,0.22027753125522306
53357,0.019305391492782067
53359,0.018301365302326962
53366,0.27019704274810524
53368,0.07870474040250021
53369,0.0741701723731662
53372,0.2157128455309494
53374,0.05022711898145892
53376,0.050067901543788165
53377,0.08421263320290959
53385,0.06711970934090278
53391,0.02284550280779967
53393,0.0831415981350671
53401,0.17386994802194855
53404,0.2039819413932459
53406,0.2567207187485916
53410,0.08373203419851079
53427,0.19421742216283608
53433,0.18393696044141486
53443,0.11219958144143308
53444,0.056963009180737094
53446,0.08048119255059802
53459,0.20576718803763747
53460,0.2618422591868434
53469,0.11938389778578093
53471,0.28685715128430817
53475,0.1895111613104046
53476,0.11158834487438055
53483,0.07764173615976631
53486,0.04969249027682032
53496,0.3056904143699575
53498,0.243041605060899
53502,0.07018928873967104
53505,0.2843610326312212
53506,0.11033052829313242
53508,0.17370257406333484
53512,0.16045817336085308
53514,0.05064913040139319
53541,0.0664277661304988
53544,0.054611802622554745
53553,0.05996513239421982
53556,0.0488246609513839
53557,0.13510520342271146
53560,0.03603117733245641
53578,0.20718422257081334
53579,0.09025129289556878
53582,0.031270399402098685
53595,0.015369504623946992
53603,0.07796220788791691
53606,0.11037765683795957
53612,0.08844801664545249
53624,0.06380958417249008
53631,0.01641314163748804
53638,0.3310620086288991
53641,0.08867325004550358
53642,0.03674272294671872
53650,0.08216316023496911
53652,0.10287519533639394
53653,0.11256513401414125
53654,0.2422304239587689
53674,0.10962459447210175
53675,0.07270804184256686
53685,0.44375640302232977
53695,0.31944043068122724
53698,0.11258038210333868
53708,0.24528635537200677
53711,0.06886528533016585
53715,0.09114765548962575
53719,0.12434088545938406
53720,0.12006579979321509
53721,0.013713819526641744
53724,0.18305108775951814
53731,0.03625807917599892
53736,0.13663813130533464
53741,0.10792992825169077
53742,0.06816800128301981
53747,0.0689984325869078
53748,0.2595458657878858
53753,0.06795238619148136
53754,0.1891995540144799
53756,0.08552102504957564
53760,0.12988668582915308
53761,0.13339158516861974
53773,0.05868546738980114
53774,0.2131328454535861
53784,0.052069561754896215
53788,0.037444904066884555
53790,0.2777558212786079
53791,0.03327140461158238
53799,0.2913821533352081
53802,0.07774621540186578
53805,0.2259567618219551
53806,0.2744565156887004
53807,0.11706753902956989
53809,0.09014397845017372
53810,0.20088128690338308
53820,0.08018485936579023
53825,0.06640833706486524
53829,0.3665727017357453
53836,0.1518635942600195
53841,0.06657559804447936
53848,0.12566646018952196
53849,0.07733198392638252
53855,0.2764908144333405
53856,0.14515761022841317
53859,0.2869490555665059
53861,0.12508150671566137
53866,0.21954436833002586
53876,0.12029873279470059
53880,0.05906744345888322
53881,0.11650280079457762
53893,0.08196690638529844
53899,0.12841147438762132
53903,0.1567515307126078
53908,0.21646880116777167
53909,0.05197271125450344
53916,0.06970250029643338
53922,0.19628029621968485
53923,0.12208224422285828
53924,0.12720981406254145
53926,0.05691589391839923
53938,0.08457247519182866
53941,0.07548144999333523
53943,0.057761006447599725
53944,0.12025079553848497
53946,0.3095828192794416
53952,0.11090795482415071
53955,0.10949623330103794
53958,0.1043488268920944
53959,0.2599851832804695
53963,0.13228797324490543
53977,0.2664018780204874
53983,0.14876538300287243
53989,0.2980364019810904
53993,0.21652933339857733
53997,0.043325272978105414
54003,0.10746757835200192
54008,0.09515457002000746
54009,0.03585514081019667
54011,0.15191001212434338
54012,0.09152967269109363
54017,0.32014458049505884
54019,0.2257588610091229
54021,0.10701163950891232
54030,0.1151682302178077
54031,0.10320668265972992
54038,0.09708609898978068
54047,0.2732104620005859
54052,0.35236122999536923
54054,0.032884064628211036
54055,0.09052576183599069
54056,0.11052606184257037
54058,0.1202156476363776
54060,0.03470725415880618
54068,0.04545294371735949
54077,0.04229429586647345
54079,0.2374379420478534
54085,0.011852348397520092
54095,0.08423397603673241
54107,0.11117587087915816
54110,0.09303497515675511
54117,0.03551550886747526
54128,0.06868037225727995
54133,0.13630511943020457
54140,0.11326675673063516
54143,0.09383341954280842
54144,0.04537410396043387
54148,0.06361072495451017
54149,0.05939292422863111
54156,0.20437110370163955
54160,0.03822381575640884
54161,0.20780798185144136
54170,0.15995070179127102
54173,0.30413285106495663
54178,0.23658191663056713
54208,0.17405473560000892
54209,0.023840028480339948
54213,0.14239583633546407
54215,0.03347436756075091
54217,0.16914394436241892
54223,0.06176111420113803
54224,0.07555645236159134
54237,0.06496835243245275
54242,0.04186347931933662
54249,0.03404305842412232
54251,0.05093930169009504
54256,0.35915368915530865
54257,0.20298427765508387
54269,0.26126402021262934
54279,0.10514767034773574
54280,0.03913499704841934
54281,0.058500373997997165
54299,0.18398934489177654
54303,0.2322071408715882
54305,0.16628106486711616
54314,0.2461593871497217
54317,0.13206708903219502
54321,0.2571193882532522
54333,0.1603377076983561
54334,0.12004377304577989
54337,0.05745944325086381
54343,0.0860686360579493
54346,0.055223014435764065
54347,0.17108167388839385
54348,0.3339486698292722
54352,0.10331357799983816
54361,0.03688871295726069
54362,0.10879911857337007
54364,0.0656088828481138
54371,0.04265016455080712
54376,0.10365151354067315
54378,0.03070812545142971
54381,0.1930479317854922
54383,0.08681856134618206
54386,0.025197394657963543
54395,0.07882619557414354
54396,0.013763059399084213
54403,0.054172310871778394
54410,0.0316116248359841
54417,0.15095259789932639
54421,0.11013334190236226
54429,0.11367517781801723
54432,0.21262793668155927
54441,0.21691519219649527
54444,0.06578539887343811
54451,0.15191736536969688
54458,0.18646225221046414
54459,0.021812933560548767
54465,0.08424926353557999
54480,0.07785044991014119
54486,0.14906126875775344
54487,0.12282601800766411
54495,0.24664157454984964
54498,0.08191763371811309
54500,0.15611914328522267
54504,0.09554036045325637
54526,0.1225118459418932
54529,0.04935772974988412
54536,0.12832597479852212
54545,0.09883494697039096
54557,0.01575616696168006
54561,0.3516575193079153
54580,0.1034538475892379
54585,0.17892346376897209
54591,0.06144413906659036
54592,0.15907541108164214
54594,0.06118810409730737
54597,0.1105815366057802
54599,0.03867388664289043
54618,0.0376788924005403
54619,0.05590556416769864
54621,0.0678892452938489
54624,0.05157782295494894
54630,0.0589862955113794
54635,0.1205601932097152
54637,0.2501409472116852
54639,0.07379581592245354
54644,0.1854126092865985
54651,0.1512109648600086
54658,0.21316390217758238
54670,0.31022019266267015
54673,0.41440975838198457
54684,0.27621850553308147
54686,0.24363874990345616
54688,0.07920307819044094
54698,0.1929896685027883
54699,0.1211244633495535
54701,0.12420282217790304
54702,0.2360794530424253
54704,0.1614147858017214
54705,0.09555705952286626
54708,0.04821691010699667
54711,0.1439939419953648
54712,0.11147502264651811
54719,0.04056512683181975
54721,0.2684686483400437
54722,0.24815935333434475
54724,0.34773080344627927
54731,0.031300195025605465
54734,0.27244024890193896
54737,0.16135377442387644
54749,0.13250939454512756
54752,0.044013604608370435
54755,0.10267802802736295
54760,0.29432310273979334
54767,0.08285746515631341
54769,0.06795644869127142
54776,0.07867489053193229
54780,0.3500420938078584
54783,0.15292712389151006
54791,0.1704070026228883
54793,0.05912744975242335
54801,0.04301154626266687
54805,0.03882838577083003
54810,0.07565416338117423
54811,0.027563849999250566
54812,0.1628945341138231
54815,0.02768647772773248
54817,0.1251743284913328
54818,0.05387033630883281
54826,0.05690530227243477
54830,0.0994101063033889
54831,0.1312924321646528
54834,0.259719266118684
54837,0.23290002771439564
54841,0.08049817783763916
54844,0.13085510631164202
54847,0.0722220619698578
54849,0.01570057817654689
54850,0.16840733424039303
54857,0.052094425122828324
54858,0.046710625717020844
54861,0.07030401940388387
54862,0.1368344876692923
54869,0.2705462700783045
54875,0.1308045401360578
54881,0.2012151952808742
54898,0.28265113756775817
54899,0.08334372070253704
54913,0.19929010030025063
54914,0.05765619292064919
54918,0.058667502102485655
54920,0.2050813729011353
54926,0.12688035898862773
54943,0.15955491775830904
54951,0.14881195092415497
54959,0.34812346747433737
54960,0.08184036193159726
54965,0.26841293724883536
54983,0.17432988819467551
54986,0.06652790884561118
54995,0.049250218716381536
54997,0.13475558927173192
55002,0.15586200902930186
55004,0.20112432393738522
55008,0.09806236330737561
55011,0.08713930944497328
55012,0.08905375694286922
55015,0.061746440580361654
55016,0.14546869048959216
55018,0.07050502779065423
55019,0.08020254460350104
55025,0.1143282600910959
55029,0.04582413114201035
55038,0.4118228209009497
55046,0.22060561696893735
55049,0.16280884353642874
55050,0.04429942612657299
55058,0.0985970250447479
55063,0.1424977698079173
55067,0.08053668762133566
55073,0.02901116764796404
55076,0.0232726240541688
55088,0.039232268397067074
55090,0.13117442857366488
55091,0.1993167821640409
55104,0.051635124538986304
55109,0.2660102654238704
55123,0.08991741375809956
55129,0.13705722813010757
55131,0.06352341692572185
55136,0.21234685783470858
55138,0.02728922624352824
55155,0.1305820428289764
55157,0.2043693649701665
55159,0.14718416670926834
55163,0.07581067955957381
55164,0.102402344398542
55168,0.21950082356594786
55172,0.026835706496323893
55175,0.1470930781944385
55182,0.07301160924718278
55189,0.23064016722908923
55192,0.09446187843886836
55193,0.0711210524070295
55197,0.18590626470579005
55205,0.2605726440698675
55206,0.08807771769649599
55217,0.09203225457975266
55218,0.21825768360211448
55228,0.08390060725872478
55231,0.05703529739385985
55232,0.34561769316131424
55235,0.03919689040583743
55241,0.14094501277872945
55249,0.29559711364258356
55255,0.06637122056283519
55257,0.39260498725647397
55259,0.02172319402437834
55270,0.1092907102808129
55273,0.09849613283962469
55276,0.10252642403792007
55283,0.15658344585058956
55288,0.05415046762338722
55295,0.12547308900859952
55308,0.12765095245252658
55310,0.022106242363450435
55317,0.1017809660392936
55318,0.049291350591026864
55322,0.08403210837239253
55329,0.05801852369438078
55335,0.11553249948185751
55336,0.11822160901335356
55338,0.1794208510903365
55341,0.09074553661853332
55355,0.19413560088959805
55356,0.23847919769566575
55367,0.0856784599167458
55379,0.10598079500330082
55380,0.15618450083298105
55386,0.023616178558814354
55393,0.10212289956446002
55394,0.04082253060214515
55396,0.05478394539284441
55401,0.11751479884043019
55402,0.09443942287785538
55404,0.07714271433140832
55407,0.2434148664716392
55409,0.11613221733593707
55410,0.020517389742778322
55417,0.08378962533661781
55427,0.03523438845105286
55428,0.21728550998684795
55435,0.3597634794793019
55436,0.2840401276941186
55438,0.03119645362891945
55447,0.15865535481964108
55453,0.12495952852995472
55458,0.06988007136362358
55459,0.15663184607917793
55467,0.22560868325678474
55473,0.22151537457486598
55474,0.16530523393359658
55480,0.05940324413808584
55481,0.07466032636500541
55496,0.25736349666164593
55507,0.06337235962747818
55512,0.09242844213702035
55514,0.13473128303994764
55528,0.13424917658912183
55532,0.2578154765864203
55547,0.18367995007224525
55555,0.2284991773605915
55558,0.0715802769153781
55560,0.13609771268701146
55561,0.02973199405752527
55562,0.2187979015571098
55573,0.036550802637627965
55574,0.05624723703336637
55576,0.04453208047232649
55583,0.09239347935401143
55588,0.0654476782084978
55593,0.17214718739078713
55603,0.022143162727311642
55606,0.06335798394328099
55627,0.0630372350845083
55632,0.04217603206347565
55634,0.11302942514986568
55641,0.038339151594453315
55644,0.21677624696940093
55646,0.18107393859668486
55652,0.16455068747971474
55653,0.10611302801769716
55659,0.05167385767936802
55661,0.17936728993361936
55662,0.09483490670296474
55665,0.16214500216590638
55673,0.04562246946064393
55675,0.08023554731290629
55677,0.06935029492226959
55679,0.1725277466313233
55685,0.09158771097721316
55687,0.1482418991126534
55688,0.08807220160390446
55703,0.06510876601685513
55709,0.21257064355982028
55710,0.1728101442055851
55713,0.06684709808097572
55714,0.17244381076948181
55720,0.10064121446855098
55723,0.21745161926360548
55727,0.18628424496724647
55729,0.06620137475205999
55738,0.12603139973715657
55741,0.07374335832935659
55747,0.29555719970780336
55750,0.10908305387198565
55755,0.08474694049411602
55761,0.08975339878343708
55766,0.2611421232714292
55771,0.06199911571056544
55775,0.2192033900580398
55777,0.046749881978044174
55779,0.18990522502258406
55780,0.03369384603819471
55783,0.08225752085674141
55787,0.14118793786149175
55788,0.1570533060622833
55801,0.05175792621999889
55808,0.13060354209973338
55810,0.10431593652435495
55821,0.13616313977799327
55823,0.2960638549617922
55832,0.05926421516514055
55851,0.07769144196519968
55859,0.06250121952301577
55865,0.13185134611807617
55871,0.08594508507208115
55874,0.03561935196391668
55875,0.09881531443833869
55880,0.0890116648898582
55886,0.18432868566329894
55891,0.17142524437054982
55898,0.105418864394781
55903,0.020993461482405548
55905,0.0910286815815565
55913,0.3281473517582456
55914,0.07873505035542497
55919,0.3577942002990334
55921,0.24537946806836047
55923,0.04670591181111506
55931,0.12250093368652992
55937,0.18916339879325914
55938,0.13313331605103515
55947,0.0505801209194986
55957,0.030648810132114495
55960,0.12290286055888014
55962,0.12283830135271337
55966,0.20796124733515284
55968,0.18440394618190797
55971,0.09675601434727531
55974,0.06389043936558396
55993,0.0846962046299113
55995,0.04906233775308588
56001,0.12431252061178517
56002,0.13404461958737807
56007,0.022142629625609873
56008,0.2742251496917588
56016,0.04154664578270795
56017,0.10999088752901869
56019,0.07741942676408735
56026,0.02379250998258801
56028,0.10049905242443483
56029,0.10076684724673095
56036,0.1641704782980571
56039,0.16938933129543965
56045,0.05836468274796586
56048,0.145917881444541
56050,0.0918477046766562
56064,0.4322702518673702
56068,0.08371564579621013
56069,0.06844744682113575
56072,0.16563215394168132
56077,0.018913877145913985
56085,0.12511132758265503
56092,0.04578232313298066
56104,0.149292193913957
56105,0.20878561496679088
56113,0.10956019559474221
56115,0.10867181716138495
56119,0.03692374330444957
56123,0.1714012905612331
56124,0.3054960982682958
56131,0.2571254164818234
56133,0.09146215938169139
56143,0.22432858477448125
56164,0.339755324203509
56179,0.028800902166878473
56181,0.24600288196893663
56190,0.14268298310943306
56192,0.09802091107657193
56196,0.1883097131536406
56202,0.024112237224959695
56204,0.12934718469623174
56208,0.10032497145148005
56215,0.05031473530039572
56225,0.10268408792843613
56228,0.050317378590439533
56236,0.06950445596954848
56238,0.167530705042133
56245,0.15894242281661905
56250,0.16713419026402712
56251,0.07152950601378624
56252,0.2360376317691937
56253,0.05867055181720953
56255,0.08636628165808169
56256,0.05621308046266354
56259,0.11488051130024896
56270,0.07366160005064283
56271,0.13800978094305785
56274,0.07353994552590191
56277,0.09300295542146533
56280,0.07236671981715773
56288,0.23595752524802538
56302,0.15075150925922276
56310,0.07212768966343454
56311,0.06018345881077546
56316,0.15270389604261236
56319,0.10147320158105096
56322,0.15345671854907988
56329,0.07154602746404874
56332,0.0749236905412788
56334,0.14374306998212671
56336,0.08024664588086196
56341,0.16178350040733624
56346,0.08832173017249065
56352,0.40818077629805094
56353,0.26408295180193203
56357,0.0922359198349098
56360,0.4752626969460137
56365,0.05340343381654011
56369,0.11752619845085333
56372,0.0737128570344725
56374,0.09219047889789275
56382,0.09904481410499458
56398,0.10710394251267348
56410,0.08233678414757398
56414,0.10580566710372141
56417,0.2648769540457724
56427,0.05683728104262733
56432,0.04200124458343991
56435,0.1880891564843872
56441,0.10642830719006321
56449,0.07355757491502125
56467,0.18078911122576194
56473,0.09174805328400173
56480,0.06994536485397804
56483,0.06832425695659854
56489,0.07218448367517802
56493,0.10718280123178531
56495,0.45375359405473864
56501,0.1023388649989828
56511,0.1695501547017972
56513,0.16193747570153638
56519,0.09529437438767019
56521,0.11724024925580781
56524,0.03323316237938013
56528,0.049210620628882165
56532,0.0172279192766988
56546,0.08545965984657647
56558,0.11986815576985385
56564,0.11949712273288923
56573,0.06920053201289267
56575,0.05098796818837289
56576,0.09076966526411262
56581,0.27732394012142575
56587,0.18848208435928882
56591,0.1473051309034092
56593,0.05672964864078795
56595,0.05870563516163643
56596,0.3009432685007763
56604,0.04051903262710808
56605,0.07650829306528381
56608,0.1087944357615569
56612,0.07072644745707449
56613,0.2990990868647546
56614,0.06845804238261859
56624,0.27197748819467144
56625,0.07193178961496732
56632,0.23406421959556364
56633,0.09649468247294256
56636,0.0547813191991947
56640,0.1593269844388686
56644,0.19632297497471227
56663,0.2782741612030617
56664,0.11695697548867712
56665,0.14955423017571842
56670,0.10070925057113364
56673,0.25756405021890155
56680,0.019074245884060665
56681,0.42460376717671566
56682,0.0309588257882321
56692,0.13199793146556574
56697,0.38645604059476324
56698,0.026230596835717674
56699,0.19433763527533282
56700,0.1216573883372507
56706,0.11359735639915175
56707,0.13281734404259624
56709,0.04801182711659583
56710,0.05201124985303064
56724,0.14569538240314042
56729,0.09932755091569408
56730,0.06925127343196676
56749,0.10975223724729191
56754,0.10132123831313826
56761,0.050872366769086616
56764,0.1286148439729925
56770,0.20021688053582304
56772,0.03833737697283437
56776,0.31352835164499193
56793,0.25688328917081676
56799,0.30240755128077923
56803,0.04894127629352886
56810,0.12962080076303958
56815,0.12201141015245662
56825,0.24294131439466102
56827,0.18202705745037315
56831,0.12766450821138586
56835,0.12953927491823633
56836,0.044183876838308614
56841,0.17628338003778254
56865,0.25279440864668623
56873,0.22214291601468675
56884,0.05087644289141986
56889,0.1183706615293461
56890,0.19940049343324504
56891,0.26692712472595287
56895,0.03453628271743538
56896,0.11442591332078483
56902,0.2056211950087829
56903,0.15526404111831787
56912,0.21762092805128516
56914,0.1777980924341792
56921,0.2767131833126368
56924,0.06237922828877524
56926,0.25857588672527665
56929,0.07150617742770529
56933,0.044510822697857506
56935,0.054375380654831905
56936,0.03776672364088944
56941,0.0191823720788012
56950,0.042189890050824116
56953,0.04220579709080581
56954,0.2460004651770466
56964,0.0679746120170904
56965,0.045231880677532504
56971,0.040615323352828275
56973,0.20310173487160996
56978,0.31806105530560524
56982,0.3987399344777384
56983,0.07143629197884337
56984,0.0780264240054633
56989,0.09852547241097144
56991,0.07241809638870624
56992,0.08887390881939092
56995,0.03516582654091314
56996,0.17521334403184213
56999,0.1712591866760157
57003,0.06937828824780615
57007,0.05157872610514207
57012,0.03033294382883422
57013,0.08466633522667483
57017,0.21187234389379553
57020,0.1334925781044408
57028,0.10706290688205146
57033,0.23205978423732604
57053,0.1334859656141597
57054,0.04100742939919068
57055,0.07071605267175024
57060,0.0886565465177012
57072,0.052914209761129906
57079,0.2719340233684948
57080,0.1622273958660698
57088,0.22701053987976985
57090,0.09850422004392417
57094,0.0770444693134802
57101,0.14773513821930256
57110,0.20342047087209253
57111,0.19347593051569098
57129,0.09845810118097059
57137,0.013432936422543803
57141,0.04024179797634374
57144,0.08056264655230064
57148,0.051402934110969356
57162,0.23023707967739504
57165,0.021330080355477943
57166,0.09504415693821945
57167,0.027934869682377444
57177,0.3140197416916903
57179,0.2400604263013946
57180,0.1468397276200375
57185,0.08894824541711199
57186,0.12393235259433595
57188,0.09012769169607103
57199,0.24652251243166085
57212,0.07066395509952608
57213,0.04324049222521345
57217,0.08346352675956825
57222,0.26855503101025724
57238,0.11698368550020184
57246,0.0450468979240128
57247,0.12665735324444932
57248,0.1980327016721767
57249,0.09413809814270245
57258,0.056681222789601506
57262,0.3250873694722159
57266,0.26376134680763674
57267,0.055344699903680954
57274,0.021462662889194465
57277,0.07118989618344826
57281,0.06389169543355133
57285,0.07600714259861732
57288,0.05916465763502643
57290,0.15302297071945742
57291,0.1175400360770521
57296,0.14470266814263394
57305,0.06113510818583669
57317,0.10847809126292238
57318,0.2390414223993916
57332,0.15547177374780105
57336,0.06458959847057537
57337,0.0571353876012663
57341,0.27408517843478053
57342,0.11576265971652894
57346,0.2458951966100586
57359,0.18532714427180302
57361,0.05516206008854878
57370,0.026966014092595122
57390,0.18781778030991364
57394,0.06214762930010494
57395,0.19131821426920523
57396,0.27982463370045
57397,0.05712061016355963
57398,0.08687853326737353
57399,0.15701198625172685
57400,0.09778281574898864
57406,0.07247712923200159
57414,0.1672516424838757
57415,0.09080556288319659
57418,0.1654950083655841
57429,0.15144782468898438
57430,0.04096701892698725
57433,0.21712941977197034
57441,0.07434014451881664
57442,0.0714652841918557
57452,0.10943765350699777
57461,0.07163392722935238
57463,0.07164516859659542
57465,0.17262767169018306
57467,0.25157161474194933
57473,0.18673781257242492
57477,0.1348940344962473
57494,0.23809803154981368
57499,0.10966453225944442
57502,0.47508761571250874
57508,0.10989856521746642
57509,0.21227023893551467
57511,0.10430936579472849
57519,0.2408954462151653
57520,0.17252627393564066
57524,0.041603074428396246
57540,0.32986332694510856
57541,0.12382953435708369
57546,0.20265451450329008
57548,0.060914010361969285
57551,0.2126199319988534
57554,0.09889393034877123
57560,0.014081978843876169
57567,0.13760153341225254
57572,0.07303249100316375
57574,0.08249235506176623
57575,0.14193398555527456
57576,0.18645583567775362
57581,0.049682106420523474
57584,0.18734257547118968
57589,0.07574706268496316
57592,0.07892469754661752
57599,0.1117780232931427
57604,0.0664728429923995
57610,0.12024664224509499
57615,0.21421419503348282
57626,0.035782323080241964
57630,0.024743210976570593
57633,0.23730118491572302
57634,0.155899495187556
57638,0.028759547822883945
57642,0.10689108232588287
57644,0.023016685938106105
57650,0.09256726926071529
57659,0.12974733792214924
57663,0.32210686439635794
57666,0.1124494793551553
57667,0.05729225779773869
57677,0.1259607584221711
57693,0.11568647257427395
57697,0.11146857827081438
57705,0.09159075079888038
57720,0.07033417664089091
57722,0.1643460242960687
57731,0.12407243442046328
57732,0.0536528464707493
57736,0.1749256724731918
57745,0.18335772378121945
57748,0.11886580108442221
57749,0.2328042146149639
57750,0.07098404786501075
57752,0.1267769453695666
57755,0.1153156629066474
57759,0.05749131292318879
57767,0.2411605118705046
57769,0.16662013478809146
57770,0.08121072330913325
57771,0.10101310883191023
57788,0.046017406740646694
57807,0.10631888593487306
57815,0.04957676233894351
57820,0.02836828992350753
57822,0.031795393052492134
57823,0.05650990017118496
57824,0.09635180551531544
57832,0.04842616291382048
57834,0.06132934217423393
57837,0.1774165086897882
57841,0.04568522434779126
57843,0.08562379307511599
57850,0.0395777946416443
57855,0.09103789055594248
57856,0.09222463317394586
57857,0.08480685526544808
57859,0.20205797609960782
57864,0.23403051040468792
57866,0.40419492441371513
57872,0.021001451950874894
57873,0.07091333902807259
57885,0.10672754847926082
57891,0.13024213265947795
57898,0.10755966913198646
57900,0.2577705891561447
57909,0.016606690176123325
57911,0.09350293938957292
57917,0.11734831981714051
57965,0.22010856795593492
57966,0.2425411163959126
57968,0.1595009032584876
57969,0.18391903755496153
57975,0.07833833950632035
57990,0.06235556370873874
57994,0.2009408413924218
58003,0.11992591796488919
58005,0.09038888325316022
58013,0.04883249496733094
58019,0.16252692138653266
58022,0.13475444679332152
58031,0.14376171135674856
58032,0.22627033758882634
58034,0.19492161036125852
58036,0.22990535401198914
58040,0.12506812587007718
58047,0.09350636850189736
58048,0.3685848644317279
58051,0.09808181962485825
58059,0.03563319586353898
58062,0.2581676048542161
58064,0.11356410518011577
58066,0.23774214292237508
58068,0.026206454812077805
58071,0.05489588961254694
58090,0.08551453395972354
58094,0.12396576429714168
58103,0.09977579936903425
58113,0.04649779469594607
58117,0.09807962290719006
58121,0.10479440556483428
58125,0.19046106959734865
58126,0.3061942283879694
58127,0.080221982052614
58128,0.05380408788894397
58131,0.049265660922631155
58134,0.05107015168006935
58135,0.0820414302619469
58137,0.23727082998412283
58140,0.04150067505186616
58144,0.12514332891078664
58145,0.14956240025686213
58150,0.04398708423809823
58159,0.2940097133431908
58165,0.24399497352063543
58167,0.02775037265236983
58171,0.12405474080811175
58178,0.04811874816875606
58180,0.0822102363558057
58189,0.03139852459558173
58203,0.05267483893982436
58211,0.22880641495062484
58220,0.05401292171540595
58221,0.12950400447439217
58235,0.13806452385079082
58236,0.2843393879227874
58239,0.07391753038198236
58242,0.08028723005495982
58247,0.17789452181074838
58253,0.22973701458318296
58260,0.27819049985598937
58261,0.11267549113207953
58265,0.01942806176373939
58272,0.06308315783723131
58273,0.23817658584888057
58276,0.18674763384385118
58277,0.03380414660754031
58279,0.13580481143822928
58280,0.25222689701400863
58286,0.050530281777747064
58287,0.035803688472992944
58302,0.12490515909945299
58307,0.11570188456748537
58314,0.049143251167720614
58315,0.031321099391035306
58317,0.06579628200687014
58326,0.1784637261799393
58328,0.24238208942989928
58329,0.0955580659514811
58338,0.016516720998092208
58340,0.26114533914588356
58345,0.2747610447003116
58348,0.050034562296367456
58358,0.1337108087038583
58362,0.0740498007703174
58374,0.3190207846381379
58377,0.06722622896927237
58380,0.028206944050196702
58381,0.021317320018707696
58382,0.10115696830166336
58387,0.12835983165669437
58391,0.09160485344002194
58398,0.32077632420396046
58400,0.3562541720146974
58402,0.2362612806994879
58407,0.040134365013921765
58410,0.15294004656218838
58412,0.1555209775739427
58413,0.14805715791812143
58417,0.16048816942890937
58422,0.08743554303454942
58425,0.08653167114396546
58435,0.1411231008878387
58436,0.28457159203911947
58451,0.07303825276100784
58456,0.030277061145470283
58458,0.013391044383903036
58459,0.20742321315227075
58464,0.1221386141589951
58465,0.02384439897112728
58476,0.11031416121923064
58486,0.42706684775934844
58489,0.17751052699204262
58493,0.05003131237279998
58494,0.1699106591847497
58496,0.06833287236282641
58509,0.14023546070632117
58514,0.0748815473753148
58516,0.1343410675352451
58517,0.05594091145949527
58522,0.069883799579049
58524,0.17769091105019683
58525,0.08353679604166038
58529,0.17181435183070867
58533,0.08823849759820183
58538,0.21722664245648837
58541,0.056503445178087315
58543,0.14545566550434916
58554,0.127058907943436
58555,0.17763881491833494
58571,0.06053840089545209
58574,0.06794227759922816
58575,0.06938208519125162
58594,0.07138033105964509
58596,0.3312805095354763
58606,0.048056489635106815
58609,0.20767754049249731
58619,0.11460048234776835
58621,0.05970757111658045
58622,0.1721140574188315
58625,0.020724782968862994
58627,0.09721036607457811
58635,0.1507541846532369
58642,0.031471865956554206
58650,0.3156607652489542
58651,0.06107611965418621
58652,0.04105567008647228
58653,0.05294114887289782
58664,0.08281673963833286
58666,0.16631651805098388
58669,0.10488580576674686
58674,0.10178325927514897
58677,0.08557011996089314
58679,0.2265463215790747
58683,0.1578369107313515
58685,0.1670308947978732
58688,0.3355054817485644
58693,0.20268442600464545
58697,0.3701421961751949
58702,0.20495636886913987
58706,0.19549999394801787
58714,0.019403647259717983
58724,0.15752331368572622
58727,0.08789326738370981
58736,0.1462685585672108
58737,0.08343414718328117
58741,0.060626458485454525
58742,0.18675082125005696
58745,0.09620300945421174
58751,0.23735209548852346
58755,0.17515862980414634
58757,0.11847200805088608
58759,0.08578721591500614
58762,0.17506335608703882
58765,0.20886798915882124
58769,0.12555358173149916
58773,0.058467224856567857
58779,0.19017225092232223
58785,0.04228711623169207
58791,0.03605156852580334
58793,0.16847640949329
58795,0.32103690029544985
58797,0.08480212587498925
58799,0.2059465907457043
58801,0.19483413889259363
58805,0.08755446809269105
58807,0.23884491605943492
58811,0.07017047498143897
58813,0.13025006037731274
58814,0.0312566931886873
58820,0.018418287503315794
58825,0.17119409727022955
58827,0.030227041025914045
58828,0.04201202764947004
58830,0.17749577653226414
58844,0.20945553314891305
58860,0.32308015676525115
58861,0.19565448152941795
58865,0.04071148072717451
58873,0.020384416836688377
58877,0.030885622298216384
58896,0.12712638434789045
58901,0.10762175539534981
58913,0.08779376451266652
58914,0.11628593643721895
58919,0.10515872477235615
58920,0.14337703205343055
58923,0.05231161395345284
58928,0.01585959154397159
58929,0.12461436921869398
58934,0.11866805195731372
58936,0.10669319755531743
58955,0.05892794633052093
58961,0.14354222652566706
58965,0.21255621512887324
58969,0.019766778480933878
58975,0.05336513990893811
58980,0.1524877222513649
58992,0.18385644223198983
58998,0.14606387838850582
59000,0.24172208997646402
59002,0.26977437061484716
59007,0.07596979229831682
59009,0.03359085455907668
59011,0.16827722158517203
59014,0.29572355535859735
59019,0.11446839985198218
59021,0.11917916456517025
59025,0.2255009937136551
59028,0.1498178690146964
59030,0.021208377043822654
59031,0.11760330570953818
59032,0.0778171918107167
59043,0.038034966471121257
59052,0.19627303698268017
59055,0.02055815858082328
59061,0.14161297464762534
59065,0.08901662012033464
59074,0.07835543686922346
59078,0.1428222257823564
59079,0.17586681982871355
59083,0.26434426938222344
59086,0.10376289150883068
59108,0.20311564302753288
59119,0.23923122294688276
59122,0.027607373036269804
59128,0.10092972575486382
59130,0.07563167128251555
59132,0.18974449849720026
59135,0.10765777568700376
59136,0.2034572938284538
59138,0.21640115956016312
59139,0.2954055338016916
59148,0.04606073895227836
59150,0.06874525322812751
59151,0.07660133055038187
59165,0.05787506512341727
59166,0.05550059340013148
59172,0.23223725347205654
59173,0.10629781489443137
59179,0.2762134568110767
59185,0.08821362487415253
59186,0.04690165817498801
59187,0.029760251522954903
59207,0.19216341467332582
59217,0.24707260079591628
59225,0.08087276428181178
59228,0.1936715088033215
59230,0.2356283263012454
59235,0.08338655709861584
59239,0.08990037985655949
59242,0.4394400973155374
59243,0.0138458118489302
59244,0.07789934532750195
59247,0.10125852634980215
59248,0.033109822324119804
59251,0.11817405464334987
59258,0.06636086587194268
59260,0.1707444439988731
59263,0.06375425444816854
59265,0.11799253165355857
59269,0.131274198661754
59273,0.11732647069051691
59287,0.243965957401356
59293,0.1253901782159808
59294,0.2272970166935173
59302,0.11514862082073277
59306,0.12198884170118346
59307,0.21125584111517395
59309,0.16167476896060431
59314,0.09820715087115137
59319,0.087150886230405
59326,0.02975952751815616
59328,0.03618079279885157
59336,0.05236033615064779
59340,0.1905485044215529
59345,0.18068620777379116
59354,0.31855595686493776
59356,0.13179974427396893
59359,0.04434403159793182
59363,0.18585466351091828
59369,0.04771034064404005
59372,0.22416102303791158
59373,0.14934078759200223
59375,0.1178634792869666
59377,0.07299975280469229
59378,0.23048546624661065
59379,0.08113253264551586
59385,0.19527034817931024
59386,0.07160600945034669
59389,0.081044482752647
59392,0.054249521780113816
59394,0.22825790235194676
59400,0.21937965893178704
59422,0.08451343633739608
59430,0.133138904308558
59434,0.2674650033421474
59435,0.048924674375295636
59440,0.11066098500010466
59453,0.3058409349212186
59458,0.19227223715211322
59460,0.1860909455551567
59471,0.14548980518307725
59483,0.11362596566877486
59494,0.2852396967599144
59498,0.18358038424562473
59505,0.24867003334905818
59507,0.22329135755096582
59508,0.06464497629659521
59510,0.10509748930080631
59521,0.0564307597162803
59524,0.13944142753205338
59526,0.09177667614192275
59527,0.08572614925087915
59538,0.1666052515410381
59540,0.25752734434667623
59542,0.12355095102832162
59544,0.022885474780989484
59547,0.04865951006669813
59549,0.27469614087694255
59555,0.09083881080107886
59559,0.10341602698352673
59562,0.11744634192098853
59568,0.047705585637144256
59574,0.5081471619160722
59577,0.02478236038660634
59581,0.1457100532604307
59584,0.10219636243660281
59593,0.339479658849655
59595,0.2999787023535853
59599,0.03047601682255539
59603,0.056983540699635175
59604,0.1357367889220432
59613,0.3737037147135726
59616,0.28207176202291806
59622,0.06197562265926417
59630,0.08262244560511638
59645,0.05334743266838176
59657,0.10459418441849372
59658,0.09044112577287862
59664,0.02042873746160562
59674,0.17406553073643002
59675,0.10717689205746732
59687,0.17997495836231414
59689,0.26931246781890583
59690,0.0924831749705605
59691,0.1165766248605827
59698,0.022659789376503404
59703,0.2635045869296433
59706,0.14225314998736474
59717,0.06593214771027747
59720,0.08119125881622029
59725,0.10753979380076822
59726,0.14668099480856306
59728,0.2822486252268217
59732,0.29029267147814525
59733,0.36789197464653106
59735,0.19109486530873532
59736,0.15208256646189175
59737,0.07250698617957434
59742,0.13870247726493723
59744,0.2577735199254643
59745,0.27908826889973604
59756,0.053373073267461386
59775,0.35161658890615793
59787,0.13983651453563695
59791,0.23519427499976903
59808,0.11865165886433963
59821,0.09800910392608186
59830,0.11709346745515052
59833,0.24651891127482087
59838,0.11058626052393158
59850,0.30462764572890294
59851,0.025893396135768645
59859,0.12525267818384744
59863,0.3780026156771488
59873,0.24871070727204955
59876,0.06807923624552722
59883,0.08981082992705738
59884,0.15350603645287764
59889,0.09781670772298924
59893,0.02571033013882351
59901,0.07808386973015831
59902,0.05279759138398776
59904,0.08993914893149282
59905,0.31898037597135137
59907,0.18164155621799302
59910,0.05874741007424416
59914,0.017696335244002753
59922,0.06416548888433464
59923,0.10659436476063765
59927,0.2421452856892849
59931,0.09754750595755972
59935,0.04530473272565917
59936,0.12365482796895758
59938,0.3364530067159325
59944,0.19366875630002509
59948,0.0714500346966558
59955,0.07997790781073451
59956,0.1528770473865531
59962,0.13022144822712312
59964,0.10205699769217998
59965,0.05642268402489858
59994,0.07571454569000921
59996,0.32479190705617167
59999,0.013245606020704456
60003,0.05752667489199757
60009,0.20556650980886737
60012,0.05762632761878262
60021,0.31707241941100966
60025,0.113834607722034
60027,0.06461765321814662
60034,0.039226731330669506
60035,0.30278923487848713
60045,0.08591896329068138
60049,0.019532520066350405
60056,0.05190239838730939
60061,0.053317568235970135
60070,0.2184237970835973
60083,0.03433556052431578
60099,0.10627105799616066
60104,0.06958322094517125
60106,0.05354169901183317
60107,0.18475158473985964
60108,0.14345138846112143
60109,0.1779472447474112
60115,0.12668043492344683
60118,0.11934474668737173
60123,0.24932115472024047
60129,0.0624486357578989
60132,0.03669431659186585
60135,0.16447735648911077
60139,0.16516395863029978
60142,0.12153233597104794
60144,0.03539133467392266
60150,0.3631941350540132
60153,0.11568255959382583
60161,0.06425020828886524
60164,0.08357341473922225
60168,0.14555491446193522
60172,0.3352297761167043
60176,0.27052270198784667
60186,0.03243236780786438
60192,0.22033072623233388
60204,0.08989336146383096
60217,0.14721896287686237
60219,0.14707288071233265
60221,0.1411159463786135
60225,0.1647079837593853
60236,0.08530796333763142
60240,0.06614929964575708
60258,0.059656886873983725
60261,0.13023592836006753
60264,0.18298359046680632
60269,0.17473867224846143
60270,0.04602228634717632
60274,0.19730586228654182
60281,0.022356592189554367
60289,0.11045326555276798
60300,0.06702113729511229
60306,0.025593284768033388
60307,0.10826805600822813
60308,0.1510775772748247
60313,0.17361200603930765
60319,0.1751611321493063
60325,0.2296973636398259
60328,0.17138857218734965
60333,0.0663979497849838
60334,0.1344947518757362
60336,0.11421938237596875
60340,0.1969322881784273
60348,0.10014546180384683
60349,0.2554929062205741
60352,0.050746126071148964
60359,0.16640044821080463
60362,0.15028082611248286
60365,0.045176033255806214
60375,0.1010726817978152
60377,0.02102794184599255
60378,0.26697893028568215
60383,0.060783951107164086
60385,0.20061036863799156
60387,0.024688735520386362
60389,0.06790314764478403
60390,0.057829181114498564
60398,0.05657537341589936
60400,0.11121132216138618
60407,0.06981231162992209
60411,0.07961111734886676
60415,0.034030858311271624
60424,0.24843527964547185
60426,0.2986812667507268
60435,0.24315979630549453
60436,0.031206769273638114
60439,0.09813642382379263
60446,0.2722435450056971
60448,0.32260279494877964
60451,0.03186272055426573
60452,0.03307687169087592
60461,0.38170572453654017
60463,0.02062845125876081
60466,0.1703629549310902
60469,0.10551545577444955
60482,0.1615754544099255
60494,0.09954593493747484
60496,0.18066277500089525
60497,0.058404609208629846
60498,0.09106593103813207
60503,0.20560722242041563
60514,0.10056528074645031
60515,0.14136185787421626
60517,0.10534424163399805
60523,0.2740701568861172
60525,0.011482028245110257
60527,0.2709231411777328
60534,0.08440879215479265
60545,0.12205554220595621
60548,0.22672199118789763
60549,0.05793903337311212
60552,0.21024019112877554
60553,0.21233349095094017
60557,0.04114155980146712
60558,0.3065656539204383
60560,0.03310212047351394
60570,0.2400908878512713
60572,0.026108602504455077
60593,0.06104892548046321
60599,0.19943601005895142
60615,0.12479024902928222
60621,0.07053139490101831
60622,0.07011009924246465
60625,0.2370562077895542
60628,0.054315009272375855
60641,0.24958679443765702
60646,0.13198134132998549
60649,0.036404044637801745
60651,0.28960639125850407
60659,0.183994116501334
60660,0.06815939770868677
60661,0.056026747185592043
60667,0.16781884697868413
60669,0.1984864417889768
60683,0.1411462606598155
60691,0.27850428468653077
60702,0.0280615638172136
60724,0.05952409893352931
60726,0.06846131550258304
60735,0.19921161609650356
60742,0.03959509885904559
60744,0.04676870156997401
60748,0.28276152078682987
60749,0.1260633265527562
60753,0.1771515802876191
60760,0.1136699211529257
60762,0.04919907798489353
60763,0.04622898460280832
60766,0.09482491215804427
60769,0.3820323423680564
60783,0.24730575230061028
60785,0.08411727294622802
60796,0.2275981681647672
60813,0.019048756838227536
60820,0.08387430876833504
60822,0.07150341840251459
60823,0.23278037563377751
60826,0.026825812062248832
60827,0.1361542774494436
60830,0.022286252693259637
60832,0.02471709120625641
60834,0.16808992818321197
60836,0.07591417241233007
60840,0.26674010835417306
60849,0.10646262022902508
60852,0.0815639202501448
60855,0.2971652371942106
60856,0.1387592852124081
60859,0.2167140014258424
60863,0.02720207400047106
60867,0.07375734042572028
60869,0.10434994544457209
60871,0.04391331900020508
60872,0.10424766556525303
60886,0.10358651428945014
60887,0.020009145309687497
60890,0.1512688298691151
60897,0.18119709057656352
60902,0.08295890026303403
60908,0.15103347037943
60914,0.15515240338025896
60917,0.15929971802906479
60919,0.01803736289145624
60920,0.08267461903590381
60933,0.2782464180711211
60937,0.19570362241135375
60945,0.02163155872013545
60947,0.23349450673446787
60953,0.22974659355974572
60954,0.16598500153523307
60962,0.02703854441370097
60965,0.3732823021620966
60973,0.2004432891492384
60976,0.03270300013931367
60982,0.07865359125014822
60983,0.03606633622483511
60987,0.057954839079790134
60989,0.15800162320161393
60992,0.0756594024907746
61002,0.11858079525195073
61006,0.04273066338045876
61010,0.036659691733931445
61012,0.06345312224741206
61013,0.17983878426978728
61022,0.03357955705356362
61029,0.1157209552107553
61032,0.09427594937702248
61039,0.06537133113872684
61043,0.1501355093402757
61044,0.0934333424616597
61061,0.040139924091976135
61062,0.10453494117668706
61070,0.04249102917233073
61073,0.28892757369196415
61091,0.11026645727649183
61095,0.08264775024234675
61098,0.2905542800147426
61102,0.09298853831693567
61103,0.04336231932804754
61112,0.1815249824661363
61119,0.3716636169372609
61122,0.1422334379069419
61134,0.16232040952779755
61136,0.11846596930858695
61139,0.14226173598387762
61147,0.174278769982655
61152,0.05184235547340843
61153,0.0820639998782508
61157,0.07551010666364796
61159,0.16776898899314605
61162,0.11245777565989079
61166,0.10897722473711915
61170,0.04128573493919481
61175,0.032259735011573656
61180,0.04502789937181932
61189,0.0373107382892548
61191,0.15745911894318068
61196,0.1243827694835773
61203,0.20118208343305646
61206,0.0993627974197432
61219,0.18113177347877274
61220,0.13982543430250105
61221,0.08455842732093401
61222,0.18906589623118025
61226,0.16337196994188302
61227,0.05490371022317669
61228,0.21784189967682882
61247,0.10641143753828196
61248,0.23859157616367468
61252,0.04456883945807531
61253,0.10986228446407127
61263,0.16563987352333867
61265,0.06442710340116488
61268,0.06436082047209118
61269,0.0621258124597164
61277,0.07899507155009394
61284,0.08926146427889328
61285,0.03871218701364525
61291,0.3783613984982937
61299,0.06889215088841977
61301,0.03986048931650557
61303,0.05432439844911601
61305,0.1072719157647046
61317,0.04555342537794633
61321,0.22855333679698397
61326,0.15273555616130557
61345,0.13065166293241942
61352,0.07015246637635612
61354,0.03576691500428444
61355,0.08710268226128491
61360,0.23636577718188514
61369,0.040430298038264256
61371,0.07110448982227825
61374,0.1023171743803541
61394,0.08711355701046401
61401,0.1768849759471478
61404,0.17530649884217916
61408,0.14531999184256023
61416,0.14581009719147675
61417,0.14830632993876844
61418,0.08274781483432779
61428,0.10678653643663735
61432,0.18095209294186607
61440,0.30713489020004353
61446,0.19094234511467637
61450,0.19390876834698367
61453,0.04972441655506108
61461,0.07237253026722758
61462,0.30570417224927116
61469,0.2356453901595721
61480,0.10252353242977513
61482,0.14760771338357884
61484,0.26982838653115676
61505,0.12087280320247598
61509,0.08230992272633744
61510,0.042621915427001375
61512,0.04792895138851755
61515,0.19051449536161758
61523,0.2269940308081271
61526,0.07765023821891434
61540,0.09871258981592788
61541,0.08490929221550221
61547,0.08892937244085518
61548,0.18027925904223388
61549,0.0766585073530522
61577,0.09457518090623901
61578,0.3148616650968172
61580,0.04123127001455966
61581,0.14919270355912412
61583,0.035996378039445144
61585,0.16629560990360198
61592,0.0751225771328329
61594,0.17882559285016972
61595,0.17059408969513432
61599,0.07789699598607246
61610,0.3070074613027626
61619,0.04124603932733992
61623,0.25278459647379714
61631,0.1131302478617477
61639,0.13000497901370317
61648,0.059193694997752844
61655,0.1898224182765698
61657,0.1584406616868436
61668,0.15152019580527604
61684,0.08356366989262627
61687,0.05133739317162629
61693,0.07937113352139728
61697,0.12504038505827006
61704,0.2071674815111956
61705,0.25661719061269506
61709,0.08446086607345267
61710,0.09310523510369631
61712,0.03256554059444055
61718,0.150336628612519
61720,0.04451096151641585
61727,0.0395451858772052
61743,0.06316982662043227
61747,0.059399788799313166
61750,0.10659221016239387
61753,0.09736812983529897
61756,0.1078815752533401
61781,0.1633510250947635
61787,0.4248027269760723
61792,0.025657837258189507
61800,0.18696017370627926
61802,0.08170031039148357
61803,0.22984020464983582
61806,0.020954979847963535
61808,0.04887013974199326
61813,0.23234762457689162
61815,0.05941287321930018
61822,0.20996870502662227
61825,0.09768964353955585
61830,0.0712167440984735
61834,0.12593049197234904
61839,0.1491227099740974
61843,0.2527042222758998
61845,0.21869446682110644
61847,0.03198385835649581
61856,0.15956175989173285
61857,0.32077481564603294
61864,0.13679232102269345
61869,0.05212280144325412
61870,0.031240494324427385
61873,0.06123050884884275
61879,0.02054488778917377
61884,0.2535201796854932
61888,0.08219752028167392
61894,0.28535870506353533
61895,0.06010680646607876
61897,0.08076573372149264
61903,0.03433943405344061
61907,0.32538696240800524
61911,0.3763222455291295
61917,0.16294503670953478
61928,0.06618098555646697
61929,0.13356098401609096
61931,0.17545040471059878
61939,0.06506271132816435
61941,0.10720086686679553
61943,0.1958545612806358
61953,0.017369261507637443
61958,0.09506716466867765
61965,0.04188691344865583
61976,0.018162685963781743
61980,0.03578444637045762
61982,0.16112138475350085
61988,0.05927219318314121
61992,0.07711182265752954
61996,0.29498322680288247
62004,0.033743239771376436
62007,0.03792794327279136
62008,0.052571980030488394
62029,0.09569109175717831
62035,0.15885559490084258
62037,0.31600178000099965
62041,0.2753039657238498
62043,0.03543896578509405
62049,0.08750970799243976
62052,0.15022272950641483
62055,0.32685154822964113
62062,0.11615079957370548
62067,0.12346459289672648
62072,0.019354419401782036
62077,0.0543640709230284
62081,0.1107922343855822
62082,0.14758765357614467
62093,0.16984610385082918
62095,0.1056935088167627
62100,0.18232029643176068
62110,0.07673420866613777
62117,0.14925912120812315
62121,0.025542196108335843
62126,0.07065916820603166
62140,0.3781300934151458
62143,0.2698182598094386
62145,0.17103499900625602
62156,0.2657435400898578
62159,0.23630612712173066
62167,0.2715398092092828
62175,0.0343131102458622
62179,0.11387292592310751
62184,0.1749718225786052
62187,0.11189262273632615
62188,0.20499952999485307
62193,0.1195239120098384
62195,0.08132533880460957
62200,0.4391921700374702
62203,0.1841771481644792
62211,0.38294674198625245
62224,0.04871317426129184
62228,0.1582243334681672
62233,0.04008892505875653
62234,0.32467401194166595
62246,0.029287725206621484
62247,0.07551516354014776
62259,0.041437310778903336
62263,0.2081126673285464
62269,0.10994923822126038
62270,0.09510982574645943
62281,0.11810937924921497
62284,0.1478313019282106
62287,0.1257447280161625
62289,0.015750774819394603
62295,0.07928765984337816
62300,0.35110223872536
62301,0.040740630865057276
62314,0.047539846954030456
62332,0.17582250775299135
62334,0.19701787226284662
62336,0.20644220953237796
62352,0.19436675435058703
62353,0.3242667635011789
62356,0.09923178526680086
62357,0.04429501012089508
62366,0.22070127003596807
62376,0.2206169139471356
62381,0.32030814690243553
62385,0.13119905521333128
62387,0.2961082560431793
62391,0.1097825354119057
62395,0.21202542041859299
62396,0.05890299855957324
62406,0.02754940271991721
62411,0.14867791340789838
62414,0.20862163619821184
62416,0.20119928359591915
62418,0.10725466456198658
62420,0.15494204742872209
62426,0.0312132067036847
62445,0.046903378060648
62459,0.43631471592592186
62460,0.17336536808674285
62470,0.1429739154877124
62472,0.11870124516984484
62477,0.12334700422753876
62483,0.07411883032472665
62488,0.08401949153410375
62493,0.24463397195178074
62498,0.16445902123557854
62499,0.12659406601088294
62502,0.16250511876020277
62515,0.07845839914761606
62524,0.33501929175726963
62528,0.11346576818094864
62529,0.043795646598941654
62536,0.11435705201038115
62537,0.21447715670547476
62542,0.0991858846502148
62544,0.0591042245018606
62546,0.03087818947601415
62547,0.2662793147048757
62548,0.027545860448240835
62557,0.1028389631829524
62558,0.11711194422607356
62560,0.3194083241763955
62564,0.261889458984505
62565,0.1259558017798734
62569,0.03267554926631918
62574,0.042371926628192905
62594,0.06281113351923258
62595,0.05953351206844075
62596,0.022774146283477018
62602,0.12028943068327491
62610,0.11485384503254768
62612,0.25630015394063027
62618,0.030812574773788723
62622,0.06042383550058432
62631,0.13313764775858172
62644,0.06409794653191339
62647,0.06368075280782662
62654,0.11241064144824535
62658,0.05763363162241206
62662,0.12309434992065098
62664,0.05985492804763952
62667,0.07907154098487086
62672,0.1357432989143639
62673,0.09243372762088396
62677,0.26225707486896593
62689,0.09197602532763748
62691,0.12810012603848317
62693,0.11802310813579198
62698,0.14854680002430123
62705,0.35259936911039363
62710,0.09718254616719246
62711,0.056533741510390645
62714,0.18728227180079882
62719,0.3112339212975577
62724,0.6146062626103096
62735,0.0821981941766455
62741,0.056272066287634155
62743,0.10278868284393876
62744,0.01923792303370678
62747,0.17434290095198987
62751,0.12358348363214763
62754,0.11865380915580942
62756,0.03609849204130327
62759,0.13491092154802015
62760,0.035835207125839326
62766,0.16740421992541368
62767,0.05820685136486468
62768,0.14896580731017023
62774,0.07539362436099152
62776,0.11999626976283789
62786,0.19160617167731075
62791,0.07824015349061116
62795,0.07110581308721382
62799,0.04538905391172007
62802,0.03494082167952971
62803,0.2880669659073961
62813,0.17272944363267775
62816,0.13439491849043583
62823,0.09615795145768413
62833,0.08219970628947894
62836,0.09337414945513273
62838,0.052725263393326505
62839,0.07637057998244903
62841,0.14713995664208265
62858,0.07959894252792667
62859,0.17787206482637538
62860,0.04549142465078141
62861,0.1135086951635149
62876,0.047989322373438476
62877,0.05970299212733383
62884,0.24547661781070787
62891,0.08458100145900169
62892,0.08632487266109275
62894,0.16981630091137906
62897,0.12337892312566093
62904,0.07992577556104127
62913,0.27089966185404557
62916,0.1926284297899412
62925,0.16669455519346743
62931,0.17573935674354801
62935,0.24736625253288233
62949,0.10594275351162993
62951,0.19030825530099313
62954,0.18818216517593755
62958,0.11405239344216832
62964,0.1111658601001072
62968,0.13108493182617428
62973,0.25822422023893227
62974,0.10120333938464288
62975,0.07715663171448835
62980,0.20176387661902442
62981,0.2179344491606292
62987,0.06858942891229339
62991,0.05543034720103739
62993,0.09699299790374827
63001,0.07578929433705839
63005,0.053841421443908764
63020,0.37168566746898707
63022,0.15181736474082053
63023,0.11966973351734929
63026,0.10499660188213059
63032,0.2071458754575739
63034,0.14293126105456555
63041,0.08648759210137326
63043,0.18458394073169082
63044,0.2843484846516059
63059,0.13097645745379274
63062,0.27524855506033613
63063,0.10718657889036252
63071,0.1311825637186758
63072,0.07553248553586525
63079,0.06827505338185667
63082,0.05696596312834529
63083,0.10504267233143053
63084,0.09906117199799888
63096,0.1686927467256134
63099,0.10652303656897429
63107,0.28745711151803277
63108,0.17933988023360992
63114,0.16399752131055115
63118,0.2074246955139578
63120,0.27217966555464657
63124,0.07200534101010189
63144,0.03539954745208205
63148,0.087095934443096
63149,0.11052822002103195
63153,0.20198456963545405
63164,0.11049980524253016
63183,0.07052990193378468
63188,0.12380797068578801
63193,0.04463602184682992
63199,0.30234119973298135
63201,0.15012405768401713
63211,0.1453828882081532
63215,0.1435866695663424
63217,0.12977361242612864
63220,0.07228229725776088
63228,0.03305504516621607
63229,0.1059478395492203
63236,0.14018930043568784
63239,0.07526535619170464
63240,0.2029544185953549
63243,0.12949280511073977
63245,0.31647325576293617
63247,0.34109453565498243
63251,0.09319957158306398
63258,0.29697551407340234
63275,0.06330670501626796
63280,0.21042847319969468
63281,0.10561775537779726
63284,0.10624658512580616
63285,0.08493877551148207
63286,0.06089342701111559
63291,0.16996310658250754
63317,0.28068866205687565
63321,0.06525094693406049
63341,0.12002922356681442
63345,0.026712973174159438
63346,0.07760999334239378
63357,0.3372007233922363
63360,0.08369801943803144
63363,0.18223020733554915
63365,0.02913118932813246
63366,0.08099650783909598
63369,0.1796564464854069
63378,0.14964474837938482
63382,0.07696996015579924
63383,0.04379756541374187
63394,0.20126749762614055
63395,0.05410302558220002
63397,0.06283648504489457
63403,0.0653503616446617
63406,0.053819060006203116
63417,0.06190334515368285
63424,0.2670023360235311
63427,0.05892190277495288
63434,0.0709564431774594
63439,0.30043491977943537
63440,0.10887579594133472
63441,0.4249087507661029
63443,0.1268897511987406
63445,0.04431979216930788
63446,0.19796844851802164
63449,0.0989865479926555
63459,0.09849113571076304
63462,0.021024980572798047
63467,0.25366718724660753
63480,0.07592266397503958
63483,0.09271189190627088
63484,0.16117510667400603
63496,0.04786787977804899
63498,0.04567800564629361
63501,0.10679421741917129
63504,0.15032176391609242
63508,0.18322812548838047
63509,0.24076639204375455
63515,0.12137065170189662
63524,0.17859094913370072
63534,0.12384788666473404
63542,0.08746058502184967
63554,0.1320742523557168
63567,0.18179329338743727
63568,0.2184980730921877
63577,0.07660544145651382
63580,0.22222148285022372
63583,0.13079826757668347
63590,0.04839233746620337
63592,0.07865439515944446
63599,0.20053238508228374
63600,0.06573327755814841
63601,0.12817861257591295
63606,0.14800810206753648
63608,0.056027061070248775
63620,0.08475607256319524
63625,0.37495555998250246
63638,0.07005961265130224
63640,0.2030470468198917
63641,0.15493170988404095
63645,0.08518746323742388
63652,0.22865750561121556
63653,0.058011336746244216
63669,0.15623545037759076
63672,0.14400051310898643
63683,0.15661548417510887
63684,0.04487177398307519
63694,0.13832498058363155
63698,0.04608665990639104
63707,0.017092997452504005
63709,0.1414351426219995
63715,0.03273237598840179
63719,0.06551603634562393
63720,0.22627266077739788
63727,0.2698531642384931
63730,0.3445953660647451
63732,0.09331965987273391
63736,0.1375714537487877
63737,0.3171714455452695
63739,0.06659906202621381
63741,0.032042344351495784
63742,0.26858077924417134
63747,0.14063808630601898
63748,0.030875846276059438
63750,0.10703232706461012
63754,0.1889716003536697
63758,0.058853508764864414
63759,0.06560391130955336
63791,0.34937583156242513
63794,0.08225981187203509
63795,0.03960691752900021
63804,0.15506208097947094
63806,0.38483784972388335
63812,0.16604102938128967
63817,0.11765859900275694
63819,0.11172580012038534
63826,0.08813889575647146
63827,0.0391456723811764
63835,0.16009619312417392
63844,0.026516642266745077
63845,0.06644891597403824
63847,0.25404906553421086
63857,0.10151662514162685
63862,0.10221050007067792
63864,0.140886603242007
63868,0.11616011265140817
63871,0.033137867110384626
63877,0.1668904653411759
63882,0.06186379935774478
63885,0.20681888532844944
63889,0.01936260067743191
63890,0.01629026830258121
63897,0.3540037379313695
63902,0.11557474816094007
63914,0.15677386361751625
63916,0.16253837392675943
63919,0.03101334846200351
63922,0.14910501854086625
63926,0.17729609282570155
63927,0.17450778607923723
63938,0.09738717552882549
63942,0.16398559095963683
63954,0.15047345459975756
63957,0.10720740272873999
63958,0.020866912846718412
63965,0.026134549844604508
63966,0.058205286338236795
63971,0.026872963666682896
63974,0.04274684643819138
63977,0.13951990885528634
63978,0.09649627285568646
63989,0.14203174641450014
63992,0.03037167660568563
63996,0.10578861695415764
64005,0.05439385278774494
64012,0.22157729076569377
64015,0.022268736639865713
64025,0.06542755945623993
64027,0.18683518174416838
64028,0.10424341731851802
64035,0.08578876415132332
64045,0.3175116101419986
64046,0.17298033318244102
64047,0.15676507994018288
64060,0.09205130242810534
64061,0.024724099523522478
64066,0.12231553854588814
64067,0.0902860516123802
64068,0.09325143678262479
64073,0.272249134425593
64076,0.15751867574615952
64077,0.19214060454719015
64080,0.02436355192320631
64083,0.03516426704721339
64084,0.01755522142723075
64090,0.12443937179155008
64096,0.028103763910482332
64105,0.3474422641076594
64108,0.10915242210867543
64111,0.09148340064245933
64116,0.13732600571574516
64117,0.061129975016783016
64123,0.09317417398190217
64124,0.06663710838300548
64130,0.1392459769056125
64132,0.06494952603348911
64149,0.22147356667383836
64151,0.15601101318998373
64152,0.11128375309699454
64158,0.09189647833741496
64162,0.04660231341276807
64175,0.28002901246572687
64178,0.030564868965286752
64180,0.18795025699833232
64183,0.15581412353880533
64184,0.24700862580619515
64185,0.08465169091533628
64187,0.14375774549418968
64188,0.04829553310186417
64189,0.10516673525764807
64196,0.2354189497760799
64208,0.30091031908736676
64215,0.06254735698909059
64218,0.023394358385766402
64223,0.05540564424248205
64224,0.05719650398767189
64226,0.22701996842633906
64232,0.0929870634515677
64235,0.029675480618113648
64239,0.14774193132862598
64243,0.174669109886829
64244,0.15933427357607105
64254,0.12708282179365876
64255,0.10278633859108112
64260,0.11726274734106054
64262,0.12237049555417774
64263,0.07154979109635802
64288,0.1694371459920362
64301,0.059176770341208614
64304,0.16052177767424375
64310,0.13154486595116624
64315,0.06392302362251528
64316,0.19367708862735528
64321,0.14064685024741078
64323,0.06852277222580166
64330,0.1347310726901556
64341,0.09446435463043794
64351,0.2161482423682922
64370,0.10367053694003951
64376,0.042524973543074315
64380,0.063830151887568
64383,0.13111144931313912
64389,0.09694901055967636
64402,0.13833363974500318
64407,0.13226898618112265
64412,0.08015703788558527
64423,0.03665075163418081
64424,0.048986422662706884
64425,0.22865623391289264
64428,0.08509030214724587
64433,0.04452247635551036
64439,0.05564227264180913
64447,0.09658168022274295
64450,0.1022900974981317
64453,0.06812087530822805
64454,0.10255773887831172
64458,0.051058477122226005
64467,0.214445748407503
64469,0.19387294801225566
64471,0.13392993261024927
64473,0.031053863887408016
64478,0.12299431987713176
64482,0.25327021566256913
64485,0.0321453306082912
64487,0.3065317345343185
64489,0.061312530727782574
64492,0.350986810213254
64495,0.21221506101863358
64505,0.17859925780784977
64521,0.17630014299373364
64522,0.19247120126870051
64529,0.2299245324070794
64530,0.01727665013734785
64532,0.37813550385232375
64533,0.09142496697464546
64537,0.052065398711641536
64542,0.04733812148976441
64545,0.08546881495747208
64555,0.09860937782021165
64563,0.11325128769796583
64566,0.04781756987167915
64570,0.21944225149743074
64576,0.1976331947623544
64578,0.16806576082815405
64586,0.24537685349459987
64589,0.2864207511278201
64591,0.09434840861365511
64595,0.04350208130221472
64596,0.04585738058819691
64601,0.05152701602090907
64605,0.11690696580796456
64611,0.10218638770889096
64616,0.13993732938801498
64620,0.21147073849909767
64623,0.0869740752196866
64628,0.14594735327781092
64629,0.12244144817273499
64634,0.29119541089978535
64642,0.22747884299716772
64644,0.12348207848815884
64650,0.31663965359987106
64658,0.08743426784041897
64662,0.08329919315863436
64663,0.1708858031478227
64672,0.09024762431256225
64680,0.06257188950119867
64682,0.08369446482433851
64688,0.0181661020917298
64699,0.06214328273475317
64700,0.06515184410801952
64714,0.1980383267984626
64720,0.030621092192660477
64721,0.06972626861267292
64732,0.027503513291303194
64737,0.09828482059729858
64742,0.15277910131841724
64748,0.2752038549133842
64749,0.17816907085545294
64753,0.07547548289608007
64759,0.25338968899676917
64765,0.12349488874418359
64766,0.049288994588742426
64767,0.10840779916593464
64773,0.08302487915576916
64779,0.1377746861393761
64785,0.17353706656228632
64792,0.05617798316735652
64796,0.2529483037468835
64802,0.18311379963222343
64803,0.35027853240786866
64804,0.050578601162049576
64812,0.08756041027053657
64815,0.13750949036600152
64822,0.31143876913272256
64825,0.234887903717973
64828,0.2930134982829267
64829,0.08153745129031147
64836,0.09981554836962908
64837,0.10893017546777091
64845,0.06722384562172108
64849,0.12390029527045489
64851,0.04022959585956333
64856,0.06782488668070116
64860,0.16733294732602905
64870,0.15757723890359757
64873,0.08957495380792029
64874,0.035476982479446875
64875,0.07607888255664205
64880,0.1455354021766821
64886,0.09967327869584307
64890,0.13718911141856932
64891,0.19919838844560925
64893,0.12459465229380091
64895,0.0197273613167984
64916,0.18005552116882712
64917,0.14389873781560403
64926,0.3477121436387872
64930,0.194380709702071
64936,0.1576757745746839
64942,0.232387165871446
64945,0.10340982712469644
64956,0.09562047561957727
64960,0.090280248000414
64962,0.08056667464717848
64965,0.02827118934827025
64999,0.12203741681025172
65001,0.1722397852751013
65014,0.15117145225298242
65015,0.03535762078789042
65023,0.07235184411035035
65026,0.19446493509945728
65030,0.09453764962260507
65042,0.10500429568855485
65043,0.14928945323910847
65047,0.08913389310359597
65060,0.1632025353097771
65061,0.06958200927126071
65062,0.12547552376838936
65063,0.1232376015246492
65070,0.03681917529845055
65072,0.025573597698204133
65073,0.04921332048785739
65075,0.2075957471105618
65086,0.23964818564437843
65088,0.1308308433607915
65091,0.11147451490049194
65095,0.019208768272206883
65104,0.03903901603179704
65112,0.10280887353539767
65120,0.309433682260334
65130,0.3846706141497056
65139,0.1367940960939404
65141,0.12164283297336399
65142,0.13678663552236306
65144,0.05481731763270582
65151,0.11414881962662578
65158,0.1785611112511527
65165,0.11148537850574403
65167,0.1309292583697683
65176,0.03294955302943047
65188,0.1003564018128116
65193,0.04272162772486901
65196,0.05880092861572031
65203,0.16850677938842365
65207,0.057730424229886064
65208,0.381833667931629
65213,0.0711645422345152
65214,0.0366404365621711
65220,0.14301925717473016
65235,0.18515306611839713
65236,0.15528006304621397
65237,0.3504594719375285
65244,0.08096463780550592
65245,0.23544600891991896
65247,0.1581891989107191
65253,0.09542769792725316
65256,0.11008574885922778
65270,0.14063764591675298
65273,0.06535304009118818
65284,0.08659852556969776
65288,0.15989512133752293
65299,0.12084335853585286
65303,0.11149844572588385
65310,0.06637549838262742
65321,0.04350772521875009
65325,0.051013511688628194
65329,0.08173186696590364
65331,0.32096484213638915
65333,0.043858412947872724
65334,0.10486347680277135
65337,0.07830925082888736
65341,0.2855679463977289
65349,0.22827618131734903
65351,0.10235497107187563
65352,0.0534391602332337
65353,0.049364165282786955
65367,0.1451090606560372
65370,0.16805912136296952
65372,0.08525876687525803
65376,0.10222750258197114
65380,0.1376713660643324
65390,0.12482548293152922
65392,0.07448869277775687
65394,0.03326084103902877
65398,0.07687533698039135
65408,0.21791936424975997
65410,0.061375542806979204
65411,0.06330918972738041
65412,0.36805693677504425
65414,0.17449695936249496
65423,0.12738637254106577
65426,0.1752232046873833
65429,0.047631776851876785
65431,0.047279986266206886
65442,0.012132847499690342
65445,0.12625933535533837
65447,0.13232235390129068
65455,0.2695265269324866
65456,0.2291848279034523
65457,0.2837035381804416
65459,0.25668083863459423
65463,0.21555397681259675
65464,0.03194429025654267
65465,0.20046863015234234
65466,0.07187681895765209
65467,0.09564588498322626
65469,0.31251190785417593
65470,0.12143274306275688
65472,0.34662110876248303
65473,0.0827570551851712
65477,0.1377097125785899
65480,0.0438560872426862
65481,0.18898821328007506
65494,0.24231256413428592
65496,0.019554682275833932
65500,0.11342145206296612
65509,0.05929189298970005
65513,0.17817518376110753
65534,0.02548907916416118
65537,0.14838079222510062
65543,0.05347412366520939
65546,0.13294367255843484
65555,0.1425264721989762
65556,0.14410868913156505
65557,0.02287078673897184
65558,0.19446841335047352
65576,0.04715552051519102
65578,0.2180007268799175
65579,0.0990935328557519
65584,0.06186219436969037
65598,0.02608843093839567
65602,0.019492261106430833
65603,0.2141221919761737
65610,0.07189985202887043
65615,0.14095897537708246
65622,0.06283269404952234
65636,0.1812775303435088
65637,0.10617947418823916
65641,0.02592973869417976
65647,0.12934796398713416
65657,0.06383799108862744
65667,0.15217528727576154
65673,0.05343599723942615
65681,0.060968565994375085
65687,0.04144202654117927
65691,0.05612998714255828
65695,0.1370414449976055
65698,0.047620271012685365
65699,0.2901166069718256
65702,0.031669197934685776
65703,0.16817534869851508
65704,0.09055818596855497
65706,0.03261053156948298
65716,0.13810614801722593
65719,0.2531367481238347
65721,0.036601723084254724
65723,0.0889670820422409
65725,0.09731788111854815
65726,0.23118324958171932
65730,0.09613706219855903
65733,0.13516053200493833
65736,0.07824893220120277
65740,0.11587149497231543
65743,0.0733879869152421
65749,0.1180370384327155
65752,0.15622312941040933
65753,0.1263648876358899
65754,0.10541500474428811
65756,0.4597398352902025
65759,0.415238454150932
65772,0.07289670580448217
65780,0.09913729721799364
65781,0.40078417772335345
65790,0.21669088703419687
65797,0.06957711798415173
65798,0.1253511315017147
65801,0.25329176436942824
65811,0.04566146259033682
65814,0.27986859667556563
65816,0.14415569428509695
65819,0.12090065696043632
65825,0.13041589829396713
65831,0.1590269941328741
65832,0.21819154481182512
65840,0.219019019733351
65846,0.0645209066511944
65849,0.06096291638080191
65851,0.08804540976664335
65861,0.08056256850779193
65862,0.1994308118543998
65870,0.1405659261156897
65872,0.032032762967414
65878,0.1420187860292786
65880,0.2401031856600325
65881,0.20713624761720395
65883,0.27258888347371224
65886,0.11495353397714553
65893,0.15658702999236138
65894,0.30205352511105477
65900,0.1286676280503591
65901,0.05427018016567885
65904,0.07486220581894105
65911,0.2508291619565473
65913,0.21989091344773773
65914,0.040038946046912695
65918,0.0429514287103829
65924,0.0990310050846004
65929,0.14973412465138267
65942,0.13676720396671846
65961,0.22074637013032034
65963,0.07498943324689732
65967,0.2808718528043323
65972,0.06637599343904584
66011,0.14866766161726983
66015,0.12339502186660645
66016,0.08394847269131223
66017,0.1331085803916208
66018,0.03395730707999116
66026,0.07448520646646181
66028,0.11220893411816744
66031,0.1371535682556956
66038,0.01912094935602271
66047,0.08575897946594928
66053,0.15044723501003912
66062,0.02921876133201179
66065,0.18981902102035159
66068,0.10718343498713147
66074,0.048967753005018
66088,0.0866943357163487
66090,0.2085480880849991
66105,0.3433035891215637
66121,0.0420608107985557
66128,0.19012845599404876
66134,0.2762282248977967
66138,0.060640753609800487
66141,0.04029098195300855
66142,0.14396189800628864
66145,0.23809495810689307
66155,0.02184605879286072
66158,0.2539960838758577
66159,0.09580421232463696
66163,0.14528300000499492
66165,0.2765362382630631
66168,0.07360902865707876
66169,0.11243716266918247
66193,0.24224031526049886
66202,0.17505404576056927
66207,0.13953008692802651
66211,0.08939966082827666
66222,0.08273530039500265
66228,0.12366637843187721
66235,0.03809942356366606
66238,0.05749298303153222
66242,0.08200260301009607
66243,0.16256992740922768
66257,0.1010187691132326
66273,0.06029166770241943
66279,0.0968329846105405
66281,0.014048298875533143
66285,0.1859759140861657
66287,0.06969701239473484
66290,0.17083305285544884
66303,0.21422201568612434
66305,0.09406118287235501
66307,0.02155083431286685
66317,0.12048818710903293
66321,0.11658560207282871
66324,0.06773612904843371
66326,0.11660588595181026
66333,0.20389491200167137
66336,0.12605641730553294
66338,0.0718653640815006
66341,0.12915811121128845
66344,0.13086288997990778
66367,0.07413260851108
66369,0.06640777830437566
66376,0.19107120688022386
66378,0.13929493613529437
66379,0.12868387452092692
66381,0.19131303796455618
66382,0.0602202404142742
66386,0.2754409408499399
66396,0.0639025142510997
66397,0.10930501326522359
66401,0.10898862274452036
66402,0.2576549405538557
66412,0.10737948454650337
66416,0.06345537283895414
66420,0.20529371841723099
66426,0.0695823189294324
66427,0.09831246004092452
66429,0.13858690601262347
66447,0.1341000372476192
66454,0.08372715191159266
66457,0.24630903966901913
66466,0.09703004841459438
66471,0.1790509552069114
66475,0.08696032759346804
66479,0.043808065979268965
66485,0.1453183507112893
66495,0.17235339842604147
66501,0.0624312305235492
66502,0.06381017646306636
66504,0.26946494781478825
66513,0.12177151546242576
66517,0.18042875016853072
66519,0.17731717718294931
66524,0.08220418820046883
66529,0.15935907487101994
66530,0.041772190714708037
66531,0.1447726348513365
66538,0.022852224205736807
66539,0.07988714978803575
66551,0.03807464527198073
66555,0.08586328036704936
66559,0.11899584107326745
66561,0.22071717363366006
66564,0.08251545729561602
66573,0.05119070854252693
66574,0.37983770815371215
66576,0.03168406546431918
66583,0.24871396933775375
66586,0.061202749729620656
66590,0.26714354976596233
66594,0.250433624582868
66614,0.035024629402172165
66616,0.043346315445177634
66617,0.13239390157344616
66618,0.11025799472401261
66619,0.1582398215353778
66622,0.16177038339315777
66623,0.0685269836734409
66627,0.0839723694009764
66629,0.20663048011544663
66634,0.23063498647730746
66638,0.13879637331920847
66640,0.1122153841982842
66643,0.16994481241232692
66646,0.23868977821750254
66648,0.0881265519462572
66652,0.06461372588405154
66653,0.28148674199858
66655,0.07466823796966586
66661,0.1133082424615353
66664,0.1856713409609405
66674,0.0790837670118607
66689,0.09291373715231364
66703,0.06039448641877394
66704,0.03151541919752019
66705,0.25529177527182223
66706,0.04236521660086791
66714,0.11223342151589111
66716,0.07417717279964228
66720,0.02893515873761099
66721,0.21262916300756385
66730,0.08017059009236369
66735,0.1650656978182213
66737,0.039548352279620176
66751,0.044092441934536
66760,0.15390568283706277
66761,0.20235264432753158
66763,0.14211161578939852
66767,0.03381728670557672
66771,0.1377346436937451
66780,0.15876662804102376
66786,0.09820201056732825
66790,0.08035365770645932
66791,0.1171579280552486
66792,0.060640136022856915
66799,0.1107467151360484
66800,0.16789284095689702
66801,0.08627202438812959
66803,0.16463954797211602
66814,0.05090287694252407
66820,0.11130249424264792
66821,0.09066367694114644
66823,0.2147556484979314
66831,0.15684200582356175
66834,0.09075447871060398
66841,0.0949858647918531
66851,0.10588581466202864
66856,0.056518323704809616
66857,0.13970456876798373
66859,0.36842865555289106
66862,0.16057239740751328
66865,0.11706133772216215
66868,0.07733396997546754
66872,0.11036438031681346
66873,0.19054215578692424
66876,0.17212985819698248
66880,0.08008850410715142
66887,0.09093115571263992
66893,0.3044849169861494
66896,0.0962194846150617
66900,0.28751174453168454
66901,0.09275346754384516
66904,0.06230020223584357
66915,0.11895434762291085
66918,0.15616772867019707
66923,0.15263762564718458
66927,0.18937238886580363
66928,0.14844260759109512
66929,0.031018512516601485
66930,0.03292821276470173
66943,0.022181121254608346
66951,0.031898297654680045
66963,0.09224960671126019
66965,0.17558585187704753
66975,0.04860296099483387
66976,0.025672358656637095
66985,0.06354338626752846
66988,0.19059749091441455
66996,0.14213723794064978
67000,0.20923835423626624
67003,0.047583089016261036
67025,0.10243458526342063
67029,0.1789929618148381
67040,0.3688022253352767
67041,0.26248275536961474
67046,0.09426433047343978
67048,0.20266422288186836
67061,0.021596104869377884
67076,0.06654223954978253
67080,0.05493861129936755
67082,0.0586189941678353
67084,0.07544363393114169
67092,0.42485674311271987
67101,0.09160715773458013
67102,0.022908436311223277
67103,0.3429223481028312
67108,0.1334522416203589
67109,0.3638853790138522
67111,0.16791182467779953
67114,0.042490963476989885
67115,0.14726181902062768
67118,0.10195822418253685
67119,0.2510030828591766
67127,0.10936410511446747
67129,0.07095424043425666
67133,0.21953715959729844
67136,0.05642254208427056
67142,0.05099145535863966
67143,0.0716693573529027
67151,0.10068661260763224
67153,0.05579431692101386
67154,0.1786914797637772
67157,0.13720336967929936
67159,0.32112577708802925
67167,0.15399145557744162
67171,0.2847877154097544
67179,0.0660330541895054
67180,0.17638895118235923
67181,0.2323807768428672
67184,0.12250686550641311
67185,0.24415659438305407
67195,0.08967352722592267
67198,0.1356078811349246
67200,0.02926415546880788
67202,0.16045696872389595
67206,0.20563852059813942
67208,0.28192237818528415
67209,0.10124882784347322
67210,0.11546804133067169
67213,0.027095835198559612
67233,0.14216477194104368
67236,0.07761038399834305
67243,0.044547219745624915
67245,0.1882026929135606
67246,0.20377915341385358
67252,0.09964371356593052
67257,0.2007454748079731
67265,0.13015764617790496
67266,0.043317617672983255
67269,0.12759858405487323
67270,0.06980923988854709
67271,0.0822751220366422
67273,0.058612195372792913
67276,0.1533215082994861
67283,0.244477274805863
67284,0.11470348685717681
67285,0.11327912032412409
67290,0.06597736007234015
67297,0.16567023315867266
67306,0.05915147244655498
67307,0.13460716703150866
67308,0.2097360879775406
67311,0.043716057772133075
67318,0.04040535402457606
67320,0.19345100622445835
67325,0.07756614181065495
67327,0.15034884469775528
67328,0.08873279842653554
67329,0.023983276483802954
67333,0.22515609497384842
67336,0.09269251981562414
67340,0.31607097109692117
67345,0.12390711977659107
67351,0.08302237452983019
67360,0.05790471892355661
67366,0.30793084836901535
67375,0.3708037132656542
67379,0.5049143623381279
67381,0.050657587977670164
67383,0.22641876392272972
67387,0.40676266525598054
67390,0.2923238308194515
67391,0.05470627904672854
67395,0.19191621024941444
67398,0.055481143515979985
67404,0.0672158576128164
67405,0.07196783511109754
67406,0.041826181831994706
67411,0.12584105515436228
67412,0.2178751429537714
67415,0.0646316868489861
67419,0.04494029006553824
67425,0.026280800410781867
67426,0.04552407903608838
67427,0.062441103712662586
67431,0.07091680434465204
67432,0.2881357253122296
67440,0.171619724244636
67442,0.1309515036510603
67447,0.14651087002942123
67448,0.3102281120698537
67452,0.03166137711458675
67458,0.0460098507792715
67460,0.06246825053690548
67461,0.16716911643270524
67463,0.13728937993492632
67467,0.1983702078706378
67478,0.08972713701972271
67486,0.16806415221914575
67502,0.024396803677788625
67504,0.2680714130263042
67505,0.14228463587884255
67526,0.13361128300082445
67528,0.04290115158554788
67530,0.20841628975973592
67540,0.13580750693561586
67542,0.2364641413907137
67547,0.22595812276339922
67549,0.3980510248273788
67552,0.13866178141561425
67557,0.11046587097053756
67565,0.09600477731101671
67568,0.2045026350336914
67571,0.019605535421181867
67576,0.2958517641150948
67577,0.2147979275722941
67583,0.1878487824543973
67591,0.37867677105195424
67598,0.1166705943008784
67599,0.10845184150893399
67605,0.11233273706486399
67609,0.16695003965716648
67611,0.21390034560844773
67617,0.29489744626977227
67618,0.28479954899207416
67628,0.07569401263419427
67630,0.06195324223499819
67637,0.12281738397389533
67640,0.13595909726266922
67641,0.03270492409590111
67644,0.024672282415852495
67651,0.15706433925130175
67656,0.21665640941387224
67658,0.14970279908612066
67662,0.13911173926777795
67664,0.1318046347406097
67677,0.06590076147301165
67679,0.35812499510521373
67685,0.2570365267782768
67690,0.2404466850141065
67697,0.053751591939980324
67713,0.10068483017934961
67714,0.09567947000176001
67721,0.08313946489656367
67725,0.1350220040579604
67729,0.21154993986132753
67734,0.11559217568183135
67739,0.14451971014534887
67740,0.193552958358428
67742,0.16717538065899187
67748,0.030245979851789857
67751,0.10421054410558633
67756,0.10157905742160085
67766,0.023278126051643512
67774,0.0924662365167717
67777,0.0524164427484316
67780,0.09239693737659438
67781,0.29652683589336437
67786,0.10273681979721773
67788,0.12576677033719313
67791,0.06994571608700517
67806,0.08617446823555654
67814,0.3859087524000905
67815,0.39031681160179926
67819,0.028751328366059984
67822,0.243760084577769
67823,0.07041698851303747
67826,0.3020667688671457
67841,0.05016712166323834
67846,0.19410501452508475
67847,0.031223476705846357
67849,0.1741436068623024
67851,0.16529547170491615
67853,0.07808087380925499
67855,0.15230287314677682
67885,0.17789784778879206
67888,0.13792470352570224
67890,0.166591115659918
67895,0.22743533043608266
67897,0.17853785660945493
67904,0.09850152163466691
67912,0.0953055052675306
67917,0.0551280212190378
67918,0.04865868944738996
67925,0.13833281164773203
67945,0.1524514661774645
67948,0.10687853146728239
67951,0.27487860284791005
67957,0.10683188355501393
67963,0.019089119969562147
67978,0.04973441449469915
67985,0.04254304231645844
67987,0.12942050701668917
67988,0.08584043128904127
68001,0.05203253820097108
68010,0.23993826029274135
68012,0.014299653300918163
68016,0.13919130748446945
68018,0.048123305843028194
68024,0.09712285123863205
68025,0.20453436468272546
68033,0.05561130122217228
68036,0.10268198378489199
68041,0.05850488898486737
68043,0.013825815811644361
68049,0.2443110076147031
68050,0.3439898414567307
68053,0.14512629787256193
68055,0.06593942906276386
68067,0.28397352403020576
68075,0.059500622977557996
68077,0.11110440914095011
68086,0.11703608132856869
68095,0.18256103568972445
68097,0.09671665075274045
68121,0.05125067879985411
68128,0.16383792429702024
68133,0.1781457690544492
68145,0.16941968444368502
68149,0.1396208865405033
68154,0.07197148336998842
68165,0.04378550191225587
68171,0.0342100536875507
68173,0.17338817246134441
68174,0.16108479014376956
68175,0.09260557788990918
68176,0.12354717810487237
68185,0.08710205953326801
68194,0.1642648044829915
68197,0.07319397816675628
68212,0.23629184246389254
68216,0.039648976003224
68217,0.042599443087745006
68219,0.14923726891460806
68220,0.06346427788073031
68239,0.025572748438825812
68247,0.09972530014808748
68250,0.2579153703365399
68255,0.15860120692385662
68261,0.0970282494026102
68262,0.2792122661993666
68263,0.14073048881260183
68266,0.06304038860993437
68268,0.2502566038442984
68275,0.07887903338036159
68276,0.08102833027246577
68279,0.036102600182743826
68284,0.07326057653494066
68302,0.1619131464308395
68305,0.12681181536999334
68308,0.1118252654733197
68312,0.12704898244705917
68315,0.12323900256015545
68329,0.2368253101934638
68335,0.16163069582206227
68336,0.09147792771403636
68338,0.13729427701626556
68371,0.236612592644547
68378,0.06602618505904272
68379,0.26841316278518734
68381,0.019136302364286734
68397,0.19595772572361375
68407,0.14058842847830988
68413,0.23617759561004062
68433,0.194702788178512
68437,0.16962493965634778
68438,0.04785170406242214
68442,0.1894690508732613
68447,0.14524497112766957
68454,0.12754928254646533
68458,0.0444555026333057
68465,0.01543402359041288
68466,0.3316050523990148
68473,0.024950992096889887
68477,0.24427246775756234
68478,0.08979151037544109
68486,0.09416193832179542
68491,0.22678674901556667
68496,0.09052359136899746
68498,0.2673245125015739
68501,0.06584544079077811
68506,0.1389565483724573
68507,0.05660697813571098
68510,0.2918012322911017
68512,0.20761402730487685
68518,0.05626252488154132
68526,0.0587109866352988
68529,0.23654415670578696
68539,0.05467755578267843
68542,0.2701252750981112
68543,0.055665012115507145
68550,0.09610347827639075
68555,0.2705854744266521
68558,0.027609532509364102
68559,0.3522574799995259
68566,0.05746363708403851
68567,0.06111815346240388
68571,0.19522849491403776
68573,0.11405741843438466
68582,0.12369586982011876
68584,0.05126506173943407
68586,0.14819887316319547
68593,0.15946496629772047
68594,0.11355755730757573
68596,0.18107782139116999
68605,0.16036811462575903
68607,0.15091414787981716
68628,0.14439670459158577
68633,0.015741699392180175
68638,0.26478196915802127
68641,0.05451507309735095
68647,0.1860906826443088
68651,0.3493592634235431
68658,0.03576069469556534
68661,0.08536851635512809
68662,0.11547351495227991
68675,0.1248689438558597
68676,0.23571285842835513
68677,0.19041939641389147
68681,0.14146210213781396
68686,0.06452516090686931
68688,0.09507676370398382
68689,0.015308882944889843
68693,0.04993108766481656
68694,0.061372388321606325
68697,0.15608803936848334
68708,0.18731281718807574
68730,0.3628501607671376
68740,0.14685047333314322
68754,0.3287053062387284
68755,0.1611881141527423
68771,0.07565029859250927
68777,0.1955940288931204
68778,0.02967068467588759
68783,0.15995836416596548
68785,0.05922134227046734
68789,0.04043426483836467
68790,0.014256696166461334
68814,0.09631717531466788
68818,0.06972410100034958
68839,0.12123701269237362
68845,0.09696915854228981
68846,0.034377276553150954
68847,0.3544292958360227
68851,0.02344665108073946
68853,0.10783221827510088
68857,0.06019718280864961
68862,0.16010835402632068
68874,0.17732290317747912
68875,0.2646960607328102
68880,0.0764295811688991
68897,0.08246213963906493
68907,0.24015980921164512
68912,0.14473000566714905
68914,0.06269110229197429
68921,0.2704237323303187
68926,0.17331057743818937
68929,0.1635913189453216
68932,0.027681407004252482
68936,0.03582781781090383
68938,0.10816230639247833
68941,0.1280330759553454
68967,0.21250459039249636
68972,0.07597041389478912
68977,0.11733202541532661
68978,0.02030151305473362
68991,0.1106840325505215
68992,0.04432958537362287
68993,0.0711778321378037
68996,0.04868952297949811
68997,0.06346530573682033
68998,0.2430336466851449
69001,0.07986777255668047
69003,0.12141860431355873
69006,0.07762556535685129
69013,0.04581490116527775
69023,0.21230671588134928
69025,0.14484306299323346
69027,0.25436779534237286
69031,0.15239300053582286
69049,0.12157458965557631
69052,0.30129416440251167
69054,0.05510159458270362
69065,0.11100514389814739
69072,0.16764134352862706
69078,0.09545909442079666
69079,0.19927509428722176
69082,0.23973637257911695
69084,0.13901307808158614
69087,0.2133920021712629
69088,0.08705777452365387
69092,0.137622773950726
69095,0.029584219977596932
69103,0.2344585678401379
69105,0.34369604660003533
69115,0.08447802255960582
69125,0.1633426130928069
69132,0.04518156490766069
69141,0.030045710007244802
69149,0.05991563604878168
69161,0.15110696244207122
69163,0.06914176776526211
69166,0.06922504468032145
69179,0.16478611134838722
69181,0.04484943890299961
69185,0.16425733441520676
69188,0.09577761286043526
69189,0.10613959233802471
69195,0.11658177181426864
69203,0.06414367307394264
69206,0.13835295149407964
69212,0.1820523043232282
69214,0.11092633434425037
69227,0.13928833319330308
69232,0.20928521256825594
69234,0.1150506199737532
69235,0.18523387809499078
69244,0.0918386311199947
69249,0.19474907556428375
69251,0.24655011458125067
69252,0.021215384119691136
69255,0.18566024698487196
69275,0.2573559387845778
69288,0.23031381659433453
69301,0.12996209651618867
69307,0.05251371580121946
69313,0.0395450508237614
69316,0.17398801892335783
69319,0.19559988571290063
69325,0.1059820810466771
69327,0.070107558389105
69330,0.18296164054956668
69333,0.0903461837730951
69348,0.17545678832486222
69353,0.08918098024791628
69358,0.13323019899028152
69378,0.1564257369832518
69381,0.025225138671756225
69386,0.049936422428646744
69393,0.13920236599292538
69403,0.03251002660582787
69404,0.05887757133074803
69425,0.05447065585875534
69427,0.20521392421639384
69429,0.19414353957643096
69431,0.15072077454573626
69434,0.2123125376426086
69436,0.12866548641616427
69444,0.25509614313346096
69447,0.16017113520720566
69465,0.26559522736309726
69468,0.1392496387299821
69477,0.021483219307587734
69480,0.18660833286827663
69496,0.1648913255680976
69536,0.3247001309544212
69541,0.2921549412386244
69543,0.051632202795760605
69544,0.17111924127407643
69549,0.19125815014320882
69551,0.062433735476150394
69555,0.11960993265781089
69558,0.08081852917935324
69559,0.3403616798657476
69560,0.15622775348627185
69563,0.10747980181970034
69577,0.12713511951240195
69578,0.10827515360990676
69584,0.07088402807126856
69585,0.06720535276906742
69591,0.33287276826873574
69599,0.1814324055230279
69600,0.12356859884369427
69609,0.03735604951044637
69615,0.16212331979955635
69616,0.11353304670691709
69617,0.07974932072566317
69620,0.03955330751507429
69630,0.137923017137351
69637,0.22321508885189006
69638,0.09782260729469378
69649,0.13296668676844559
69657,0.16676050795777744
69670,0.26578992432950316
69671,0.08093043011606157
69680,0.339871210894188
69681,0.05333752904231751
69683,0.06313366438849674
69686,0.09463593906608932
69694,0.14524978531998017
69704,0.09705808246539939
69709,0.12680096719596015
69712,0.05858958255111692
69719,0.14408919270401446
69727,0.09431167333683059
69733,0.05153065489192687
69738,0.2774038404536035
69750,0.10617606840326417
69755,0.22108274526196275
69757,0.12620531412819025
69758,0.20265467628124387
69759,0.3017029558915445
69765,0.11027808078961132
69770,0.22588541964507386
69773,0.07197083577440584
69778,0.10816114264670254
69783,0.14259582968179824
69785,0.1257596450198689
69787,0.12243276418852518
69798,0.09681383282066099
69806,0.057936442026131844
69814,0.07315707459707912
69816,0.043294684230970805
69817,0.14611641454559904
69827,0.05755177529535998
69830,0.09222000430086194
69853,0.06826896937661081
69861,0.19948929630984202
69865,0.08455267050570692
69873,0.03057279762906011
69878,0.13864261360771948
69882,0.19028694494836473
69888,0.19433477056740386
69897,0.3542018778974876
69902,0.2210194811947376
69904,0.08698946645278606
69905,0.42601494494531916
69907,0.07052027807121299
69910,0.019696450330546855
69911,0.09282984348271234
69915,0.07384670045980372
69928,0.31735010637966077
69931,0.18521809231640393
69932,0.11725902855765434
69933,0.17758533957578646
69941,0.1039507660062682
69946,0.07725872339375352
69949,0.14471082367296206
69957,0.18219175094149062
69959,0.2371431879688008
69963,0.21207007483575693
69971,0.1007782513009668
69973,0.4674536321660885
69977,0.0792011243161835
69985,0.02862457680427498
69986,0.09126994700502596
69990,0.08853293365107019
69995,0.3714322386573351
70010,0.3032573364031157
70018,0.04677331305102445
70021,0.05855587618296984
70027,0.039639675407004187
70034,0.06570519234748919
70041,0.08994043194131959
70045,0.3095050685358408
70048,0.1109396024972163
70049,0.01946531425785104
70053,0.11601022907338585
70054,0.14965646285852535
70057,0.3234562193783135
70064,0.15496439096473552
70074,0.08993989769691206
70077,0.2518582504428133
70081,0.18811496071904094
70084,0.13197549733327468
70085,0.09184408489676557
70091,0.02279845079078039
70093,0.2189372014081906
70098,0.02327176631606179
70102,0.07994856543467857
70104,0.055032603992946266
70107,0.06816613401510553
70111,0.06313607601034354
70120,0.05190565620594445
70124,0.023086386022704557
70135,0.04019820183941555
70139,0.06936509953380104
70142,0.08015694597243395
70146,0.26867902712789693
70155,0.1255613591395155
70161,0.013830008896518685
70164,0.09672810707023885
70166,0.06855089729129786
70167,0.05358818873479022
70172,0.05809811337486861
70197,0.30397963356239155
70198,0.1251870619380966
70202,0.029544721078313557
70206,0.06282717127680058
70214,0.15462197168767186
70218,0.0695695563093193
70229,0.042729709470921425
70231,0.10779451898815615
70241,0.24639033838640081
70244,0.06530603350435321
70249,0.16643937007383816
70251,0.08188476008107731
70253,0.099714310436176
70260,0.30366303566673764
70262,0.25516592651600994
70269,0.03845340630842397
70270,0.19564618604374545
70277,0.02666419188286589
70279,0.058936778970233174
70289,0.2656582732712399
70296,0.10455986272458542
70305,0.1519131345752177
70306,0.20996862705450245
70311,0.08308912034127008
70321,0.08834175356789804
70322,0.11032070678593042
70323,0.22898659437707086
70325,0.2536804335636946
70326,0.10564881129925316
70339,0.19073576614498655
70342,0.018523821225102856
70347,0.0671743535445698
70358,0.09645542510188596
70359,0.24595960949282472
70372,0.1684441328548858
70374,0.37451342771402135
70376,0.2172462380898233
70377,0.21428416060369476
70385,0.04121806843359129
70386,0.22736729052558136
70406,0.08878711391968812
70408,0.036127298920202375
70415,0.11273892530953664
70418,0.12248436576251284
70430,0.15476292182162368
70437,0.13246759755762622
70440,0.05933955984426947
70446,0.3069457898986958
70448,0.06392116782873633
70457,0.27164237643374317
70463,0.4573841445091935
70469,0.042283830266544316
70471,0.16698981670734941
70475,0.16642137668845927
70478,0.12234478097187
70483,0.0862941320310232
70484,0.04906608976464846
70492,0.05762379407479443
70498,0.24547072848715315
70501,0.04505556278548474
70507,0.14303799865810607
70513,0.08804556936486266
70516,0.19090161273653228
70517,0.12230351254740778
70519,0.1319424509461902
70523,0.06883042551610652
70528,0.1277507539665978
70531,0.1305248038944003
70543,0.12294083656497098
70550,0.1876833503701343
70552,0.13613927855506827
70555,0.1602841961865011
70561,0.04892657132867851
70564,0.08955684552616755
70569,0.24108621100890637
70578,0.2552178288120731
70587,0.060019413104002224
70589,0.18917532077700266
70590,0.2936494267230409
70592,0.04779314708308664
70603,0.12792828569591097
70614,0.14688579415121955
70620,0.03272377171098044
70622,0.01988475825577839
70640,0.06289824022577029
70648,0.051982473745795926
70651,0.30651061488318343
70652,0.11970788849772518
70657,0.026174882620047267
70658,0.07790439937506999
70662,0.0720124868131367
70689,0.13780581938824926
70696,0.04357666114177835
70707,0.453748956426189
70708,0.2278217692245288
70710,0.2682086010107453
70718,0.24622854287597315
70726,0.09580178576161402
70731,0.11584066242908773
70737,0.2743301866736234
70739,0.035908991298688304
70744,0.12893261595952085
70748,0.31817729217221247
70752,0.024082085982033458
70757,0.10228639529062276
70759,0.10435346177627851
70763,0.09348604416404381
70770,0.15787271866425548
70771,0.043151155112229805
70772,0.14381418640230914
70777,0.3962798534181643
70787,0.06693689654321963
70789,0.15439159343260153
70800,0.10052067252405766
70802,0.03679632935602854
70804,0.13470445043109985
70812,0.07432589234877283
70816,0.05750058072645254
70817,0.08268583843960887
70823,0.08970278828276282
70825,0.10883012358257291
70828,0.18827032124012724
70836,0.1805696774457536
70842,0.1856771260928841
70846,0.03893375864574454
70848,0.07890466573249416
70850,0.14355202434922928
70855,0.14832468795859305
70860,0.05184862755960591
70862,0.0744678797201563
70867,0.05557902172193887
70868,0.05470612626893087
70870,0.03944275332330582
70872,0.14972699250673144
70873,0.08714011899348154
70875,0.15411651022482137
70877,0.2255967927436041
70893,0.1530162224031563
70899,0.283423368059578
70904,0.06786259832343704
70911,0.09690563318595759
70912,0.1453513913946534
70915,0.07062332498221766
70922,0.029116039479445858
70923,0.06370670097772159
70931,0.18794050901896267
70933,0.06525562097868084
70935,0.019294731171203543
70941,0.059778757152554006
70945,0.18843632220307818
70947,0.2551127870746146
70950,0.2910979634509804
70951,0.23047018571417713
70952,0.07174116325556552
70961,0.14949883242101863
70971,0.26652483885946876
70980,0.31924689908801857
70981,0.043616798755123316
70986,0.28689659868578055
70998,0.21596961595735853
71002,0.034232552243911134
71006,0.08273176795138112
71007,0.1391343819285997
71008,0.05712006174809276
71013,0.15601362725662715
71021,0.11989834344967246
71022,0.12119596382730714
71026,0.30985319856702725
71028,0.18905788995125192
71029,0.08096895901302234
71038,0.04952943960864058
71042,0.08209329252724017
71044,0.08907891865056214
71046,0.0350028706051396
71049,0.43104962632328914
71053,0.268321754611464
71054,0.011600397641039085
71057,0.23090003199427578
71061,0.024867435244435576
71066,0.1385890591848943
71069,0.013233580504697518
71070,0.32566442212796104
71081,0.0641673943250828
71082,0.03388647565505208
71084,0.3188310022543245
71089,0.23590627144051576
71090,0.050970353271889
71093,0.3410917131101817
71097,0.13005537029118436
71100,0.09571001299094242
71103,0.09496130184999597
71112,0.023321828141038278
71115,0.10633890608588664
71116,0.13742277051367835
71131,0.04199314782890106
71133,0.03278106784394445
71136,0.053699661979010674
71137,0.17878586476705843
71138,0.097699723645829
71140,0.18000686674025698
71144,0.18567320466073625
71146,0.01432901886372339
71149,0.12298810829402387
71161,0.17884040662480857
71164,0.08293706690438418
71168,0.0903665686383166
71171,0.34949352880393453
71174,0.2016280033898119
71185,0.06854884491175074
71186,0.11167705765351425
71190,0.18218072009352432
71193,0.3016397904153086
71196,0.06310082806555374
71198,0.26731924698283405
71199,0.10394505710057107
71202,0.021015522883956198
71207,0.058917605769501995
71214,0.14374249830783384
71222,0.07422492675306305
71240,0.10043709387874701
71244,0.12809195284528954
71245,0.1444472894621622
71247,0.08931221313933392
71250,0.05363498946199976
71261,0.18867382311012232
71263,0.09862725014319096
71264,0.08354659823815738
71265,0.1180379772032778
71267,0.21420887049963247
71268,0.09092759824791895
71279,0.14943394120742748
71288,0.06460218842040992
71298,0.0486888734156364
71301,0.1499960071701522
71305,0.48754652644513297
71323,0.05273189538719138
71332,0.1114470973342488
71333,0.1136234594249309
71337,0.11038338362805347
71339,0.11509674633360759
71343,0.07815961929562498
71346,0.03962639077428203
71349,0.06265270352290395
71351,0.08930253963418008
71354,0.09087485816778484
71365,0.06436637170215939
71381,0.040902460644226916
71384,0.22513339454410267
71390,0.13436193258400836
71401,0.013702117700128417
71402,0.20795999893483855
71403,0.05293448307571764
71405,0.0975305611825875
71409,0.30766435779678675
71412,0.1868140884944216
71424,0.12618458099230265
71425,0.25623847105655756
71432,0.11428570882884796
71438,0.10456640540900063
71442,0.10063305808696038
71443,0.03362068823703193
71444,0.027322704172849422
71445,0.36950700320923185
71451,0.16248610490675078
71470,0.05436408067832219
71472,0.024812677737537096
71474,0.21631629353807358
71480,0.4626074257358132
71486,0.29072980801543896
71487,0.0630946923173197
71489,0.14558848570785546
71490,0.19743755805789268
71494,0.21272367993575442
71495,0.03819798422571852
71510,0.06647397336747055
71517,0.22544661614622813
71522,0.14437053778315617
71524,0.0446735292309069
71525,0.18901187488184043
71528,0.10788353325819049
71531,0.09513444705015166
71532,0.12156877943021445
71535,0.16686530726573653
71543,0.22859736092946176
71547,0.2358061208013669
71548,0.15553471121199286
71551,0.06195309581272708
71553,0.2473057748091297
71556,0.25920258756817716
71558,0.22019034840588414
71578,0.08015651801990079
71583,0.04920121879616618
71598,0.10367082328764333
71599,0.21324230412786074
71602,0.034439998337346914
71605,0.34928241113745184
71612,0.032106246237848746
71614,0.062269412419310374
71616,0.2374902868239189
71617,0.16875009465941387
71619,0.05159305464103568
71629,0.04024251762286082
71633,0.15998563645084402
71634,0.22599509718036215
71639,0.16760556192495377
71644,0.1621050469702971
71651,0.0432549306483759
71652,0.21975642067957327
71659,0.04413753876547397
71663,0.08741187644313826
71675,0.12119052468091543
71676,0.09184231526062374
71678,0.033939219565214535
71679,0.053311591491529274
71680,0.030816915465650695
71684,0.2089229359484157
71689,0.2346281255091779
71698,0.08518538805824662
71703,0.2417140540729381
71715,0.16310679972348113
71724,0.2984929700829615
71728,0.064269374715646
71733,0.16737407914748811
71734,0.052724345938872715
71738,0.21162156757520428
71740,0.08998402925687327
71755,0.09620241665102779
71761,0.018413510759543495
71764,0.07202982463267436
71771,0.04475163379157512
71774,0.27314123229142107
71779,0.10826758194698206
71783,0.11651170226517586
71786,0.1460023445988821
71787,0.13613091084035825
71792,0.16214677615289042
71794,0.1750422023699688
71808,0.06900705793458009
71809,0.08771555115342175
71812,0.14872610057781127
71820,0.11256583854074788
71833,0.2626377637264352
71844,0.13972979399686702
71847,0.05296198280353045
71848,0.24156149972625904
71849,0.17448888609561505
71857,0.09369127226891197
71858,0.44117300148852995
71860,0.023341711769906015
71861,0.11137461014152765
71862,0.0766070246812808
71869,0.16122669281881588
71874,0.28744132960787316
71882,0.14951010777963475
71888,0.18560990185973708
71890,0.02948455152271989
71891,0.37569059627373397
71893,0.02473015605496616
71901,0.1045349798190272
71906,0.05947612564247767
71912,0.23920927970585817
71916,0.2985605512492365
71924,0.03831709248333634
71929,0.11962805406249138
71930,0.22900576218062138
71941,0.26266388550223035
71943,0.12040213357996493
71951,0.07274555536184582
71952,0.22122189036396928
71960,0.15048615857992334
71971,0.041791308589009195
71975,0.03230727606318377
72002,0.15097295227093535
72006,0.12381165335664246
72008,0.0832691808364791
72016,0.1992318063428182
72017,0.09090729261785307
72018,0.17969819472616444
72019,0.10864956585188312
72028,0.1457420234907998
72040,0.06346156008121435
72041,0.039819642470761626
72042,0.10535244468746352
72054,0.15601894394119203
72055,0.14706228617392303
72069,0.02567410261325659
72070,0.07641282436864127
72073,0.31026404562019366
72075,0.15217140922108002
72078,0.31565128914805196
72079,0.2600108899941377
72088,0.14392952952814483
72091,0.18931874546667088
72096,0.057904599911568155
72103,0.0574572798514439
72109,0.025928527846871226
72112,0.13915994002714793
72114,0.047340662488003706
72120,0.06911770874154717
72121,0.050822767299755475
72122,0.1606028220782431
72130,0.13031433941093312
72144,0.09136787416205695
72149,0.14094804604999034
72152,0.26948361672415194
72158,0.1536587617720335
72159,0.15883031667688288
72165,0.14162875192289467
72167,0.03407726141391523
72168,0.1857638641851494
72169,0.2115369497335238
72170,0.056694251380905294
72171,0.22709750156338498
72179,0.16700818468310116
72181,0.170322390362305
72194,0.04782305596191845
72197,0.05925984672522642
72200,0.32728030857821766
72205,0.027283135091607222
72209,0.06796989701119742
72210,0.047555240838945356
72214,0.28300023925441026
72215,0.23720078988629983
72222,0.18865340367627412
72223,0.042515313010671046
72226,0.04770077478703358
72231,0.18300180108633943
72237,0.2337929899050628
72248,0.224654695778242
72254,0.24448724390555024
72260,0.0962800026736865
72263,0.18688628335566912
72271,0.013218165891654962
72276,0.16571386484348963
72280,0.062024607553222984
72282,0.057940783281937955
72283,0.0787582660759347
72286,0.02517533956824971
72291,0.12332668010551895
72292,0.026361348756165873
72293,0.09042110994354272
72309,0.03695382493536362
72310,0.04499239375142317
72321,0.16560801972413128
72322,0.10446589165538114
72325,0.10204366735409535
72342,0.27583432077917847
72345,0.08489509697488148
72347,0.024942432713613124
72353,0.16119587434769356
72354,0.11763449774046987
72356,0.24005413087376587
72360,0.11864970109210878
72363,0.08347157916519655
72364,0.059496019116161945
72365,0.07673458224728075
72367,0.11916467993099224
72369,0.1937405429389522
72370,0.08831772382155477
72381,0.08461085786898076
72382,0.3569435758406386
72396,0.31267092511063466
72397,0.23911329287904357
72406,0.07252089936058355
72421,0.1264878369244069
72422,0.09841003634928738
72425,0.3193732301711967
72427,0.1146949604999368
72428,0.10209643584186409
72431,0.01768745942145845
72434,0.1323365966872024
72438,0.20158116738461507
72441,0.17530970490772257
72442,0.11172051495156844
72444,0.0829787029074148
72451,0.1146204409834348
72457,0.08268459041602408
72462,0.07908227735726442
72466,0.2832287126870921
72467,0.08883335007560461
72470,0.03475809806070259
72472,0.07051044393319332
72474,0.0553422364717343
72475,0.16998322754472284
72476,0.04941284061881711
72477,0.10355684345325215
72489,0.013184791583735997
72491,0.1737664820190826
72492,0.054187314935794005
72498,0.11542192846650927
72499,0.14320866884202554
72502,0.06398310565557974
72507,0.16244700725347996
72511,0.07841116989876568
72513,0.17011812273471444
72516,0.30531292822511136
72519,0.027316543725581188
72533,0.14589631107675008
72535,0.21319573803579686
72537,0.17449631035681853
72544,0.08390603269768797
72545,0.24153212150357087
72546,0.08554423895116468
72552,0.08708443150054496
72554,0.5077902416273599
72556,0.11689136466104244
72559,0.22352379979068202
72564,0.253117744303172
72566,0.05580212348583156
72568,0.020602273723822766
72569,0.045402661862928316
72570,0.17730051700932267
72582,0.11213396489556912
72585,0.1202095646126747
72587,0.10875273188925191
72594,0.07839043384099793
72600,0.18506273447196753
72603,0.01425725652357476
72605,0.15067217538070937
72611,0.11355332544782448
72612,0.1616271753758458
72615,0.103344517392469
72617,0.13808359388484623
72619,0.08756791632515235
72624,0.06924053615221482
72627,0.04586987693761547
72634,0.17062882700865895
72638,0.04728477099394133
72640,0.0745275662790944
72644,0.06447285349672549
72648,0.38282032328842236
72650,0.0590035837864917
72651,0.06337899224114285
72652,0.15016895000007138
72667,0.207411962730899
72671,0.12253210959068322
72682,0.10684579870965365
72696,0.10649035388203541
72698,0.14557220107943777
72699,0.43147137193543195
72703,0.16404239962952863
72704,0.04435709417644403
72706,0.07386956511850962
72710,0.03939156387380602
72717,0.275185088601219
72718,0.017524502869059346
72727,0.07416381450060544
72728,0.10791394366872388
72731,0.13975882359010897
72734,0.13497005055081077
72739,0.03174206212462767
72754,0.15166186289589012
72757,0.24515538472393827
72764,0.020342593722635506
72768,0.13650097212126314
72772,0.0473660673088245
72774,0.1723719068990664
72782,0.0490931656109424
72783,0.04218661865456847
72787,0.12553388816187505
72791,0.23843702253604884
72792,0.051598168761257536
72803,0.13093891188427842
72806,0.053840195126674074
72813,0.10150886124392128
72820,0.0435115111520158
72832,0.13671754807212302
72835,0.04902349179248219
72840,0.12185930821974227
72841,0.048232474753553994
72848,0.1306052225607851
72852,0.1192056889664143
72858,0.09791521365942003
72859,0.03474091649694649
72860,0.0861439251836522
72861,0.13232739457150053
72862,0.1633253847770229
72865,0.03669979716843648
72875,0.1360317919435813
72880,0.38170097933901254
72882,0.2943635926202401
72883,0.18295573525808256
72885,0.3342537529488197
72886,0.1443186139479087
72889,0.041277248396592615
72890,0.058990888393058175
72895,0.08722911707276731
72896,0.11615948341349738
72898,0.07121681317266967
72899,0.12677323272412913
72901,0.08165731716431068
72903,0.21665326338309226
72904,0.03637548789594351
72923,0.2242061754165888
72927,0.08189705579027286
72933,0.22789845143200496
72941,0.031370704973442215
72946,0.05867037480072124
72951,0.18590588343613323
72952,0.12218224194792615
72953,0.14209768792192015
72960,0.15824856997749331
72968,0.032142041883963184
72975,0.2800783939645914
72976,0.08871187178562744
72980,0.08938568637920985
72981,0.10875551125509243
72985,0.16326714303658957
72987,0.11865987544160099
72999,0.06442179935598928
73005,0.12829046575880126
73022,0.1387305868681901
73028,0.06731842384574359
73049,0.07135719168613959
73056,0.13048468438087468
73059,0.16509852039376974
73063,0.10584627371202386
73065,0.22567434997536118
73067,0.03488249190646115
73069,0.07089908439210064
73072,0.2132456333456785
73078,0.13270760286898922
73083,0.11719029278018028
73089,0.3003641989204435
73091,0.1657762494997646
73094,0.15117722591463806
73107,0.02314701397794518
73119,0.11800665151378648
73122,0.12828554146637927
73127,0.16630486176591577
73131,0.058456597454783224
73132,0.07392370479909643
73146,0.10730333467312318
73147,0.11968317307197249
73148,0.3126583925177926
73150,0.20636981047221778
73151,0.24952295218218926
73152,0.11297908510125709
73154,0.07752319292808287
73158,0.061171873291787755
73159,0.2285795497023455
73161,0.08136663860930254
73163,0.11790159960153128
73164,0.1609203220951871
73176,0.14188335398575924
73182,0.036405253686302326
73184,0.036498193655393606
73186,0.07284121916300715
73192,0.2165768620909394
73202,0.21507697972091125
73206,0.1088538296181631
73207,0.20359490999714644
73209,0.2589806411288737
73210,0.16948448225351553
73218,0.14496950325351557
73223,0.07996423882859421
73228,0.2563616125487652
73229,0.2059923794376538
73233,0.04184993841613963
73234,0.021047286214448385
73236,0.16267312436680348
73238,0.15607107687511723
73241,0.08179262418073234
73246,0.11478524083022962
73252,0.05183960006057355
73257,0.08063378496654457
73258,0.22241323306320318
73267,0.23932402837876074
73273,0.04863626323245529
73294,0.07143313829519064
73304,0.2526463761243366
73305,0.1451770341715449
73308,0.12352470999349224
73313,0.06294376762034974
73317,0.20416053979196827
73318,0.20019899700543523
73324,0.1709637670500421
73329,0.2563088325163439
73331,0.137208978234246
73334,0.14197172705355537
73336,0.129010328307043
73350,0.08146327747848667
73358,0.09777439390830225
73359,0.23779510029505793
73366,0.20609179038016884
73367,0.22220767119623258
73373,0.1840386639427897
73384,0.15073391829536711
73388,0.17891641413095882
73397,0.240927402726389
73399,0.07257064616914043
73408,0.10298648550666091
73417,0.19751439059745163
73426,0.276923555351528
73427,0.28307768461763594
73430,0.02165445960580274
73432,0.02817885292935697
73440,0.01882295849599574
73444,0.04665154466619689
73446,0.12600698267966065
73448,0.16950585290049053
73456,0.14155873936286958
73457,0.06730038594698687
73468,0.25290825876772355
73474,0.027420826867101507
73477,0.041384098619809906
73479,0.07781637055756899
73482,0.08068505613226513
73494,0.14418985646549579
73500,0.29851509834324413
73511,0.2938500912637569
73513,0.12224217095097425
73532,0.269669881988747
73535,0.23229576782654293
73547,0.09190266247023063
73557,0.048406724796075606
73560,0.1966855649111216
73561,0.04123247394695992
73578,0.13437189247104692
73582,0.058828074986619724
73583,0.12948378263136234
73590,0.06848024889491301
73593,0.14465729131273328
73598,0.026829448432618377
73607,0.23201196472886457
73616,0.17441094468490026
73617,0.19008693236356286
73621,0.0721215089307141
73624,0.10537419542008232
73645,0.17493637169026838
73655,0.058424754154240345
73657,0.20062910321171515
73661,0.15871159043848185
73664,0.09726887867753888
73667,0.27276751427965773
73670,0.011052555582602827
73673,0.03867285783524366
73674,0.24037799378366756
73676,0.0557236029378481
73684,0.14423081456999348
73686,0.058111142227837295
73687,0.0984662087952988
73691,0.12858197165704902
73693,0.14875147977282688
73695,0.07652615846678087
73701,0.021795025904879462
73707,0.09588653847348927
73711,0.053548888469435695
73712,0.1577684665716329
73715,0.09148647587163374
73718,0.1314750809721438
73719,0.2719176169947232
73720,0.40683925507426216
73723,0.19305714371891472
73731,0.159352912192461
73732,0.08085632373524794
73735,0.02109573412216634
73741,0.14645983122555414
73746,0.05154236709476017
73747,0.2855678040979587
73751,0.1062225534044431
73754,0.0397011209680464
73756,0.15844818326871943
73758,0.03198081091344841
73765,0.03457574902307939
73768,0.15518335668039038
73769,0.17532527838100426
73779,0.022462180556246825
73780,0.033661735792621925
73786,0.03021316247795041
73789,0.09782620941160351
73797,0.3476648159608555
73799,0.04301171700166223
73802,0.03230082772231913
73807,0.024098895991721145
73809,0.07429690184966971
73810,0.1140717298864266
73819,0.1653958705470774
73826,0.11106963204537774
73827,0.14607195639017267
73831,0.2076571027312274
73834,0.05391928160483896
73837,0.030098359193731373
73850,0.2912003441979229
73851,0.11974537593296308
73852,0.028410167629742102
73854,0.1565434860529624
73861,0.05458205833860246
73863,0.1035574249789325
73864,0.05851711189168064
73865,0.014974672602478978
73870,0.036743307701180145
73875,0.30472839018294
73878,0.025002877088322113
73879,0.3408242939253018
73880,0.36601183627488615
73883,0.14753971600455248
73886,0.05970871261630321
73889,0.1170987471508018
73898,0.11057120759195768
73900,0.09661717117718563
73907,0.08170096377099263
73911,0.13798799254336044
73913,0.25581729722970675
73919,0.4639552737235704
73939,0.13161143909853612
73944,0.1323821796941326
73948,0.040486961435672514
73949,0.286664365371597
73950,0.29430144148794163
73951,0.08342292287237393
73952,0.18004436014326752
73953,0.10584029556562108
73963,0.04418345821175858
73964,0.24034925523083203
73972,0.3689136082429992
73986,0.031036205525375685
73997,0.0725048315530003
73998,0.06623867440485884
74001,0.08743102141877612
74006,0.2216840028385117
74009,0.20998633849874862
74018,0.25254506624085477
74024,0.10431359194815477
74026,0.0362217280955672
74031,0.266812980623676
74033,0.25091437695924285
74044,0.09268169342195968
74046,0.04768812832683118
74048,0.2454298166929877
74051,0.15559462425634804
74052,0.09422436784737821
74059,0.05135875406378078
74073,0.09362359410585257
74076,0.17550961341441101
74088,0.028954278514501337
74102,0.049976402278680006
74109,0.022012889571331254
74110,0.25215643622658035
74111,0.1222813263965698
74124,0.35021007316831687
74133,0.1979705117308497
74134,0.15573486121086608
74142,0.037011702410892355
74144,0.10936821662296706
74145,0.10309198723089913
74147,0.1730117674491059
74149,0.0941677860565209
74151,0.14972833320099507
74157,0.07963336173088147
74158,0.09305922844403178
74159,0.16836849994905165
74162,0.31235512214664174
74164,0.13175294216508002
74166,0.07245408437443757
74169,0.0667357883450221
74170,0.19183701908292466
74172,0.07385773659136903
74179,0.02794543253161206
74182,0.03947456152516752
74184,0.06505803439683398
74185,0.03156986296752703
74197,0.07232229597782527
74202,0.21252691811682706
74206,0.08968521137846115
74208,0.020590965002659188
74215,0.05549231383674764
74227,0.04984854319446644
74230,0.024196689800228714
74233,0.2949289231014979
74241,0.0516797397134004
74242,0.2638901214893839
74247,0.024113724176084383
74251,0.47450469176516336
74256,0.08716735220285562
74258,0.04542626661541854
74262,0.13516302334951694
74266,0.0936135824667142
74277,0.09172102293262961
74282,0.03652829876190103
74284,0.11761791874860662
74288,0.05008899545534367
74289,0.26940015164507086
74291,0.13274666625514
74296,0.09690253967391897
74297,0.15676220693755852
74298,0.01667677920835949
74301,0.15028589029358094
74302,0.10797704823428199
74313,0.2767647999370497
74315,0.1234922007470501
74318,0.10676342774623995
74319,0.07501231701410359
74320,0.15292037970101333
74321,0.23343006552085102
74324,0.13164871437942424
74327,0.11847112233312271
74336,0.06652340454948627
74342,0.17420791191271984
74350,0.15813410304799486
74351,0.2722674673161128
74353,0.16047420794249462
74356,0.14898771945337885
74370,0.18885363163853183
74380,0.07242312680452008
74381,0.18719869864969874
74384,0.35123515959965185
74388,0.12430268483520933
74390,0.018012891471034916
74395,0.3273773114637152
74396,0.07297942431881771
74399,0.04148461290028973
74402,0.13868267464358666
74406,0.02912131444334731
74429,0.09570281475562992
74434,0.030188362181207958
74435,0.16269438448670065
74449,0.06389927430277395
74452,0.14815878983322503
74454,0.06295823048120112
74460,0.092266178092125
74465,0.05355652456551988
74466,0.01690798238903254
74471,0.03923298674400322
74472,0.08854280532209464
74477,0.1738345154684261
74479,0.04555631875988955
74480,0.06669406970971552
74482,0.1229589946089471
74487,0.41558379333102274
74492,0.23869817797665965
74497,0.12268613448753556
74502,0.020659682161792293
74505,0.07804382718746504
74518,0.03972030935009999
74522,0.32109749206937094
74523,0.039220586470754194
74528,0.1441547198184926
74532,0.07862802020269179
74536,0.1824560346353824
74546,0.1062197659263918
74547,0.12036899314082582
74551,0.19129021155911
74558,0.029779457925368225
74559,0.036118321741705414
74561,0.09937252547272159
74566,0.23978567308348747
74567,0.060179361614876324
74569,0.20138336283179764
74574,0.08272744691551887
74575,0.22305801112295334
74590,0.19725656100216812
74592,0.10121166825318753
74596,0.17692448362035387
74599,0.09926820271836699
74602,0.030401859288581537
74611,0.1310154717942932
74613,0.1795338619667146
74615,0.02754163533346712
74616,0.17807488286666787
74619,0.17461000481661354
74623,0.06503880501514665
74631,0.05295737585936615
74632,0.03935702070295114
74637,0.08008694316545077
74645,0.2629988926802211
74648,0.17910281631223568
74659,0.04102924806584048
74675,0.2524195121311271
74676,0.019422196752906604
74682,0.11571089818193257
74685,0.16057971639363486
74694,0.050509907956799646
74699,0.06861017165339572
74703,0.04906336478822896
74714,0.06265503155942209
74715,0.3197555325623463
74719,0.04141364475495745
74725,0.04648616555910037
74729,0.17598404245060617
74730,0.09075029302940267
74737,0.28384043203478915
74741,0.2191326984496509
74742,0.14411470136061608
74747,0.07864927088148536
74749,0.16532629626868867
74750,0.03864262300907792
74752,0.040245572293517315
74755,0.1878489157599222
74756,0.18259923614892143
74757,0.28437197351137744
74762,0.04457910821825972
74766,0.02013532887353317
74767,0.2052115566733976
74771,0.43797072366723416
74785,0.25386205356359365
74788,0.28826149445434474
74807,0.06664447063972667
74814,0.1125787913984651
74815,0.14160091316609402
74818,0.20264489673887398
74821,0.06635983442315273
74825,0.04188119662752879
74835,0.13829885985391707
74841,0.36076885064260916
74846,0.200148100460828
74849,0.1064343568348337
74850,0.04256312351058513
74857,0.14451425282840932
74861,0.20096248359633145
74864,0.09770070917920272
74867,0.14907559521309757
74872,0.039053505784264655
74873,0.15034588265917537
74879,0.10285400544200371
74884,0.09264701549405942
74885,0.06264588837405864
74893,0.10891227662815386
74895,0.14230430616297335
74898,0.09153011268915828
74913,0.05815270787794461
74915,0.2026134259853315
74919,0.03202279332665469
74921,0.07017478540477215
74947,0.11004005234619432
74948,0.1342678670573261
74956,0.06642691999392121
74959,0.2637448805584905
74969,0.1542798729852054
74973,0.2927990171461654
74974,0.21174181551650845
74979,0.14148096780572822
74987,0.15477298187051494
74993,0.07142284661195086
74997,0.0679796176337809
75010,0.14126098680338053
75011,0.17118092532175358
75012,0.2617949152118744
75013,0.1904203659785508
75016,0.06583695899959972
75022,0.13479576605959032
75023,0.06261840860517362
75026,0.12985420587087174
75039,0.04775136187731596
75041,0.1980869381917787
75042,0.026273944881857032
75048,0.07241901820790175
75057,0.12653573479221256
75062,0.13863239905837774
75064,0.11732691724994962
75068,0.10918694784277722
75080,0.18537585832235093
75085,0.09727745371194994
75086,0.08341379324792329
75087,0.114077418307288
75092,0.07562318754472963
75094,0.06984155813761785
75103,0.027834082796123868
75110,0.15133367689111457
75111,0.08027552566209481
75112,0.28327215788508187
75115,0.0453832019278613
75119,0.1478887920651163
75123,0.08805955465212732
75126,0.12335197870708023
75128,0.07774656665869663
75129,0.17999573806682104
75131,0.2873952456008054
75141,0.12061358975793794
75158,0.17231328685508368
75159,0.05759704920446867
75161,0.17679801012180232
75164,0.16275891675121373
75172,0.18989465701485672
75176,0.12983798595167312
75186,0.1428596919127244
75189,0.03907515245107412
75191,0.03771793203443416
75197,0.22857409344080162
75201,0.17471903812578188
75206,0.07396927753205235
75223,0.2789718539815872
75228,0.13421294752327995
75235,0.21972130537786067
75243,0.058582604464189926
75246,0.09864302090642615
75255,0.031095654572637764
75284,0.2888440829288352
75311,0.2754156590705579
75313,0.231484776836767
75322,0.07527535533288619
75325,0.280681677841016
75329,0.1272958600613016
75330,0.09037642678200873
75333,0.12697508186578857
75337,0.14772977296196016
75339,0.03972659593142973
75341,0.12675840519166331
75348,0.13845942109667933
75349,0.2086387214190729
75355,0.01640836667688294
75358,0.057852829421527474
75359,0.2532452503822082
75362,0.033999535766161715
75365,0.08216831108207054
75372,0.09544032098055828
75390,0.03569099378420702
75391,0.037729956708251126
75396,0.10305489891574825
75404,0.16492235664692775
75405,0.1536830772969119
75412,0.16439118182828122
75413,0.10951777384805936
75416,0.03525776553758103
75423,0.18646664152832992
75427,0.06818927968036942
75435,0.021717632896061823
75437,0.05917073224890495
75456,0.03093284480350263
75462,0.12487160277462654
75469,0.09218817383713859
75483,0.18373078482624677
75486,0.1166619780326579
75496,0.11663486434731217
75507,0.21144380102952645
75512,0.1584022190904132
75516,0.017515229437747054
75520,0.0629334673592921
75524,0.024747217072805715
75525,0.26037367921641863
75531,0.027593454056273916
75532,0.18988782550253736
75542,0.09985166812739639
75545,0.18522677371856433
75550,0.025962205167058033
75552,0.0268299506563858
75553,0.09432661939223257
75560,0.07716824650245854
75562,0.15856762442241532
75564,0.17304460878117803
75568,0.10413698827790462
75574,0.28969845804446176
75578,0.028383112880762135
75583,0.17692624301418527
75590,0.09404201003454617
75599,0.031002398393905024
75600,0.08201005713905363
75608,0.036070548572068185
75615,0.028509069524422757
75616,0.32199183569032824
75619,0.145943321709623
75621,0.13339648400465956
75628,0.30721143396840006
75629,0.17383456942696449
75632,0.0683479195764912
75635,0.3078581289982267
75636,0.0664539526423864
75637,0.46075199609965567
75646,0.1052065300785994
75655,0.026578922662772866
75657,0.16257936330003678
75660,0.06238146756313119
75663,0.2945135568155549
75664,0.11586869355236894
75666,0.16949910876896693
75670,0.16265086626324288
75673,0.29378761990804597
75674,0.30657017308277495
75679,0.13867101955077762
75688,0.24212017105114364
75691,0.09134730577818721
75701,0.05439937041975074
75704,0.1483504332802381
75707,0.08497372646220239
75711,0.20521612199025885
75715,0.2542370762035396
75735,0.08333762442856053
75738,0.22799947852449332
75746,0.01087002082783068
75748,0.042833113603787165
75752,0.059776219869430734
75753,0.07433103302542483
75755,0.024421021696662926
75756,0.08202619905431424
75760,0.2583278882512647
75769,0.22077123812617383
75771,0.038772813253566296
75783,0.0859290138847601
75785,0.10317082385560729
75791,0.022110358404125285
75799,0.10705073694707273
75800,0.10930762454061914
75803,0.09477264720015326
75805,0.07452495833317462
75812,0.01944190645496747
75813,0.033199798779840764
75815,0.03491862026310243
75818,0.19056722667084983
75823,0.04932276683383436
75835,0.11593139508936895
75840,0.20405422817551505
75855,0.12221670039683317
75856,0.1788237083561894
75864,0.2271215476439748
75865,0.2475217674524054
75867,0.2922817165556342
75870,0.04566641269997957
75871,0.0847955484238989
75875,0.10116868116355852
75876,0.08440943540755214
75879,0.028336391600729538
75883,0.09167988378880446
75884,0.11832437869295323
75891,0.04369613456884172
75894,0.13657142806698844
75898,0.194667177310234
75899,0.1950138256189372
75902,0.15999847090218441
75906,0.04296452611144109
75908,0.049881669148374726
75911,0.07130276269972871
75916,0.13523540703000844
75917,0.07740646193896242
75923,0.03810695079995463
75933,0.03574541564483284
75936,0.1425418958418683
75937,0.16071971247383895
75942,0.16489232781045116
75944,0.10331277271213433
75948,0.052712046055096426
75953,0.19814036123847342
75957,0.1897883683791491
75958,0.06909177833323633
75962,0.08238901302612608
75969,0.041320902310751785
75973,0.13044217764810948
75974,0.2554989973714054
75975,0.05521875828414341
75983,0.07876575324600109
75984,0.04196911123918603
75987,0.10868530382825889
75989,0.031096599131786522
75990,0.013881802352711548
75997,0.04427326688917096
75998,0.08603347255343828
76004,0.29384276879902643
76009,0.05548426248162406
76011,0.19567922117459938
76013,0.12303208020241889
76017,0.011780486331593492
76022,0.05360174298772658
76027,0.4304475157954023
76038,0.038467883126199566
76042,0.09112693144657347
76051,0.17619854172944857
76059,0.08985961259573601
76062,0.05407883079686742
76064,0.024782658572227688
76071,0.09704033964978362
76075,0.17469124443814527
76084,0.16105376285034959
76086,0.04679110812689415
76094,0.29558049147323406
76098,0.22227379293163116
76099,0.04873831422086843
76104,0.15327774615804934
76118,0.06264200607083215
76119,0.07270900716605297
76122,0.15817145311732903
76124,0.0355154678627972
76129,0.19294281187648316
76134,0.08434659870203756
76138,0.042901091708438095
76143,0.11007648143794084
76157,0.025455661820607992
76159,0.16196745396384482
76165,0.16388559203186845
76166,0.24131914226395532
76188,0.1265773846128197
76200,0.10913159824492871
76201,0.1576553971546672
76206,0.041959946419673766
76210,0.11844039148794572
76214,0.07443491570363998
76222,0.11833972931961377
76233,0.05545208358295687
76234,0.2235744911100007
76235,0.23822086010036297
76237,0.06945499324448877
76238,0.21053419017331615
76239,0.1318765925294564
76243,0.15544205092068783
76248,0.06005654410511249
76250,0.07526207483400484
76270,0.21409820818742822
76289,0.14754808854020235
76291,0.017014771224090446
76294,0.2108538934428617
76297,0.21603571985324274
76301,0.20129630464864584
76303,0.03912607565491078
76320,0.08562796355575038
76323,0.10075079197356308
76325,0.04314916951784564
76331,0.1600213357528225
76336,0.0747555846942506
76342,0.08153330403450626
76349,0.14493287647794503
76357,0.1103901317174567
76364,0.07593088541681252
76373,0.10323430238903082
76382,0.08716318795895645
76385,0.05536212789333783
76391,0.20191893786708948
76392,0.0488051661504254
76393,0.3541789190627364
76398,0.16451349318644826
76404,0.1654922251739727
76416,0.1292030452460365
76417,0.144939197978474
76419,0.04949463215805163
76420,0.2841342016114217
76424,0.19582692641622407
76426,0.17966450062519523
76437,0.1028200094564593
76444,0.05231781999037219
76447,0.05191277259559908
76451,0.1568904321235259
76455,0.21445461097284127
76464,0.09633730263426019
76466,0.22892660310493765
76470,0.2990464230504368
76486,0.03267839543212731
76491,0.07523654915822936
76496,0.10129182060724137
76503,0.23883042345595612
76505,0.092354746390048
76512,0.0270135942369746
76513,0.305831112528696
76514,0.23387075740831714
76522,0.045287773796217304
76523,0.07937665115111384
76524,0.19434193420238535
76531,0.10179245207368771
76548,0.13463720070098043
76556,0.1829680190268206
76575,0.11554867962462256
76584,0.03829527601566042
76585,0.024191460293877913
76587,0.09624111108470974
76594,0.22571514717987087
76595,0.106756622459803
76608,0.026187673443635373
76610,0.05172999748261115
76612,0.034070581360001954
76630,0.13448539278227445
76635,0.1957342315356768
76638,0.20827828274580373
76640,0.05093481962414337
76643,0.09210066913039791
76647,0.17543176104331148
76651,0.0982572775983919
76654,0.07121910708143411
76664,0.18595360033624825
76673,0.13367724543134799
76674,0.06029258760890053
76679,0.05622312944966215
76682,0.09880015459531054
76684,0.28648517981960414
76687,0.15245152044655944
76689,0.14811012676429613
76690,0.18358850432032145
76695,0.15057102788981935
76701,0.10803690567915256
76705,0.04044529990622498
76711,0.2862246375389653
76724,0.14593230532005882
76725,0.15432417829457806
76734,0.10229469905388235
76743,0.10486542844818575
76751,0.1275345988688121
76756,0.47348509269071737
76758,0.028151201218274562
76775,0.2036521152795265
76776,0.08759547425257491
76777,0.09392898658396945
76779,0.13042804818451853
76781,0.12216593167520871
76786,0.14397687457897435
76789,0.1687946446860196
76791,0.02623486814374294
76801,0.021883497034122634
76809,0.05645130863255508
76817,0.311084374222007
76818,0.22226901689122838
76819,0.037306409921482264
76822,0.3254190962830775
76825,0.08190847910699453
76827,0.22479638533384017
76832,0.11422175506096559
76833,0.2921541771819054
76841,0.33835889091406773
76854,0.2254573346771528
76856,0.31245093767053417
76868,0.1722233690378059
76869,0.19797650557147276
76878,0.08455091600741628
76887,0.08626509440651252
76888,0.11902355655757492
76894,0.08638060964846718
76897,0.05260219325436026
76908,0.14402164879395593
76911,0.14102179866436734
76918,0.07885778383720911
76920,0.05757223939875172
76922,0.04605318253039396
76928,0.18617270863206725
76930,0.03010206651359352
76944,0.05294614887985679
76948,0.2028105712603677
76950,0.02637601644795725
76964,0.10322675756767452
76971,0.1528375918478361
76974,0.028341360482045604
76984,0.020307545931620513
76985,0.027795626214400286
76993,0.05500308168276159
76994,0.11952520231350494
77005,0.0979602223436318
77013,0.07216503169187152
77016,0.10080627603355799
77020,0.10548802508004541
77024,0.1765402007023197
77027,0.13063533070403513
77037,0.024878911963279737
77040,0.08563358677964468
77041,0.07547733804733313
77046,0.10219553343563434
77047,0.1595266339027546
77049,0.03387624293716281
77054,0.25506813066968365
77055,0.04853458895479207
77072,0.10331520508175712
77076,0.035926572694741955
77092,0.17532822587993566
77095,0.10593503288961346
77104,0.14926659293294628
77105,0.22941597505101752
77113,0.14485506946112855
77114,0.041152912337373185
77115,0.037455066058083394
77120,0.03458921233257277
77123,0.25934972189934746
77127,0.09666577545405683
77128,0.05166759847618514
77136,0.054630154471246965
77144,0.08118430620592049
77145,0.04836208745698738
77149,0.06513813254033629
77153,0.022257762309101484
77158,0.16643209237178366
77160,0.045808704734081114
77165,0.0985626097970483
77168,0.02635245644019037
77172,0.11232881749105599
77174,0.0752653864718733
77183,0.0541009233358401
77185,0.21780863341457196
77200,0.07351011489964226
77205,0.058777243147594305
77208,0.061326401919083104
77238,0.07213139354591963
77239,0.20771560491656174
77240,0.08494346539181154
77241,0.046510231103748974
77249,0.09240678148603125
77251,0.172900493530876
77256,0.025687189204734225
77259,0.09798682979914497
77260,0.2068206070448164
77264,0.09341606917154607
77266,0.3324473213187115
77279,0.09639980800554408
77284,0.16941497449888135
77285,0.09435750456059608
77291,0.08148683233101348
77294,0.01960890745838377
77297,0.13765530697081652
77299,0.1154145102895845
77300,0.2704285433690052
77304,0.16611168551536448
77309,0.07281244691905238
77322,0.2671370391725205
77324,0.08833057536649526
77333,0.12739475198674832
77337,0.11981515932844652
77338,0.04536453864065125
77339,0.025443341570376938
77350,0.12323346629022915
77352,0.16218314439773834
77355,0.09905524465126163
77356,0.09904658702044035
77360,0.22797650447903653
77361,0.08392673328666264
77367,0.1018843213519851
77372,0.07875823724483737
77385,0.12162521338276265
77388,0.07132533571173175
77389,0.13973844475839145
77392,0.018386018043815636
77396,0.08954642144036266
77403,0.09969395120274646
77407,0.21933502219639894
77412,0.07992824234095693
77415,0.4190580391094549
77421,0.16469533013886312
77426,0.03121556147305311
77428,0.05039924925638689
77434,0.13551021128686017
77436,0.09590894089480345
77442,0.08175380305922203
77448,0.21427787005861018
77452,0.12020373661770677
77460,0.27767695948282234
77463,0.13658714963190463
77475,0.08730498360788685
77477,0.14662919286182688
77478,0.15318242654533454
77488,0.053493642890125065
77492,0.0700619974839596
77494,0.07392274368955265
77500,0.042573974798651874
77505,0.12376820185036119
77518,0.06691340332628605
77522,0.09061404961484154
77524,0.10866740353561184
77527,0.22953067247338102
77531,0.07080591969459993
77532,0.2839340540540657
77534,0.05595136522148462
77535,0.02448410503786216
77536,0.03381316487455708
77547,0.14345548659562754
77550,0.07899981284757716
77551,0.13655922499937442
77552,0.21964334805653501
77556,0.09325535563649107
77560,0.04586465401491297
77561,0.0851584400953138
77564,0.05332431459443044
77565,0.18325418958082423
77566,0.41379655509438856
77568,0.1358416566740084
77569,0.36244292808048184
77578,0.12273416613237809
77582,0.031103689694547684
77584,0.04300430011477868
77587,0.047571393901649654
77589,0.034573928479547274
77593,0.21116770299955315
77598,0.22662408246952268
77611,0.07472830805387849
77617,0.03735599125809173
77619,0.05460156982920607
77620,0.06283797275686195
77623,0.08928785392722571
77625,0.15900791492700772
77634,0.05669989875078309
77641,0.1687085274344486
77651,0.07694321372788071
77652,0.23066863376991922
77663,0.09157516370361922
77675,0.14222230325116159
77676,0.18624166772708262
77677,0.1335959510605759
77686,0.1328229975695606
77698,0.023912468825684794
77700,0.033396832890916814
77701,0.20073198927915398
77704,0.12101831393662937
77716,0.03204998379770689
77722,0.22977165112323894
77726,0.2691549533054115
77727,0.03181809003774356
77730,0.08963521600118463
77731,0.28828928544977933
77734,0.07694811026565787
77737,0.14829356985825945
77743,0.17029246050874175
77745,0.25538431076702234
77750,0.20098604001597917
77756,0.07464458927781588
77761,0.1484525231443349
77769,0.04250892158934599
77770,0.1317414390466919
77772,0.12996084493728868
77780,0.20517287501623635
77781,0.17254841218868774
77784,0.1033938979438055
77789,0.22058077375034169
77792,0.22086464266631395
77794,0.1301860078075591
77803,0.306134440164943
77807,0.02907426102310853
77809,0.27869741014293437
77819,0.17530671620984337
77822,0.05973308292406066
77830,0.07024001703059461
77834,0.22605483143198374
77836,0.1638954524748311
77843,0.0358032417310573
77852,0.27233575505145247
77853,0.04236679724845498
77854,0.1935647864124713
77856,0.10583772900475993
77859,0.21831987228639566
77860,0.043179934649660245
77865,0.05704753711148481
77871,0.17586318101777657
77887,0.08890948816091307
77889,0.06289371564620126
77896,0.12075069617674838
77901,0.05702739386972604
77912,0.043812789453971095
77917,0.09471807238415848
77924,0.09124561358678991
77927,0.2515845779628363
77933,0.3055709657004228
77937,0.1856323902152536
77938,0.2675830713061434
77940,0.29979160275008565
77943,0.07707171521113684
77952,0.21943162046662112
77960,0.14139535243401885
77965,0.2074548890707364
77975,0.06360357793261773
77980,0.05351734484502327
77981,0.1450027968096908
77984,0.09681923843024033
77986,0.051851421171336724
77987,0.06353536103467947
77989,0.22397121298419848
78001,0.05724022842883961
78005,0.08940348669239773
78020,0.06532094756538591
78021,0.2727500055843949
78022,0.09913518940120541
78024,0.14492352883927806
78025,0.07066901688343522
78026,0.07075833432379505
78030,0.1234680335408302
78033,0.1730895602861901
78038,0.08030859242968177
78040,0.24874192977439893
78048,0.21884720175222663
78050,0.17236486139599716
78058,0.13570473702031707
78060,0.3565338902277545
78062,0.1583312276040429
78063,0.05992485850216476
78065,0.1230651290100973
78066,0.2524012192634662
78076,0.2896304550194098
78079,0.031004364229440584
78081,0.3618977227873675
78087,0.044281067606476356
78089,0.1334062175699818
78098,0.062436128278573394
78111,0.1735310776213387
78113,0.11140435961531721
78119,0.18708780927076496
78128,0.09882552106584458
78132,0.18877664381000497
78136,0.08577793000784865
78140,0.16777532483129742
78151,0.15550619958470438
78155,0.11012408612508715
78167,0.3306646076445905
78180,0.05202295536871568
78185,0.09689607138265871
78192,0.2860764101793342
78196,0.03762504591846427
78197,0.033463436593090236
78205,0.08955837419856884
78206,0.2795506877948852
78208,0.023603357425246045
78209,0.21364139551289404
78210,0.21487672447306885
78212,0.04445438371395744
78224,0.11715189221289325
78226,0.17152923309484566
78233,0.1140008290594025
78239,0.1646503398733484
78240,0.07822807573920129
78243,0.07374827664900184
78246,0.014490155947413229
78247,0.09169734939485698
78251,0.054775100349050615
78255,0.10150798700311867
78260,0.09713152127771107
78261,0.06346273003379696
78264,0.07846762420710472
78265,0.1954687885565485
78269,0.16861053155719316
78270,0.03635175440784423
78271,0.054981009938351526
78277,0.019794412563598457
78281,0.02233229294852576
78282,0.08718784044201845
78285,0.44211826395764053
78286,0.163248564443499
78288,0.20297183010393283
78290,0.0598377169892112
78302,0.11379890099794963
78307,0.11418750506509243
78310,0.11254953984596154
78311,0.11211272589587533
78312,0.1206367307372572
78316,0.03781660441374317
78318,0.08682531137827294
78327,0.18660978267071532
78330,0.0342524842855036
78335,0.04078385375561893
78340,0.16290937127216726
78343,0.14598345625886056
78345,0.04622365616789309
78348,0.19174329847169735
78354,0.2797408389175529
78359,0.0645865267662473
78360,0.24322005033152946
78368,0.05622404369151407
78371,0.06965699774445296
78376,0.19870774933400906
78380,0.2053729360034323
78383,0.07007421369939429
78387,0.06323002680586498
78388,0.19470640577484286
78390,0.0321330320897368
78402,0.35965966295721374
78403,0.061812161189269035
78404,0.3242645845071952
78408,0.30523580805914846
78410,0.15549507169552426
78414,0.05036753524853077
78415,0.18505775280209139
78417,0.2461818923731582
78424,0.07006442761233862
78425,0.3232384264703516
78426,0.22302368414575618
78429,0.08794283380342138
78434,0.13004189643808223
78446,0.14861050278334995
78452,0.05037970587092095
78453,0.09615646022229771
78454,0.21950544002555308
78457,0.06080296838063101
78462,0.16577770285570814
78464,0.18797518729571872
78469,0.1164728263364395
78472,0.061195576693673745
78474,0.3426784139728289
78499,0.04907126160842352
78500,0.2461349947259875
78518,0.06308248350096261
78524,0.13426111639699387
78533,0.07240722608465387
78537,0.029685791049684527
78540,0.02859426341741889
78545,0.024419454492731526
78549,0.1423984928571755
78552,0.09200967399103725
78557,0.0810153175666225
78563,0.28019165837881843
78564,0.08280404539233012
78566,0.1574181244336896
78568,0.05258672759063433
78582,0.13974961330592445
78586,0.08952606360611087
78589,0.10100342514411598
78595,0.1599378426083826
78597,0.08868141272165132
78599,0.08709112809338954
78602,0.11459275658289093
78605,0.027398039091464398
78613,0.10251594755200015
78619,0.035893138696262955
78626,0.05797765471184058
78633,0.07599950079916382
78634,0.21656457417130165
78648,0.04504175205916062
78655,0.026551748488529994
78670,0.08732319287059022
78682,0.3344900595980302
78688,0.06001057166971138
78690,0.01340346118795326
78710,0.019499466677233714
78715,0.10627476766544756
78722,0.30894770352212286
78723,0.1168560647680562
78728,0.24648962018744308
78730,0.2115042435734498
78731,0.24277994394327074
78732,0.08448181428581099
78733,0.09997627612892725
78739,0.07730710816094112
78745,0.034124930118067574
78749,0.16504156781928914
78752,0.07463139508542836
78754,0.2528723207172924
78756,0.11366114929974752
78760,0.2024761443130883
78763,0.16683009929187914
78766,0.13437794279185422
78767,0.18624064468078252
78768,0.22350848202717238
78777,0.1288835125869032
78778,0.15580352672052514
78788,0.1961121132313906
78790,0.038354373377456084
78796,0.18590873446959025
78805,0.043513019201885654
78809,0.17521079239278958
78815,0.1462328415597969
78819,0.08499060995118475
78821,0.03909101322094204
78822,0.3448821817648886
78830,0.08428891736717672
78834,0.3899425788719091
78841,0.028682607246404604
78844,0.19952052412385074
78852,0.10531532222701663
78855,0.07643856350423449
78864,0.14647498395043368
78886,0.06671332008894519
78888,0.13764846934694788
78891,0.25022562582400465
78896,0.07528215825209421
78908,0.1932254441986616
78910,0.21093398633414887
78911,0.128731360779355
78912,0.134603298315015
78914,0.1071655001045397
78918,0.07850415170681323
78921,0.056000214343540064
78936,0.18402032900592707
78937,0.2317052152462844
78938,0.08545739195370196
78956,0.04846181913984366
78958,0.08897443970632836
78960,0.0728727246662266
78969,0.2421874307701053
78973,0.04636010319645296
78975,0.21533312094318174
78976,0.36781612828221266
78977,0.08533219173095412
78979,0.12083182524581144
78997,0.2725208968780539
79003,0.06757835451835668
79017,0.06833794828420871
79019,0.2848020068987079
79025,0.08105580167821604
79034,0.12383355903996131
79037,0.019033606057208843
79042,0.17387658061654276
79044,0.4164251178597779
79048,0.08299048520841017
79060,0.05793840502323314
79067,0.15255259846995173
79072,0.1235666609566228
79076,0.13223064379539934
79079,0.20450694641573233
79084,0.30689844507052505
79093,0.22405042827432894
79098,0.21386173971398273
79122,0.2625703025439524
79131,0.08279345146082437
79144,0.03976616781665767
79153,0.14586703784292834
79158,0.1733416184412595
79163,0.08867513257496924
79170,0.26959701357517457
79174,0.06676933046536489
79181,0.08883870448023118
79186,0.08639387071145832
79189,0.28625003580927355
79190,0.05663162806480389
79191,0.10546334151250145
79193,0.08450875648455797
79194,0.09675715221609954
79201,0.06975467740565439
79204,0.0131662075753623
79212,0.36753923919664283
79213,0.1966431893423701
79223,0.1473379341088598
79233,0.11746804522940611
79241,0.08300988014360941
79245,0.13304123784397162
79250,0.1288635796846677
79254,0.22714983004469153
79261,0.05585098220859055
79263,0.1198801821467425
79266,0.31187043961842054
79267,0.039679356273868274
79271,0.13067979869160137
79272,0.12548076266520417
79275,0.13666656963271775
79284,0.024297454727920165
79294,0.06321238127693744
79296,0.08329035046694133
79301,0.07392595669154223
79305,0.2189017730518772
79312,0.056688000546809954
79322,0.1037243742476567
79324,0.09240409205720504
79326,0.12347781418625764
79329,0.048137535559831385
79330,0.25389383757073203
79339,0.13501760717639083
79344,0.009779269300670941
79352,0.1708290644594296
79354,0.24512095650306398
79356,0.22781936000959677
79361,0.04501587145395874
79364,0.05653406868704115
79369,0.1259012531827053
79370,0.13959774662111551
79373,0.1460801749581142
79374,0.18611493053314473
79378,0.14498495251049973
79385,0.11956538802569033
79388,0.044749961373096246
79394,0.08428882815141875
79395,0.2083777884880115
79404,0.1750848131458301
79406,0.21460950342780416
79409,0.20043544134432675
79413,0.12748437406561933
79422,0.1422366444849821
79424,0.17695190605708774
79426,0.21373998880434963
79427,0.1150065137685642
79431,0.16910957664361037
79455,0.18142085020222112
79456,0.09827043922331706
79460,0.24386345657564795
79461,0.14359778773673587
79465,0.22531892376316498
79472,0.06620808133452186
79474,0.1548071095534138
79490,0.12795491854684213
79494,0.017838934123639048
79496,0.02251225097088477
79508,0.21631990202224277
79516,0.21213345242045126
79519,0.11674712299592925
79525,0.0537666123925785
79533,0.04639342995711317
79536,0.06237413271227395
79550,0.062467070694012146
79554,0.14519612034352947
79567,0.04235504429815025
79582,0.0744201300885502
79587,0.2643555172920201
79599,0.043242981725034546
79607,0.08783472355407859
79608,0.08070591817625625
79611,0.17747533181862452
79614,0.18941516843124795
79619,0.18411868782710875
79627,0.07092781812774775
79631,0.1552041976650235
79634,0.06551397611939315
79635,0.044126543449762454
79636,0.21079637815585056
79647,0.15789717663685576
79651,0.12560667006498857
79654,0.11098709172988777
79656,0.06256929017207044
79660,0.013331746451193059
79666,0.1786877011987859
79671,0.13601451055168165
79672,0.034489507668129527
79677,0.09948935362389018
79678,0.1478275538015065
79679,0.14259212412602343
79690,0.18064017376216926
79692,0.22665261626857763
79693,0.08375205587163592
79695,0.2172005761089472
79698,0.24843225621047743
79708,0.2993309246798773
79710,0.08863662670479507
79712,0.22159124588162676
79713,0.2821595572516289
79726,0.3270335264994576
79728,0.023377020885866774
79733,0.12510225738396372
79737,0.040359155130606096
79749,0.12201202644405514
79752,0.05325597522987737
79765,0.08312804701137293
79772,0.17735729672022013
79778,0.2000448338301157
79779,0.057428793803923454
79780,0.03311939182890667
79787,0.13133092983562308
79791,0.1840775884442133
79792,0.07905105264752715
79794,0.06705377226982309
79797,0.02979415608163266
79808,0.15108638767332724
79824,0.09516965718738997
79834,0.10545827895649021
79837,0.26697051860951926
79851,0.03153548635668784
79852,0.24081706495612687
79856,0.2123828106772177
79863,0.12221972286384114
79872,0.2549600695175468
79876,0.21597593187022487
79887,0.03722800890826115
79888,0.11336820590492588
79890,0.2366030285863076
79907,0.08134027414687481
79912,0.18821630547594725
79918,0.041667650217493774
79923,0.11222908600540603
79926,0.3335915853400347
79932,0.13315147945898703
79936,0.062124143750725454
79937,0.19380653322679892
79938,0.07330636312101246
79945,0.09028585900132555
79946,0.061096697907669126
79950,0.10471665871385709
79962,0.10597416854874404
79967,0.1883458450660062
79968,0.14352605809313593
79969,0.03765056155291301
79970,0.34861192464740115
79974,0.318671584308853
79977,0.1597111962842371
79980,0.07464039160153595
79985,0.04634168938865755
79986,0.030018992419490232
79994,0.02704958860009038
80002,0.24216714064438286
80010,0.09058591716528042
80036,0.11521099272390425
80038,0.08775541089055204
80040,0.26372300346817285
80047,0.11017451275668577
80050,0.04651790188808126
80058,0.041222858241745354
80068,0.10577342593055847
80072,0.23540538232016625
80074,0.03917345504026535
80081,0.1463057180176235
80093,0.3749531722382984
80116,0.17235789501585444
80124,0.11701843831385235
80126,0.22955343840798553
80129,0.13482923110488942
80138,0.05325391387161801
80145,0.049049804798595685
80146,0.2334479570979294
80148,0.1371822718864546
80157,0.16700195215434976
80160,0.13218386330549253
80167,0.271738310022449
80170,0.2348106993801157
80175,0.03534942248432609
80182,0.11045770082180013
80185,0.17008691624417296
80188,0.05735163953623635
80193,0.11019172736433705
80197,0.09426838952837314
80198,0.18595440604946858
80200,0.08268217680019951
80207,0.01975121031358147
80209,0.2060135340747608
80214,0.09294879575593593
80236,0.13380028897900925
80243,0.04936535802573959
80249,0.10329133498926606
80254,0.06898761389515647
80270,0.22985054157838103
80271,0.08338485741459604
80276,0.14524435661123583
80277,0.10835009398676526
80279,0.22475354461895233
80282,0.23386223316218793
80285,0.052052749325986664
80286,0.14330811789770198
80287,0.054912287811021865
80293,0.11357663480086022
80294,0.19529260876832236
80308,0.0853630418020867
80313,0.03064846525901101
80326,0.20969814955338975
80332,0.24633147545675488
80345,0.21037530625712955
80346,0.1182471641250168
80351,0.04468775815263262
80357,0.07857155082866103
80359,0.1309732686808839
80360,0.027525964365505258
80369,0.17584228049438533
80371,0.22523087314102386
80373,0.08467423304331116
80377,0.08075849316873429
80378,0.057559500831360855
80381,0.09076602584825556
80392,0.15388352429477598
80393,0.08255051068493217
80399,0.06770404373627431
80402,0.0988469704882264
80403,0.24869533222619383
80404,0.09778103606833706
80407,0.02592627472407145
80409,0.05625094909313939
80414,0.045383167231261005
80417,0.10294978799604941
80421,0.15719480970864175
80426,0.14874798784892115
80433,0.2568905399511263
80434,0.10555755506927218
80439,0.04354990412863478
80451,0.02670848323230885
80460,0.2807200800935331
80461,0.17240783550311117
80466,0.031107442749536033
80470,0.13484085512767072
80474,0.0637261509471972
80481,0.17367113144271884
80482,0.2221250287806803
80487,0.1435039755387522
80491,0.2175708191194726
80516,0.12296920849360236
80519,0.07412896997826786
80523,0.4671450444559321
80524,0.03791434376089919
80542,0.14919069724292752
80544,0.09903988619548582
80548,0.15109675073496842
80550,0.29474492748856507
80567,0.0794894051804821
80568,0.09488095191314651
80569,0.08590870365846959
80570,0.13688391161979188
80578,0.07842913932653948
80579,0.0584965636175428
80591,0.040429165224188254
80601,0.2915027680412002
80602,0.21590784996680581
80607,0.3050370451467616
80609,0.3252461088613738
80611,0.16660147279669119
80612,0.0299728750310778
80621,0.17882723494856087
80625,0.13514007170776435
80627,0.16847008025308463
80634,0.178701407461524
80635,0.1518656377765205
80646,0.15198318947553655
80649,0.1387362371029767
80655,0.06773053126104668
80658,0.0579372733401707
80665,0.06198020337865445
80670,0.06854148394065436
80674,0.17995005456787422
80677,0.0654175640944816
80688,0.2530050801460093
80693,0.12670604380117553
80699,0.09951931371146368
80702,0.07834584993782175
80717,0.12423037626884212
80727,0.12284261100652837
80728,0.08026147225340972
80737,0.15704932199121055
80745,0.09659717099761043
80747,0.10482123018757115
80748,0.2477712721081512
80754,0.1944103848522432
80759,0.2894512568783706
80769,0.1606866437932283
80777,0.11721369047176176
80779,0.20152403746930464
80781,0.019575930182895628
80783,0.043998504370562685
80788,0.4930489287542356
80795,0.10945456871496564
80801,0.048639769783151245
80802,0.3223347460895462
80806,0.1826057529910617
80809,0.0729821403806269
80824,0.1285096435133093
80825,0.10784965218383874
80835,0.031725184305643424
80839,0.36366145242811376
80852,0.05018388300955193
80858,0.03953163580162082
80859,0.33854566237253403
80862,0.08004191263546444
80866,0.20483465842124268
80890,0.1486124605715221
80893,0.16670594369071512
80899,0.041096997087243285
80900,0.24531888808396082
80909,0.2011697267851945
80911,0.2089065595269248
80923,0.22705301460348248
80924,0.036232923469503873
80927,0.08767340595667822
80930,0.041730954655340984
80938,0.14095609436375345
80941,0.0917104354615914
80951,0.12579514196294386
80955,0.09592431168211912
80968,0.021401069342375963
80971,0.09174704122799236
80972,0.39061667228110086
80973,0.08091240737433192
80983,0.14587818379488857
80984,0.1916115829819071
80989,0.05731956147090321
80990,0.02873924896925152
80996,0.1232914007815692
81004,0.16348979660394913
81017,0.06607045091922079
81029,0.08770771986622838
81034,0.06341527242358885
81049,0.03348097164935961
81052,0.03108816227957967
81054,0.2625113133199533
81056,0.1521728608788821
81069,0.035227507489203363
81076,0.06208395099016988
81078,0.21516522683255346
81083,0.10263194328178643
81096,0.21731441484184957
81099,0.15853589431039383
81107,0.02883535516854327
81108,0.10111200408530281
81109,0.32981718756330664
81129,0.20676688736812102
81130,0.18777525563474104
81131,0.12157246905330793
81137,0.18624922695888815
81141,0.3980405631910697
81142,0.03967846118353178
81151,0.060203082314862606
81155,0.08195510514191623
81157,0.14978380432309626
81160,0.413353913702042
81167,0.1746245738487582
81168,0.11950085748433745
81169,0.04078072325604454
81179,0.2129224420241521
81180,0.1781778096050378
81187,0.14185398260595514
81188,0.10202931187538136
81195,0.09402969193700486
81199,0.08333562147136656
81202,0.4200443647980778
81206,0.0951431769561297
81208,0.2426627925780791
81214,0.10875068105160814
81219,0.1301218942186561
81231,0.03271633072427402
81232,0.13261244031370986
81233,0.1990678044350187
81238,0.06642529044143229
81242,0.05032226078679398
81247,0.07291373738873286
81252,0.11553552838388036
81256,0.15894476975909988
81266,0.05150684354330626
81278,0.05151507204590641
81284,0.13523596570999707
81288,0.03458330440768795
81293,0.13132000828552023
81294,0.12162753087129424
81306,0.034031419865498125
81307,0.07566394921315235
81309,0.11112354128854732
81315,0.07453912952785076
81318,0.052285613816099696
81325,0.11225921364391779
81330,0.1305990105385958
81334,0.09226497326653887
81335,0.027990808744223206
81339,0.07247412701756879
81340,0.09023387045491786
81342,0.11575040101320165
81344,0.05476788725431983
81355,0.14100401276047958
81356,0.2350706864328075
81357,0.05517023077955017
81361,0.049558448342403666
81368,0.016850266819942658
81369,0.12119191902398785
81372,0.257334406370982
81375,0.08015262760059493
81376,0.07600680913696371
81378,0.028227055393947403
81380,0.11775063143688534
81385,0.1715977760150588
81387,0.2025782610175855
81391,0.27047627431081417
81399,0.1308599998034509
81401,0.13902815869219462
81406,0.12810855942465263
81407,0.02871534633371696
81424,0.2095261653721215
81436,0.05817356687861821
81449,0.1519777352966111
81450,0.08508603803018387
81453,0.020062820870519894
81455,0.07575034575365891
81458,0.08523470301585818
81461,0.054076875658195196
81466,0.12805455683105024
81470,0.039574181946052694
81476,0.12155053203699202
81482,0.10614686484191758
81484,0.17113224852787554
81489,0.15275321721306057
81497,0.10055143282471246
81504,0.08867300593024932
81508,0.09331503699187428
81518,0.06091170260555843
81521,0.09926223545835951
81529,0.2512448488193074
81530,0.05939925320633428
81536,0.3637881690160897
81537,0.10276644560079284
81542,0.1550000100699309
81544,0.10475783786080517
81546,0.032846675840185094
81562,0.12083426376979078
81570,0.14528467064245193
81571,0.02977140058006838
81583,0.08944540943940421
81594,0.023318731816705254
81595,0.1520515330242615
81596,0.21117989668085768
81598,0.18949118117393024
81599,0.10537413923340402
81600,0.07971180415184306
81611,0.19156553445413302
81614,0.09343623250997243
81621,0.13357384000606082
81626,0.0996179340591524
81637,0.11675203888223998
81653,0.22233084140981127
81655,0.338677796812501
81674,0.17030453351934752
81677,0.08395424247378472
81684,0.18438704106806444
81686,0.18270926246644312
81692,0.10348819582037332
81701,0.13914606410852223
81703,0.03843016901204329
81704,0.060057393102476334
81706,0.02163152023706741
81711,0.17614876953513103
81715,0.03776270977470963
81718,0.3900355521698442
81726,0.13972303471658198
81732,0.35264100747342364
81741,0.060858478079369255
81755,0.3104718998521206
81760,0.15419154118047174
81765,0.15922791195860234
81766,0.225623496625419
81768,0.13315131165378313
81780,0.06640639479708263
81787,0.19808755133862974
81802,0.10883978725625752
81803,0.09005068514776869
81806,0.025030050499981367
81812,0.15508316363147728
81813,0.16181166879496053
81820,0.1929205853901568
81826,0.09998142781810236
81830,0.05778008837004173
81831,0.0638332380805772
81836,0.1671027771807845
81839,0.04796796273702356
81852,0.23029476540541116
81862,0.12804227611518856
81865,0.04020814250634192
81871,0.2256581623413922
81872,0.0228722353869125
81873,0.16173581388434619
81875,0.05850825630936969
81876,0.3132677018697414
81879,0.1927378608082569
81880,0.0738480918556362
81897,0.028957294031214883
81902,0.12994432832676436
81907,0.07258408423950462
81913,0.2089023748497012
81919,0.07400981605953906
81923,0.2569256109792979
81933,0.1491488123217966
81937,0.14008652793122223
81942,0.13249258610064846
81944,0.12408508870957896
81948,0.06775253774406031
81955,0.05366946626586551
81956,0.11977528619579186
81962,0.09131773268493597
81966,0.11374352434227394
81975,0.06095797315458989
81992,0.051047873225846606
81995,0.08313724462426053
81996,0.11426099623640093
82001,0.13239428580119655
82006,0.11499458773129984
82009,0.02455220635814848
82011,0.23568823018859475
82014,0.1384363656811021
82018,0.3489802298894162
82026,0.21295930592613244
82031,0.13132798737292348
82032,0.0652511444674376
82034,0.10154348269522512
82040,0.1820066812735006
82048,0.1903637599128751
82050,0.1531445169553101
82055,0.07307194642480465
82060,0.08213245457273739
82066,0.1849480359606909
82067,0.09696465983697895
82070,0.043699779178002156
82075,0.2077918103509603
82079,0.14852965521189013
82082,0.05936638257466364
82084,0.039478928302732266
82086,0.12981666716210177
82089,0.09545327909612404
82090,0.08386156784940302
82100,0.22646947251022728
82105,0.1534057557856218
82106,0.11136100934920613
82107,0.12963470670993874
82110,0.076795533292829
82114,0.09267531323984543
82119,0.14514174501184404
82130,0.2406269932746664
82132,0.16754861570086804
82134,0.11264200748182567
82135,0.08008157280027492
82143,0.3434531472804016
82153,0.019477409729755063
82164,0.0351200243397261
82165,0.1817175846461693
82167,0.19430334751817846
82168,0.25451051671310293
82171,0.03680648399055351
82172,0.12327681857092662
82174,0.05805139654026618
82177,0.22125253983613857
82178,0.025920322678555822
82183,0.033253263412270605
82187,0.09825195581774304
82189,0.08772957461612244
82193,0.11896943593672223
82211,0.21005594812477626
82215,0.10134410528781962
82230,0.10630044253646094
82239,0.04235081193209301
82241,0.040621291575537434
82245,0.11789019637609173
82246,0.03426842564275326
82250,0.10116283629112978
82267,0.06980989116044235
82272,0.12057764425636665
82275,0.053504315607424816
82280,0.2257087497266014
82284,0.2731492282649603
82288,0.142360288695163
82293,0.07982500598425316
82295,0.09720991178396239
82303,0.09850999551663005
82305,0.12017834145735118
82315,0.021752417370677218
82316,0.08709965924417364
82323,0.08117701214903376
82327,0.08406273847530914
82328,0.024669878722165393
82334,0.14384784162698414
82336,0.27694516923907303
82338,0.08226716800211285
82339,0.3112416398355774
82343,0.1102255139909085
82360,0.08449112534070553
82372,0.03154254102060664
82373,0.1954178159872427
82381,0.038080354742758
82382,0.35144759112498675
82385,0.02413170517775447
82393,0.021090340276919223
82397,0.08612844398187021
82399,0.07017714720030054
82403,0.16020154655838184
82411,0.04411857424792644
82414,0.04841916147117156
82421,0.10891861206222939
82425,0.06394091989063912
82426,0.1386030796228227
82428,0.15178521562847735
82432,0.08126804701322224
82435,0.03849930448260443
82442,0.08787442830506213
82446,0.10279989039990546
82449,0.2014614692945647
82456,0.1412949675913297
82463,0.07138154457081058
82476,0.30497364644123104
82479,0.20721692604636519
82481,0.27184497271594243
82483,0.06466885466199421
82486,0.028183923617321728
82488,0.04546998521273394
82492,0.08464859663244143
82498,0.3072714318002984
82500,0.14251413957076364
82501,0.029353497831721267
82508,0.1544835039954627
82509,0.29530153157576683
82521,0.07155636676169926
82522,0.24345610089243247
82531,0.08633500905648002
82532,0.03646590056990423
82537,0.12184690584484731
82538,0.170038252485403
82539,0.11379260158282904
82541,0.10735001665188752
82543,0.2723695266355545
82544,0.13198444580576274
82547,0.148477283167373
82550,0.04231661200995539
82567,0.09476539826249561
82569,0.05916742432086525
82571,0.10620694798585661
82572,0.3081073580226644
82576,0.07866973402841312
82578,0.07274921440873601
82584,0.20095063245006728
82589,0.08061819183372541
82590,0.050286245062200315
82593,0.0890358556725577
82600,0.10935623683055726
82602,0.05965638676641461
82605,0.206173559406402
82607,0.09912212147342625
82609,0.025483441829243562
82612,0.08858419610565584
82625,0.019131720515366497
82629,0.2377780157889855
82632,0.2474839776060763
82639,0.06842293337451236
82641,0.2846387707455344
82651,0.13649485505471673
82653,0.15700955311504533
82659,0.15446841132181183
82668,0.05767488827841515
82675,0.09377061785703793
82676,0.3346889396074351
82678,0.07608179419137132
82679,0.35179192635432993
82687,0.16899063499207279
82696,0.08393175097157517
82698,0.2671190894101827
82714,0.1194668212526639
82719,0.11592246885527939
82725,0.1246128476692594
82729,0.12354453537834875
82731,0.0963918730448534
82733,0.22271143228981694
82735,0.06407102830898069
82740,0.15510385777885569
82742,0.02102715243606176
82743,0.02807696743723039
82753,0.2509289450663635
82757,0.19849215042101637
82760,0.07602496402204974
82764,0.11094429020478463
82777,0.09469081459906832
82779,0.170493838453019
82786,0.14875668708760764
82800,0.04455769276151129
82801,0.31401670873022175
82813,0.1678783166294269
82815,0.09495059512322236
82821,0.17910374457177558
82827,0.13176224931729846
82828,0.1777095627403164
82830,0.09879760158069135
82834,0.04387284322937294
82835,0.10077973030336203
82841,0.0956306757618778
82842,0.1779624226988875
82850,0.11127200806150636
82852,0.1553261250079356
82860,0.2331131291148586
82868,0.01303995495078522
82876,0.055999178513723546
82878,0.15158283158466576
82882,0.09904902899778949
82888,0.12420535898024192
82899,0.13166115939844042
82912,0.030015765103027427
82915,0.2498925998257903
82922,0.05027432621812847
82923,0.14546406800141515
82926,0.11015323483814164
82928,0.016095786194208095
82930,0.18139663119071242
82939,0.030643698128352655
82947,0.14347766554425417
82948,0.2611986685163091
82949,0.2505468038775303
82952,0.3201557483819078
82964,0.16304837049285636
82981,0.2725382970833843
82989,0.28338642856330354
82990,0.07200873899262335
82994,0.31924011286579235
83004,0.1678521251517976
83013,0.2763079076698888
83015,0.1394799609864038
83020,0.21856816129646114
83021,0.05118537540160704
83022,0.16180495322239552
83025,0.14981683223110162
83033,0.04398937106018271
83034,0.1343546032178695
83042,0.10181036468130361
83045,0.3080438826984841
83060,0.03975661509501835
83066,0.216966658310408
83071,0.050529127418163136
83076,0.08602365335184341
83082,0.05663886569518099
83089,0.2512984995201781
83099,0.1963097382265343
83106,0.17389106169491209
83113,0.07901998220256158
83115,0.05627605289607132
83117,0.1726253599603019
83139,0.1830483821976354
83148,0.023485566876653836
83149,0.3591678114866299
83150,0.04917470718330451
83156,0.14938205525539605
83157,0.35278825626902
83162,0.10945387969734804
83176,0.29721472863277293
83177,0.16010236263403427
83179,0.10148319702847972
83184,0.11002608084250891
83192,0.14839844511019792
83193,0.11234037175851416
83198,0.12860491695958914
83199,0.0996689668401329
83210,0.0718979457601182
83225,0.07245813157935786
83226,0.0853227221285112
83232,0.0197527190376156
83235,0.22370747923074238
83242,0.10308721072042623
83243,0.031123627897794933
83247,0.07203596939048401
83253,0.22979068032624475
83254,0.089561089635581
83259,0.1392733835783363
83266,0.11075093006787758
83270,0.04313072246955818
83283,0.05231664282312829
83285,0.04165339116011256
83286,0.3434494943810382
83288,0.13645170384958843
83289,0.1549645728833446
83292,0.06856222186587628
83293,0.05827077382817746
83300,0.06549391461199766
83308,0.14573932437839968
83311,0.11027092887944008
83316,0.04015531181881986
83317,0.1602531039333089
83322,0.01839654599788892
83327,0.15330505807020436
83334,0.2713050249132796
83342,0.05708714324933143
83343,0.032657822938873635
83356,0.3704763637906473
83358,0.12410930398809036
83360,0.12001687704102147
83361,0.01724882479306655
83365,0.20014667647869672
83367,0.21270482937123508
83371,0.09813676314021065
83372,0.19508383577546515
83377,0.04177111206590416
83380,0.3930594862707716
83391,0.22674921573107734
83399,0.015994659357756538
83404,0.4149556499290528
83411,0.04593993229665417
83420,0.023956338499147665
83422,0.08760584088846003
83427,0.06536957552067796
83431,0.04833153016130896
83453,0.06928655786850078
83459,0.13709374445533107
83460,0.33120456174009366
83463,0.025832102030933873
83465,0.15293520616612796
83468,0.20520105159529162
83469,0.34318029394567856
83470,0.1391761456997014
83474,0.2231798167868975
83476,0.16246212053547146
83477,0.219781362852326
83479,0.053343704188469274
83482,0.13399376474926017
83490,0.07508411317814455
83502,0.05564379121734963
83511,0.2868430941750954
83515,0.09728437484855908
83516,0.1654096825589799
83522,0.1167235591323131
83525,0.08182124055459279
83528,0.09455463067993618
83534,0.20507998642079026
83538,0.18325887718485678
83551,0.07492322518735592
83553,0.2671723043518721
83554,0.19944174529570463
83563,0.05405097567641837
83564,0.2504667820296857
83568,0.10970563076597664
83577,0.1797738176823891
83579,0.2433514141066502
83580,0.14517837755589585
83582,0.12891173312585777
83584,0.17828882137507812
83593,0.20380508146447637
83594,0.15384558176981808
83601,0.03961688185965308
83610,0.09391209200227651
83615,0.06018530109007967
83622,0.051507958067510615
83625,0.10426664875536201
83631,0.07640109673850976
83635,0.26103520230974436
83644,0.14368919133141633
83650,0.14330142803886742
83652,0.09825834881481052
83655,0.030439601748474848
83666,0.06862600970798005
83667,0.02206797563460657
83672,0.09206613838633743
83674,0.16191880831530217
83679,0.10610739998929264
83680,0.1264660731527408
83707,0.1627610806670424
83718,0.1007650804845525
83721,0.08531033603560595
83726,0.08276026741014803
83731,0.08787286209160683
83737,0.09683522588597636
83741,0.22383478798537051
83756,0.04490693840563537
83757,0.14725786104520064
83758,0.14951350628831483
83770,0.11799982559341736
83776,0.3231356097573056
83782,0.08307234012518575
83786,0.06773049036980792
83794,0.06724907429585589
83795,0.07651764560827504
83796,0.1215085530077041
83797,0.036989384987057665
83798,0.06940392184783813
83806,0.38233918083023705
83811,0.3079088757324872
83823,0.06443841385907642
83831,0.03249848043766895
83839,0.1453833005035549
83841,0.1300595239186866
83843,0.02116824565292597
83847,0.13149067357453612
83868,0.02797311232923089
83888,0.17053867593139765
83890,0.07735919027488192
83892,0.0531976672317882
83909,0.05120928173521774
83920,0.0953300377543872
83929,0.04012112652758108
83930,0.18408750781639063
83936,0.12577984815087434
83939,0.042300846935938295
83947,0.025626807288099154
83955,0.03009063206778363
83958,0.2411262398855943
83974,0.06479917443844019
83975,0.05201920320463252
83984,0.16957836520291092
83985,0.11544821456062963
83988,0.02812510414653631
83999,0.09755563123443857
84000,0.20592239587623476
84002,0.07454167572446004
84007,0.06573903351770638
84009,0.2972044457594855
84011,0.07567868074448342
84014,0.0753119017787869
84020,0.25343218570813214
84025,0.10071726883362564
84027,0.15050267373011011
84028,0.09613873219587522
84031,0.026394147460063352
84034,0.11844445964937635
84040,0.12248209537411535
84041,0.06927443603643392
84042,0.06250252869432864
84045,0.11298116216758997
84053,0.05252429045809367
84054,0.060030262544647266
84059,0.12307110226490063
84064,0.1320223594922378
84069,0.2474535562568345
84088,0.26032668482329363
84089,0.027268951965011782
84096,0.08348727848759588
84097,0.10746840333705394
84099,0.06405324456401394
84104,0.058529624743754984
84108,0.12797800184920896
84112,0.12817464386870678
84120,0.10734641089847134
84141,0.5107894375522049
84144,0.27596568071265565
84145,0.0675914285133538
84148,0.19922737640608304
84150,0.03267986653238362
84163,0.10653118742340117
84164,0.07711315427983394
84169,0.041696904433868094
84172,0.17234030535720582
84187,0.08738666218780722
84193,0.2892835714804793
84196,0.26098220368857183
84198,0.08952195954979082
84200,0.24779588494210414
84205,0.15267798039008956
84208,0.4900507390755214
84210,0.103180583954498
84220,0.47592151484978595
84225,0.16804964005793005
84228,0.18879376960163663
84232,0.03561259308976079
84237,0.09202504694612273
84245,0.09407503541751501
84246,0.13422439263681554
84251,0.12292279691559786
84255,0.22716286166438918
84263,0.15054361085965634
84266,0.18745482087980572
84271,0.07279949278450766
84286,0.2901085891866014
84288,0.14281950072473157
84301,0.036157731451809706
84304,0.05216135129745304
84306,0.06096574883375276
84317,0.06099618388015517
84318,0.10137006680793766
84323,0.15925178000526605
84324,0.1274982489880696
84326,0.17580563536433869
84327,0.13116460886663736
84330,0.04510403347310962
84337,0.17000727662732898
84341,0.09951203039680959
84347,0.07154659246921392
84351,0.0984331293869369
84352,0.021550504423223427
84363,0.19506285680438673
84370,0.22609604545308498
84391,0.1682844329286218
84393,0.12726534692462532
84395,0.2724657599051385
84398,0.11327535750622274
84399,0.2414667922926851
84404,0.10858078655518727
84409,0.03915343603227622
84417,0.08074117502298835
84421,0.31420638627217745
84428,0.30009090389863247
84429,0.27972024888607394
84434,0.02567781092445163
84438,0.11598772395997138
84440,0.031300710002613405
84443,0.05975615377098989
84448,0.045238080832372525
84452,0.2515030277842764
84454,0.13270795601206267
84455,0.06495040480868432
84456,0.11920834804861548
84457,0.03757324070759465
84460,0.13595287187331973
84467,0.0892279754840176
84482,0.26985908619711346
84487,0.18427438742068508
84491,0.1491194369203867
84495,0.25273107343912077
84502,0.08582012970590738
84506,0.11930922786094834
84507,0.18665492270212874
84511,0.16211210766478923
84520,0.09184906519192247
84522,0.14736527464457458
84527,0.19850327694950765
84528,0.1547762365293123
84531,0.0977942183031648
84543,0.02341861094842173
84546,0.03612266758986786
84547,0.3018649207267654
84553,0.14540448567987566
84555,0.15422578771450582
84566,0.10087619771472939
84570,0.20081814766001038
84578,0.09540424351512881
84591,0.0368545231492727
84605,0.023973005897550168
84610,0.08251351299780917
84613,0.16682605059735525
84616,0.15197848658036808
84624,0.17895549621793544
84627,0.05463720153017784
84629,0.22112633747726868
84633,0.026946488807501882
84638,0.018467750716358766
84640,0.02183229744510415
84650,0.04231829392922737
84658,0.10587784491546613
84664,0.14940031121263775
84667,0.18114144109689084
84670,0.10902811620222753
84671,0.1841102049465427
84672,0.2017097300704376
84678,0.049053372376102085
84683,0.07662262069843596
84685,0.14676696890322685
84691,0.2954729392329033
84694,0.060435444483058216
84702,0.3434536838718458
84703,0.38398229843635245
84710,0.24986110247042614
84720,0.19734636429814995
84723,0.03664526210971864
84726,0.13746140009236468
84733,0.11182534572345947
84734,0.11574003777783007
84737,0.13004898665906142
84741,0.02588889777286086
84745,0.06467771118299409
84752,0.08246009118429543
84754,0.25231101186353755
84761,0.24309465983964693
84763,0.044961825711138236
84766,0.06779369036064103
84770,0.014069197080458359
84771,0.23571678939229282
84779,0.09096084083637485
84781,0.37944349355019474
84782,0.1459858447938846
84785,0.05183553460373175
84808,0.15481267838071006
84815,0.06246182524555188
84817,0.1834981984272176
84820,0.08551793132959812
84823,0.18938061584377255
84828,0.20033526690630557
84829,0.3169519110344616
84831,0.04041925010380219
84835,0.16522352478980232
84842,0.2860921552982276
84849,0.4595373285731821
84855,0.07159169320421584
84856,0.11052303477028083
84858,0.0628823936170546
84859,0.21084315470741588
84860,0.07525870110558917
84865,0.3802516716211394
84868,0.05954470775808599
84869,0.07613070590261771
84878,0.17185582121575577
84886,0.19142848707220897
84890,0.14470403263309536
84896,0.053760177421765976
84900,0.14231097901325337
84902,0.09889754804212314
84905,0.06754084367136584
84938,0.09856026430881319
84947,0.2417458284861056
84948,0.1889806998389216
84956,0.14847538560285115
84958,0.049584198479481735
84959,0.03508973446563393
84962,0.07022666756847046
84964,0.0651100212379806
84975,0.09021614230663613
84984,0.2671836124048837
84987,0.4295833744096038
84992,0.14845476767573704
84997,0.141281127976728
85004,0.02437063600018491
85015,0.19481113410894002
85016,0.12231561327590866
85017,0.36962703874380115
85018,0.06120613676637272
85025,0.07649692673453411
85027,0.10272042708397519
85029,0.06264620473312973
85035,0.3648323890629076
85037,0.1127002120314069
85038,0.02069496228123015
85040,0.05165589331553406
85045,0.025446891936705466
85049,0.04109464954376022
85054,0.2797990934594105
85065,0.02913981207909823
85066,0.1127810325147771
85071,0.13845733734737017
85083,0.47339371889696347
85086,0.22489682117536386
85094,0.0872161469716158
85095,0.08665568322138384
85096,0.12770892806026932
85105,0.1552009522777881
85113,0.07311341165316476
85117,0.03752972109795897
85119,0.024091142982703227
85127,0.054476004406560544
85129,0.34320824198170274
85130,0.029453264762683215
85131,0.14915508075725287
85149,0.03239224255681284
85151,0.10200859370378602
85152,0.37252786870375176
85156,0.04124208554627867
85165,0.10346537305164553
85167,0.07622847828945603
85176,0.08502194062426295
85181,0.0833437007788446
85185,0.25124418466927084
85189,0.1301735015198854
85192,0.3456745303101107
85193,0.013481638614941047
85194,0.07007004472711459
85199,0.1312245133722594
85206,0.14250953519387138
85207,0.04678267654494428
85208,0.048923212085319356
85215,0.09786415076789644
85218,0.35468899557313455
85222,0.2649231386891053
85225,0.1084716743032181
85227,0.0998703252910647
85228,0.052042557215619886
85231,0.11192866044842421
85240,0.15139350298453502
85245,0.05257118367158288
85246,0.14620948531063097
85249,0.29769649379853264
85262,0.11177829033166464
85266,0.11936671844199694
85277,0.01937929853553356
85289,0.10510285489559135
85294,0.0347091713055243
85301,0.14197853787308967
85302,0.3542350208424761
85312,0.21097152912927933
85317,0.15143358669209864
85320,0.1603702007566495
85323,0.07584768614554813
85328,0.05113754437644116
85337,0.021391856661653403
85342,0.049125468436177204
85349,0.15622798105150734
85359,0.13056398089263677
85364,0.06572699057407874
85372,0.020289125285813087
85373,0.15148255359992496
85374,0.21393766838605685
85376,0.22802761677924877
85389,0.10093874227964925
85394,0.03864496264090918
85395,0.07630013643691447
85402,0.07689085537625548
85405,0.13085097358392164
85413,0.08052684957364
85417,0.18984398147934117
85439,0.15146093158110582
85441,0.026179747599788646
85454,0.18232701904397308
85456,0.03390112675663433
85461,0.0703272397850818
85478,0.039904415364008676
85481,0.059000685730986574
85485,0.2131705927452183
85486,0.11367271875795756
85488,0.1835744509956005
85489,0.39882269969322687
85503,0.06962467181675293
85525,0.35336269229827033
85538,0.1334843982718691
85547,0.1297189132166135
85549,0.043203277172711226
85553,0.2606018130745237
85559,0.03400251174887236
85562,0.23020469367088908
85565,0.08825143252534014
85573,0.18086635457216854
85575,0.0761044204322485
85578,0.08088153143586738
85584,0.09829454549011668
85586,0.4482786358008465
85590,0.08521471048129801
85591,0.16594908441799033
85596,0.1996255218597177
85604,0.05419683889203385
85608,0.36684952980906804
85618,0.0912215092565101
85620,0.04166780569500133
85625,0.1390418422186121
85628,0.21076182967691168
85629,0.09679471956435495
85635,0.03234972196377876
85638,0.06547920455899302
85641,0.2799681541478681
85644,0.02956948287839496
85647,0.03805558769693085
85651,0.030230606302552362
85654,0.12619297353856856
85663,0.22348922341359412
85665,0.05909243162153674
85667,0.06594665812077101
85669,0.08367170903555644
85671,0.2345931002027846
85673,0.09907546589827632
85675,0.07434809608982858
85681,0.03341556130322214
85687,0.16530284753078242
85691,0.014873914097635492
85697,0.05764161712740851
85698,0.15124610672490194
85701,0.1705429427456127
85703,0.19312333601369552
85704,0.07543701397192039
85706,0.19893756961139503
85712,0.032559110062231694
85714,0.09405643059420134
85715,0.23999794092638338
85716,0.056034653746291775
85717,0.12320191477400254
85718,0.08866787788038373
85720,0.07496461912837556
85729,0.06935916485637443
85752,0.054371187760766375
85756,0.08622703361594639
85757,0.1446690452152762
85765,0.23615334366503513
85768,0.19766948080341276
85775,0.020563106747544628
85792,0.03476126959245225
85793,0.027079097494251542
85798,0.05976953293776571
85800,0.16462006998313752
85803,0.10657350220260488
85807,0.06322708827573172
85809,0.18653181913072858
85816,0.09826355897753605
85819,0.2050289021727014
85820,0.07859630338939454
85824,0.2874290060427879
85825,0.11673601374671665
85831,0.14446657248981895
85841,0.08753924509109148
85847,0.17865577906062363
85861,0.13379285137810037
85865,0.31565089301005717
85871,0.10580454622612095
85876,0.07032471542624708
85880,0.22375268036912468
85885,0.24025502483009825
85896,0.05801418107427079
85904,0.12552650730400242
85909,0.12438128897846168
85918,0.03498413367744328
85919,0.09578134405232315
85924,0.18898146401215843
85926,0.06152900857325103
85929,0.16011324976585042
85934,0.06878211738452214
85936,0.24598276020208082
85937,0.13775387606448017
85944,0.09360058966403223
85946,0.03866185340860121
85953,0.16008193356009537
85955,0.07125683352540563
85957,0.33126216125535346
85968,0.3455185533350356
85970,0.039326869155468416
85972,0.011792280304914348
85974,0.16213597317016504
85977,0.09472898534607921
85983,0.051910246800095046
85990,0.0643499737697508
85991,0.08835925943577072
86002,0.02275689926471594
86011,0.04820559875072459
86012,0.16292508667111918
86021,0.09102565575831241
86026,0.10976317483859739
86029,0.21103112919065342
86037,0.12336690516632295
86052,0.16326412553960368
86055,0.14474643318868907
86056,0.13422515278341207
86061,0.08397175581035843
86064,0.1455657993740556
86069,0.0602652242244736
86075,0.1332012628658999
86084,0.09588558634079108
86113,0.12394239016637412
86119,0.07607038107059003
86122,0.051953207969210664
86132,0.5643955456866441
86136,0.22692198188651444
86137,0.03637759527761934
86140,0.18622443617068055
86142,0.16762834478990243
86144,0.12445511650922456
86147,0.1430277896375377
86151,0.018464390287502182
86152,0.06006024488415014
86160,0.09461676446645925
86166,0.1535015376787465
86177,0.07995605226343204
86182,0.028674963587337624
86190,0.08248508292671371
86196,0.07368871033299801
86200,0.2890623161152367
86206,0.028414226701942946
86220,0.029496841177791232
86221,0.036056849518592955
86224,0.1149741611627477
86235,0.27491041926398274
86237,0.09961614628004231
86251,0.04363370460223457
86255,0.0793305535767354
86258,0.03235984567300932
86260,0.032016678097126244
86263,0.08738877781063019
86264,0.03011277832885848
86267,0.03498922921715391
86270,0.18311821172287346
86272,0.2839101714554164
86276,0.3199512480544472
86288,0.03733562017406542
86290,0.21507448460762554
86291,0.049967098476695594
86299,0.051637027098757844
86309,0.10934686112880872
86314,0.14803871819124953
86322,0.25550633436008824
86328,0.09467916448759187
86339,0.13912490214198592
86340,0.05317180790658068
86342,0.1145135760835167
86343,0.12641835813497754
86349,0.05852028962961824
86350,0.09324053978788203
86353,0.17136006979969165
86355,0.17065111707164732
86365,0.02567186547610868
86369,0.20835041523096876
86389,0.05419317492369105
86390,0.1575599313080951
86394,0.03112644459268715
86401,0.08264417136508971
86406,0.10785626728552974
86407,0.3254382266633972
86408,0.02994738591361891
86414,0.09584720830278617
86415,0.08455214716419264
86419,0.2801728194326381
86425,0.34651490130115464
86431,0.08402139514440578
86443,0.04277683984864742
86445,0.09157859633768752
86448,0.060299690165711135
86450,0.06868800537422992
86454,0.21216305856528384
86459,0.11655434936061279
86461,0.07747859677135119
86462,0.3545586468313572
86469,0.21363925430052175
86473,0.1281949432677708
86474,0.08394434165204372
86475,0.026629583133985744
86478,0.12524371633515996
86480,0.1513022414084995
86481,0.09234672212591342
86493,0.18706611412799215
86494,0.1294179475946483
86500,0.052450961482751676
86502,0.051665878716891225
86503,0.1348290119016222
86507,0.3071427202067214
86515,0.15784449747746326
86519,0.1813184858103327
86520,0.056748968590222035
86521,0.059287306966973
86522,0.16750381567167702
86527,0.04182310534184265
86535,0.12345372686472335
86536,0.09925949841037261
86537,0.11611870917406279
86540,0.09720807945268455
86543,0.2654065278558377
86547,0.10441169349424258
86549,0.08321508951682362
86556,0.11975354986690206
86558,0.10023752836817672
86559,0.23328521880797184
86561,0.2765406420080626
86563,0.15468458591915712
86579,0.2632248381283087
86580,0.24871541442826509
86581,0.18927759507039316
86590,0.14910315204732072
86592,0.14570538037709918
86602,0.19740916997458852
86607,0.2288608378096049
86611,0.0452341901402557
86618,0.0566273817725854
86621,0.12981625834994945
86625,0.07853564460000087
86638,0.15434297565353536
86639,0.04417780094663907
86641,0.0938255152480792
86644,0.07203849238554763
86646,0.32275632216640354
86648,0.23114132406758298
86649,0.12138891555528356
86669,0.21854403694799068
86673,0.1322200864122321
86696,0.15017975456031918
86702,0.16858233598660782
86708,0.20432722891322835
86714,0.04940883533547443
86716,0.027238191292891803
86717,0.023059714600268216
86723,0.1104342760999996
86729,0.011303665510449847
86730,0.1611227497311543
86732,0.3620383927289166
86751,0.17701475563039573
86763,0.04691111693927694
86776,0.19799137442979375
86778,0.11296337710222538
86782,0.13850274708538168
86785,0.18487830131136873
86786,0.12920781949930918
86788,0.09998281538728022
86789,0.16538840541978936
86792,0.37206410578441945
86801,0.22738623616204884
86803,0.17694299443765568
86806,0.028002624717991264
86814,0.07815782005900725
86832,0.18583123986875305
86836,0.07466678886378507
86841,0.2750906975313697
86849,0.026452370700985356
86853,0.16603326521181072
86856,0.12306721254683786
86858,0.33332238711028617
86868,0.1781230740031235
86869,0.2962946858303926
86870,0.13814115080224362
86871,0.059588019563235416
86873,0.09452748194663625
86880,0.20971586449325344
86882,0.026903894089154053
86893,0.20987621838752898
86894,0.2426672768183604
86896,0.2079945018881353
86899,0.32899172878927063
86903,0.07202194657831161
86905,0.1412423964266627
86908,0.05328977022706926
86912,0.07302670699163713
86917,0.1236486618128148
86923,0.3214701538030758
86932,0.14062618237407415
86933,0.19893941084625574
86934,0.05214123585010573
86936,0.09329368745323739
86937,0.2843847820979706
86960,0.09745357173860762
86973,0.03296623871044284
86976,0.12348038055934187
86979,0.06235356411178885
86984,0.2584181310058493
86986,0.2540703169930902
86989,0.020357843059850982
86992,0.16146791327467067
86993,0.10050583286674124
86999,0.09901144761135255
87000,0.03160491545691396
87005,0.05453902061328172
87006,0.22351496838936946
87011,0.12303880985764518
87014,0.24188405374324592
87016,0.10079105802057653
87017,0.10026301412920129
87020,0.4078181722130655
87022,0.07969001649165049
87026,0.08923627709211997
87031,0.034091113873357365
87059,0.022317892986482873
87060,0.08895940825314642
87063,0.050495083234291874
87065,0.17313002756702597
87073,0.035581172437349796
87074,0.08524909271032743
87091,0.05433305201018259
87103,0.10765724766791132
87105,0.0735505617936858
87114,0.05395714409574443
87117,0.1925236434093275
87118,0.04543093108385325
87128,0.04327632891383963
87129,0.18784454588236987
87138,0.13882470750239073
87139,0.1168031465896546
87143,0.07228436870783582
87146,0.08368840409324814
87154,0.34567309694857623
87161,0.11411402481821344
87162,0.0825904056386552
87167,0.6015032551872671
87170,0.26085979205213217
87176,0.16092633053522667
87191,0.1092871494969503
87192,0.2525421867503033
87193,0.1101150118142892
87202,0.1543554970483836
87209,0.040224429614364975
87211,0.22738264397231253
87213,0.14340151957801675
87219,0.2308104841524672
87220,0.32524226109413246
87222,0.07226880236341389
87224,0.02039136182433975
87227,0.11202865943475437
87233,0.07656553663767043
87241,0.22255710672566742
87244,0.08616721905005477
87245,0.11853448028390855
87250,0.056587090252053045
87256,0.03526409580393662
87257,0.15618897995589257
87272,0.18729706317859218
87274,0.19416514999334794
87277,0.10275331783417156
87281,0.08742210668415121
87285,0.07406957011535586
87287,0.04601436750736947
87293,0.09323745449744088
87295,0.0871454093972008
87299,0.20746017523430663
87300,0.10862002165333692
87315,0.1720310869633647
87317,0.1171068895324898
87328,0.1045761130514352
87331,0.14301727865177563
87335,0.12397838237923132
87338,0.06588115024355619
87340,0.18983386698983865
87341,0.0562532180258495
87347,0.038760963864121055
87353,0.12520333831652714
87354,0.023209023141213436
87355,0.10312173495505074
87362,0.04872320060816515
87377,0.04338232787363282
87380,0.048880017629463916
87390,0.033795925693858704
87391,0.0980487796821708
87400,0.08980769292953587
87407,0.058210626287475524
87410,0.13142808122357827
87417,0.1470476793055087
87420,0.13385471318436823
87422,0.15321949696375822
87427,0.1118370018753391
87433,0.08830589930351916
87442,0.1205111146599434
87452,0.07152841336853545
87462,0.18840204133391034
87471,0.2551522288065845
87479,0.10845092430450853
87481,0.0367737450921554
87485,0.30461476559846656
87491,0.45673373389202004
87494,0.06627241191609046
87517,0.04391448979691268
87520,0.06089304946440201
87525,0.03528336527099614
87532,0.07585810165970869
87536,0.05841345764420016
87537,0.22397911465023312
87538,0.08016359542667732
87542,0.0675052958629386
87544,0.04018104100046977
87549,0.07161548506190131
87554,0.06829856193158083
87556,0.03405946257126292
87558,0.10212892331184374
87562,0.17657768144930724
87564,0.08709699536804798
87574,0.11844231593610066
87577,0.23423162837300904
87582,0.19165131039295213
87583,0.07625573992896251
87587,0.02984720335291378
87589,0.30131613740674185
87591,0.2377661894702335
87592,0.048363624521542324
87594,0.04011277843988394
87598,0.13303209791497905
87601,0.05480094248667755
87602,0.18297100344140363
87605,0.13989592891954117
87607,0.12391609522074205
87608,0.16316482039878738
87613,0.2769571719800221
87617,0.027494468575957776
87618,0.06108234576948281
87619,0.15157632231139387
87623,0.0922025167401667
87625,0.12169363961449878
87627,0.1759328727253398
87634,0.06280851269377986
87642,0.054456721328185784
87643,0.20481832636455435
87646,0.11139863121382357
87647,0.02705112675895583
87650,0.12891747430910272
87655,0.15059035893695402
87658,0.06474009508862025
87660,0.08499593134496683
87665,0.23170056408401218
87672,0.32269552080581915
87673,0.1281345648269427
87675,0.12409010673167964
87684,0.0916804564421322
87692,0.18997300331127986
87698,0.06431829011848494
87699,0.17855257205314004
87702,0.025345414934162737
87716,0.043314746458706255
87726,0.18959387948654668
87730,0.03623840188476037
87745,0.03993682028412449
87746,0.1745214079862116
87747,0.3380468951498915
87750,0.20097239027411354
87751,0.1681384964779814
87761,0.021574391967797275
87762,0.03048473870128804
87763,0.04624164500843739
87767,0.19612970611268213
87769,0.08345699855986369
87772,0.16457761812276056
87773,0.07467878661754017
87775,0.18752799117355362
87797,0.1132625872280002
87808,0.13697793466989494
87810,0.12045971090519038
87815,0.028517934870507283
87819,0.0758282358648994
87827,0.08652494865996681
87834,0.0560972372296341
87841,0.25793088583946444
87843,0.042373955036423876
87860,0.02473847458616661
87865,0.12539219266009888
87872,0.06636788192312526
87887,0.12386589016372442
87894,0.054398813342944385
87907,0.09870002962020782
87911,0.10170538044703265
87934,0.09115441244346838
87940,0.18290807949029453
87942,0.0888518707200155
87950,0.27130980768453583
87958,0.031028723366752376
87960,0.11428134432280035
87969,0.22382103456688035
87972,0.04954210275735519
87984,0.07935451446360872
87985,0.2579786119958295
87986,0.02472058275009537
87989,0.17271754868974487
87990,0.043256191598443156
87994,0.1473936203121498
87999,0.06119220229005417
88002,0.07584253721670121
88009,0.1803911961518896
88033,0.27105901745540406
88044,0.14815452101084522
88052,0.028112488816594727
88062,0.09574366711493437
88063,0.21255259560947037
88072,0.09447882636788021
88085,0.1933159077327302
88086,0.056881142689861025
88097,0.2388951159750201
88103,0.04555988215302822
88104,0.15592829119838386
88111,0.1010582271458953
88114,0.35054963339351486
88124,0.04739392614806421
88130,0.08765563016712483
88137,0.20532343385401675
88138,0.07630245472666196
88149,0.035315928743387244
88154,0.1963808178653731
88157,0.06968257446775696
88162,0.1163741275736822
88163,0.06372046257743211
88164,0.17912653462421238
88168,0.07171446462310001
88173,0.07731615145625628
88178,0.1495517579046475
88179,0.07725902458427328
88186,0.12814529009921868
88189,0.17269996366654733
88194,0.1438111119259686
88198,0.0829029560993645
88201,0.042708689238423955
88204,0.08692724789769309
88208,0.07181872419619367
88209,0.03609334690699955
88213,0.17178188282472273
88223,0.04058232843442257
88224,0.1854127482250781
88229,0.1558316112339273
88236,0.22410757068193282
88238,0.13218045808088025
88241,0.12894278246378102
88243,0.04255325427111458
88246,0.06410510796702072
88248,0.21930289592975932
88254,0.13142993385430574
88256,0.1175274503845545
88257,0.032690567007225994
88259,0.07329471881278254
88269,0.18579834328152978
88274,0.21157759699843315
88275,0.1695114581930814
88279,0.16150985476162355
88282,0.13227858444138155
88292,0.09820796548102953
88293,0.05559524500174028
88295,0.30662347353425456
88296,0.01797006577599653
88299,0.09419028342150229
88304,0.18836370042256367
88307,0.07163319398560795
88314,0.12469206425811684
88315,0.057459891247942846
88318,0.09876489814538945
88331,0.10061590664570888
88335,0.08002099036910836
88339,0.31337692002060424
88348,0.031969532012551094
88350,0.09895859484137241
88371,0.20750398376862667
88374,0.22654048898511067
88375,0.23157543044270723
88379,0.17895478990815472
88383,0.33640523587513477
88384,0.05925192202654401
88386,0.05731659456834104
88390,0.14083737181242828
88391,0.03809549893378035
88395,0.1308782866865842
88396,0.07359137851780855
88397,0.11368668356984066
88406,0.15808323447341632
88411,0.2660263990244293
88413,0.08953736829963183
88430,0.037218076893964336
88435,0.06382236742774916
88437,0.21650286413089248
88444,0.024649859196082785
88451,0.025969802311252205
88459,0.12385856736352172
88460,0.11235981607241269
88467,0.12770083026998783
88485,0.4571618411443931
88487,0.14665778390303574
88500,0.06745473423171809
88505,0.10923109992958452
88506,0.10807350680010877
88513,0.1853267686756807
88520,0.15496844447679772
88527,0.1535960254645531
88528,0.030581076728223782
88546,0.26955862375933237
88552,0.017199327972849697
88564,0.08344100833123118
88567,0.14833191199790513
88569,0.04224467916088909
88572,0.10030280549254249
88575,0.28412021827428563
88579,0.06138109679935836
88585,0.09955246135513524
88591,0.1375067392611468
88595,0.0456557464394506
88596,0.23800427673145896
88599,0.07742804683258614
88605,0.17278299271932226
88608,0.34691078100601824
88611,0.1037603570964733
88617,0.09512131131248758
88619,0.08209831190471746
88622,0.2668270587941744
88628,0.10855191151164666
88630,0.03838828904750968
88633,0.11100447434261365
88634,0.3677813245684851
88640,0.16543889713420123
88643,0.2342018552718005
88645,0.06414979828982913
88650,0.03274847518015112
88655,0.40774910400526043
88656,0.07871072056948865
88661,0.05464832094716833
88662,0.18326310471988758
88663,0.04124203642037182
88665,0.11593965027263398
88666,0.11127218202406877
88698,0.1800608181398686
88700,0.05886120867539971
88704,0.19684448686099107
88705,0.07300433133219128
88710,0.12096542805529543
88717,0.2644326987791196
88718,0.05120152810671656
88723,0.035672749990271514
88727,0.22902301536316705
88728,0.21457643391670694
88730,0.11679680281625096
88731,0.021537781443515366
88732,0.19345611140265828
88737,0.02436519543210179
88739,0.15725709197094265
88745,0.05722224398443765
88746,0.36334521798066366
88757,0.05965252947803125
88766,0.09488900343925588
88768,0.11885693423494115
88769,0.07364016397365722
88772,0.07461702632550753
88773,0.09766808811961344
88776,0.21050866624016465
88783,0.23086434160822308
88784,0.12266036377430665
88788,0.13906823126019568
88791,0.073171220963727
88792,0.1583523483384764
88795,0.03746987032166403
88797,0.050126210580013285
88798,0.06438403182377596
88802,0.18841096959992984
88809,0.19869009930777976
88838,0.13310977553028494
88844,0.07129239672817937
88857,0.09728345753478433
88858,0.21807416921132822
88869,0.05376841312528195
88879,0.10338704041584351
88886,0.1076118146853075
88892,0.10716507174488209
88895,0.2099983074343117
88899,0.059180902081862725
88903,0.06525058763506235
88904,0.19751819560609235
88910,0.07348978627515186
88914,0.09187588042456664
88928,0.023837433625312886
88930,0.21178899239053195
88934,0.04267519737280172
88936,0.06205761150424494
88939,0.10776999133487339
88953,0.1318867713976745
88958,0.10680661934788285
88965,0.18175064885158002
88967,0.14366796369901155
88969,0.07133091659699067
88985,0.05959704380320459
88996,0.08501150018613397
89009,0.17905352354005688
89023,0.10180246678642171
89026,0.26980654589250647
89035,0.029908697660920622
89038,0.05581774496099573
89040,0.14183701650881364
89045,0.1509037869098539
89055,0.05549362178654851
89056,0.11676379364583284
89066,0.23026359226689555
89068,0.3220522607017587
89069,0.09187229244107638
89071,0.23482936046999095
89073,0.11809441898831034
89076,0.1366621482497426
89084,0.04006659571343935
89092,0.21600166251618125
89096,0.13119491250911294
89098,0.056622012353205194
89108,0.05729402744931116
89112,0.2274118767447544
89113,0.06675243418518562
89123,0.34904630415881105
89129,0.1585520731773769
89136,0.0707787645170192
89145,0.10551184008060752
89168,0.11922899478638645
89169,0.04554991412492195
89174,0.023838424607670657
89184,0.10746324988176643
89188,0.1969873739580987
89194,0.03619487340517049
89197,0.026242228090653682
89199,0.03462358434925474
89204,0.25733555820756776
89210,0.0690620412665447
89213,0.03607081188105554
89214,0.20042950263271417
89220,0.1895893419137377
89229,0.02227897550089224
89239,0.03903511152383096
89241,0.05994901231681726
89263,0.038902585854524434
89268,0.2206625793401678
89271,0.2519710793441059
89274,0.13622029883681055
89278,0.049182247132342476
89288,0.11861004903491223
89290,0.13796864931456476
89297,0.04535709229235669
89298,0.1203600896811276
89300,0.13318115191206584
89302,0.36883230328579353
89307,0.13216036096109296
89311,0.29613757491431436
89320,0.08905844149656283
89321,0.025375852147776094
89325,0.024301192990327704
89345,0.17804695451811883
89350,0.19339102537924124
89351,0.26918468980907856
89355,0.13927532568402032
89360,0.04502499259751033
89362,0.09650339639700307
89376,0.1493097775336449
89380,0.03591144401112397
89389,0.022909998612078795
89390,0.013707933522605128
89397,0.05792786880544086
89402,0.10509186937878484
89405,0.10168267308874734
89416,0.020088051212700984
89418,0.08456842490960825
89423,0.07322888023270119
89424,0.06967226299043851
89426,0.07203354238136674
89428,0.04743700977736987
89430,0.3574438306165417
89433,0.25314459146495055
89437,0.06900574505024158
89438,0.05311467545526267
89439,0.12730902478841957
89444,0.20428228283744587
89451,0.02901098352285134
89453,0.11702793104708314
89464,0.037179909432749736
89471,0.0516502657173823
89474,0.14080500320215783
89479,0.07644664060747557
89481,0.3247407940402989
89482,0.163691831830462
89486,0.08981237656394822
89488,0.21030224300711273
89494,0.08430926680495866
89503,0.19147688590127407
89506,0.1982880510774487
89508,0.022139123670975456
89509,0.05164246548171208
89513,0.08424922835250903
89517,0.05567131597488587
89519,0.11507307930838186
89520,0.1181087091065419
89528,0.12775990434873072
89531,0.20102139386515083
89534,0.03337401623243264
89535,0.20470620969193218
89536,0.06068286091098221
89539,0.1907649308130561
89544,0.10632580759652792
89553,0.025718706188209275
89556,0.2484326381717036
89561,0.16476553021073675
89573,0.11069984889383647
89575,0.06218161325801855
89598,0.035083277387996
89600,0.19115903602126
89603,0.1589268883033133
89608,0.07486638807914803
89612,0.05285884789336566
89615,0.06129533876354208
89625,0.1817985318766691
89626,0.0434103128899259
89634,0.10066254122912341
89635,0.03252480063409298
89636,0.19104947173284162
89637,0.062439134668691665
89639,0.31520643222553824
89641,0.20248148468475285
89644,0.030321465158011512
89646,0.40804845121365635
89648,0.1838640817711955
89653,0.20926495855548305
89654,0.1636449661089735
89656,0.19563749398159175
89668,0.16305191013272988
89669,0.10449995232004992
89670,0.33611506003732083
89672,0.13399541975961762
89673,0.17766765215142646
89678,0.18593201702140566
89680,0.16849214380650518
89683,0.07209304749393566
89702,0.02520427744376744
89703,0.07655176107597966
89704,0.27462927785760033
89705,0.2721754844561924
89707,0.2195937176152826
89715,0.023137848735937695
89717,0.09716717143268555
89723,0.08652072942370331
89727,0.07781766502833778
89730,0.3055309794486593
89732,0.02398472987354137
89734,0.1449758564411522
89736,0.07898723507605018
89748,0.1708979345520788
89759,0.3573620468248325
89760,0.2490726797142429
89761,0.19998466959125963
89771,0.11203904171638661
89772,0.021146933756989825
89774,0.02817591564725791
89790,0.0799816976442101
89799,0.1388538325291669
89805,0.19073466520567037
89809,0.3210200093547348
89814,0.13988161396959645
89818,0.05268806936530436
89819,0.0580273422416869
89824,0.03325745744211457
89833,0.26218541967115294
89835,0.06946630683590856
89837,0.22046289459678095
89841,0.1825184544692891
89844,0.15075276698465923
89851,0.08147381028910808
89852,0.13846021221400492
89856,0.11939478508976269
89867,0.03949411685798699
89875,0.10449679773500976
89879,0.06380615378817457
89894,0.15992660196099934
89923,0.07062161314755822
89927,0.03361407760332257
89932,0.013836171588530692
89954,0.20244809405841907
89957,0.05312597013590997
89960,0.01483719960891232
89968,0.017366121751310703
89969,0.13434516320770898
89972,0.12802659380638334
89976,0.30644759343076255
89977,0.10829860597481324
89987,0.32224604258841527
89994,0.060426986599328
90004,0.06072893808298864
90006,0.06738489528767036
90011,0.1278094343784086
90013,0.22294698625063736
90021,0.14950510999916103
90024,0.08313170232614162
90031,0.10979324856558632
90032,0.09282845525692042
90048,0.03981216700131018
90049,0.07173474060740276
90052,0.03878346106923303
90057,0.22099853465490904
90058,0.19308152756852975
90059,0.06579001565721665
90062,0.2442603134333895
90066,0.06361583101993622
90075,0.1907014580057326
90076,0.10168230565432307
90080,0.0418134557065615
90082,0.07587380253983017
90085,0.05876958093051858
90090,0.11089807284491612
90096,0.08433930250446289
90103,0.13489132669220982
90122,0.04063472492830751
90125,0.18658750413024178
90128,0.15644978143637872
90146,0.06591785654352449
90154,0.09189066919410577
90164,0.014199772452777875
90169,0.05175554904983912
90175,0.14361487526141314
90178,0.018328885024830946
90185,0.19047770152979704
90186,0.10921183462564263
90189,0.07728996114386062
90195,0.17493625943429444
90206,0.18600139740896476
90225,0.03287594020334725
90226,0.09457419959846948
90227,0.08434612060594565
90239,0.17963193942245537
90242,0.2060554736032723
90244,0.19099293858832245
90246,0.16413739977280137
90253,0.14411182873574171
90264,0.03517537708018864
90271,0.2133541085500449
90282,0.1846251715870048
90288,0.04223251832899087
90290,0.06425877510063227
90291,0.14439899443467177
90293,0.23266555614990195
90294,0.04920971524628968
90296,0.06816603973800438
90299,0.13941250188059753
90303,0.05457317001090434
90308,0.04499631311441571
90310,0.1093896575291653
90312,0.03372786621351451
90313,0.05342116332815943
90317,0.09752914527533721
90324,0.2726567268788025
90325,0.10871917275046554
90336,0.09668161335230624
90338,0.027632919956544266
90345,0.10580138421118992
90347,0.03613448667995809
90348,0.23197891970718873
90352,0.0739370325079061
90355,0.05843585684946417
90357,0.18857761195600906
90361,0.292242121241245
90362,0.12785851325628111
90363,0.09283031314790152
90368,0.04797260846781028
90370,0.08477664851705294
90374,0.08680490040921257
90375,0.1671108142230334
90376,0.04213843580592535
90379,0.18549281690909325
90390,0.12077029378127709
90392,0.3160342175609686
90396,0.07158048262214575
90399,0.15884549668988523
90400,0.20430629372177514
90412,0.04368361204467947
90420,0.037187533192335406
90424,0.07657523380506948
90425,0.0814974331821118
90426,0.11009593958919028
90452,0.07334500552002726
90456,0.4720559872271146
90458,0.10846493505896196
90460,0.1117957835307698
90461,0.07459309176454675
90464,0.09809137415754898
90469,0.2117992689557761
90471,0.10764904587286717
90478,0.056159553401711325
90483,0.11692267334881384
90486,0.18259994089546616
90498,0.09145504766428764
90500,0.058898866652314905
90509,0.20879994542200347
90512,0.10599833594654584
90526,0.08551041618281689
90536,0.26913233882802823
90542,0.04198612910533594
90556,0.0816698274170561
90558,0.036639420529502705
90560,0.09903776966205935
90566,0.2127444543656927
90573,0.14487514511695612
90576,0.04755559610458563
90582,0.021428983775404708
90596,0.06667767745273406
90600,0.07606519125566717
90608,0.06347799568895758
90609,0.27008900003291414
90615,0.11758893723119483
90617,0.1228997172596478
90621,0.05741148031165184
90622,0.09273490913343027
90631,0.10471719542394822
90639,0.2881753196529324
90651,0.12111309350034252
90653,0.10728649138897797
90658,0.10256228397842156
90662,0.06391694254538145
90666,0.042923322468900973
90713,0.05851379709228465
90716,0.03988256707638711
90717,0.054113168920170936
90718,0.1365158330055531
90723,0.12782102699118852
90730,0.08690333079217512
90739,0.03898697922415406
90740,0.25745818458451275
90743,0.04428196996373665
90745,0.09473765863584234
90750,0.09038676798758709
90758,0.12695435759985624
90763,0.07424300795281247
90767,0.0973545006743309
90774,0.0337290386348595
90790,0.029996177520600673
90791,0.11920259811577785
90795,0.023777486653673963
90796,0.25348968854786597
90805,0.21214490495863705
90811,0.08998016673096841
90812,0.3275252916563599
90813,0.09707643069555162
90833,0.14121107796915183
90852,0.03883877253350855
90854,0.35793266728859113
90871,0.19406761295360694
90874,0.147549957502447
90881,0.08887451905684127
90891,0.04702114786047838
90893,0.028385895013976734
90898,0.07938376420814801
90900,0.1332097014871158
90911,0.15797582847376546
90915,0.1033256859333249
90920,0.15953034637531546
90921,0.26916374450742736
90923,0.2267911316699004
90924,0.40569181747160815
90925,0.04553471309310656
90933,0.12899895937911668
90934,0.20382545884371062
90936,0.08008639118155192
90943,0.0825789835617704
90948,0.07459208693289197
90954,0.02406294142320416
90956,0.17598680710903997
90967,0.18249529361337435
90971,0.0834202330940501
90973,0.07354953604292218
90977,0.074185029757171
90982,0.16288425890826352
90983,0.13091656828165263
90993,0.13218619673044857
91001,0.08970602215808599
91005,0.06446929094934771
91008,0.0837988867153453
91012,0.07254218995744051
91016,0.26406786393290005
91018,0.343197519845541
91021,0.18540929589306598
91031,0.07264331190760372
91041,0.13093794138510775
91044,0.04792730600895859
91048,0.11275331711091134
91067,0.17904685187913308
91071,0.08687206208973988
91078,0.0736908292590152
91083,0.047318768685882
91085,0.12393659369129804
91093,0.04144251072962281
91103,0.19253379006004162
91104,0.16060732940272648
91105,0.12820977773968123
91108,0.12142209134174253
91109,0.21989494758242425
91110,0.1857254148246011
91111,0.04591945041324936
91117,0.02456952781070828
91118,0.15506382487799525
91119,0.11312962335993473
91120,0.1368466142845934
91123,0.15335578054377405
91139,0.06717312225710803
91143,0.0916856569344702
91144,0.11264714967106466
91145,0.2093779670146688
91147,0.03568143895550386
91159,0.29124842545802765
91160,0.04686895083504085
91164,0.13795108251078209
91165,0.26064808045495164
91169,0.1248316433923306
91181,0.07837280207870549
91184,0.04553062461798496
91194,0.14832732294698137
91198,0.07144697529889253
91199,0.13641083293444664
91208,0.16784743071197863
91210,0.11238699127918768
91216,0.22177142465272784
91220,0.06415948474703295
91235,0.05600209651202703
91236,0.07964708033490221
91256,0.02274726486499684
91267,0.21462127946753992
91273,0.11934016195692711
91274,0.08101322621293297
91286,0.09281921743460614
91292,0.14806639265612534
91296,0.17814139328526168
91299,0.1553486235810923
91303,0.05355662325401197
91319,0.0728296910358015
91322,0.08461824770670093
91334,0.11421952006386674
91336,0.07149001906166434
91338,0.12653425403985766
91343,0.05198907689975516
91355,0.22040213302876988
91363,0.06640803656505945
91364,0.0587465089710973
91372,0.22416877518524925
91373,0.07214898303039552
91379,0.12472671205782018
91383,0.13551813304688196
91386,0.03881347966849716
91387,0.02498007857284476
91389,0.09869031681880512
91405,0.10060126222045833
91407,0.04432899199921564
91413,0.291085843499241
91417,0.1651759103406041
91419,0.09028378863977428
91423,0.1111902400386421
91442,0.2843335738245418
91449,0.3608831186500692
91450,0.06310538851015568
91457,0.34975827822999983
91462,0.2479321464467519
91473,0.15385239097291487
91474,0.27745129369364385
91481,0.29961632776853975
91498,0.10050667918196662
91501,0.0674647229848198
91502,0.3327917540321326
91506,0.07253563032613232
91516,0.27968095344565536
91521,0.10867261980664952
91529,0.0730925305538954
91530,0.45714799966172304
91538,0.13546870888391163
91539,0.17524358137981422
91540,0.10887269809804018
91542,0.2574100515565717
91549,0.14532793645029105
91553,0.13074720100107315
91555,0.1615874193720655
91559,0.320884183214525
91567,0.11314854577156726
91571,0.23488349224140184
91580,0.06841151695982378
91581,0.06320302105551753
91582,0.07627177336143924
91590,0.20690224526608747
91591,0.053445849587913215
91592,0.17249474936401024
91594,0.013466494046581498
91607,0.10150102734058833
91609,0.14328250771347883
91610,0.05090755825394999
91613,0.1857211688261581
91629,0.07561714869910016
91630,0.06438467193572811
91636,0.11529095078147063
91641,0.06453739826875121
91645,0.1042181699561613
91646,0.04312873083735197
91647,0.06322057520354019
91649,0.19724282744550614
91652,0.04962970160068127
91654,0.15157445772338654
91657,0.15376784748461664
91658,0.05060564087989106
91662,0.20617194323388696
91666,0.18222742104010428
91677,0.24965632637865923
91680,0.03771900364963908
91684,0.06392257427301527
91692,0.08224045369259303
91694,0.03014284819144407
91704,0.15324957983354898
91713,0.10969746009474578
91716,0.17471538344093326
91719,0.08763831042501966
91725,0.08341278420722337
91730,0.12318610348524063
91734,0.09580422069796053
91739,0.04603650054199259
91740,0.09734926968559071
91742,0.06481641459142476
91745,0.07977314188839905
91749,0.3071341632212413
91755,0.12688649718461825
91759,0.19575557004168243
91761,0.1465092124930734
91768,0.20210067761936776
91771,0.09395395483165349
91774,0.019274056198920836
91777,0.044839179060734494
91779,0.11571687707694213
91782,0.074647077070045
91796,0.14888657807407946
91798,0.05982964209356027
91805,0.19004432664798845
91806,0.08964781573089481
91808,0.08142291844863545
91814,0.04727075883382776
91815,0.06079108551423732
91816,0.1311040016327481
91819,0.03211333122267183
91820,0.11673457404997759
91821,0.20589058292462478
91837,0.09068400520943593
91839,0.030324322119362934
91845,0.20091179360780706
91852,0.11357921089158474
91866,0.21964177574763605
91867,0.32197109512849836
91873,0.09228513181625798
91874,0.1290620830410848
91877,0.19534707846468163
91881,0.0939113003853237
91882,0.1697585661483714
91890,0.1154209436740212
91900,0.0704830078316922
91903,0.17169914347733128
91905,0.060626191914777194
91920,0.05139160492532358
91930,0.015049765353903378
91934,0.29225165281750454
91938,0.049736277918801954
91941,0.10289274859115644
91951,0.11275701936579119
91953,0.33620286193374904
91956,0.06342416697805855
91963,0.07024778546057982
91971,0.2675169331716235
91975,0.05924174949598117
91986,0.046850553349139214
91988,0.13961614927729615
91989,0.1257782559453842
91991,0.20538266964655344
92011,0.09999421734871086
92012,0.06886273161620561
92014,0.14111685585143185
92017,0.02161470953842038
92019,0.15169479787545298
92033,0.0909694172753859
92034,0.3622032788499581
92035,0.2862657266396148
92036,0.03922324325394518
92038,0.31615226783500683
92043,0.06667026991768155
92045,0.059581717400634726
92056,0.054323925215482426
92057,0.16997069357501307
92065,0.023012706041473496
92068,0.03623001568076221
92071,0.09854291560241321
92077,0.05797625077673115
92079,0.021681373429177125
92083,0.03544714612336058
92095,0.02096567877503829
92098,0.020784374107446636
92104,0.1087242083351136
92106,0.09915818121039775
92109,0.05026810176291444
92118,0.21738908212836355
92128,0.03575097686997884
92136,0.06000618110440645
92137,0.12457543179121054
92143,0.09459259683480076
92161,0.11605626656626694
92162,0.036379946105539726
92167,0.07017445339362242
92175,0.2997121611717585
92177,0.09196570810822352
92178,0.23711169376389174
92182,0.2759547599138706
92185,0.23133855393555638
92189,0.14943586783481308
92193,0.1270206058453263
92197,0.1536382457597947
92205,0.03541801526169572
92206,0.12036724643132772
92207,0.21256443738302058
92214,0.23092373159029292
92218,0.06062063301650304
92220,0.07113039671599238
92231,0.15716081388679198
92233,0.14171291283441112
92237,0.07859327388213388
92242,0.19661851884618012
92245,0.26858530653098195
92251,0.2552496706783651
92256,0.08971585161962946
92261,0.17297629259503322
92270,0.19397453813504603
92285,0.07162612916072938
92293,0.415345601495249
92296,0.30747300742033545
92298,0.19051751953617332
92299,0.18754391896515177
92303,0.15763039841596974
92316,0.09207785543403507
92320,0.09119326744952969
92325,0.10640483938135027
92326,0.0746313322903311
92344,0.09169874210535263
92351,0.06552654110652913
92352,0.13424877648289
92360,0.10770820088864394
92363,0.20183643725219236
92374,0.049956437002756725
92378,0.17699213072004175
92386,0.13528050550424794
92399,0.07580905574595959
92401,0.08599320085580427
92405,0.08343512375161313
92406,0.13859538973194468
92409,0.06534436474148465
92410,0.04297720394565006
92414,0.19319616626046535
92416,0.20461489086190515
92425,0.10025918769610893
92426,0.2857623876498435
92435,0.011677848636405542
92436,0.14965002765577487
92437,0.02893776808632145
92438,0.11910659574897511
92443,0.14740369575668086
92446,0.1928963250945416
92448,0.04124945955956759
92449,0.15478743255245545
92454,0.01640933137897278
92457,0.20116773208235142
92458,0.20358693152306792
92466,0.07530049481681914
92469,0.10851337361317813
92473,0.043590791900214476
92476,0.3264794509808981
92478,0.06357727319375954
92484,0.3549816307271882
92486,0.10698472944886557
92492,0.036854757227571915
92495,0.02995361604710723
92498,0.1758046121383675
92505,0.2619061879775051
92506,0.13371875018621998
92507,0.113520768642887
92508,0.0700811498489617
92511,0.17688921478212963
92525,0.1265303896762935
92527,0.1890214953816992
92528,0.10604907031108522
92537,0.030315508337850166
92539,0.1679805443246461
92559,0.17822563675411215
92568,0.17486455854011465
92570,0.21606960645896398
92573,0.15926179352416384
92582,0.07520662877281128
92584,0.10551749985027518
92591,0.1311143145242535
92597,0.02620438450417923
92605,0.21819020258068939
92607,0.12790353700986742
92611,0.031301193409919936
92632,0.16037512106633106
92637,0.13060923626604473
92642,0.05242799136216433
92645,0.07734781803872327
92661,0.023356444816003585
92663,0.03178206698178023
92672,0.06317575617953052
92676,0.16981153188156198
92677,0.15622996868964809
92683,0.09077184963050881
92686,0.11224752381589763
92689,0.09376983643975798
92691,0.07169940513407046
92692,0.10365338157484971
92695,0.14629245964427562
92696,0.09154698373390288
92697,0.25827424863626164
92698,0.11372532447890372
92700,0.1404934416677783
92703,0.09424822906456311
92713,0.07398420876806842
92714,0.16139751959694074
92715,0.11189947555563604
92716,0.03733164344183993
92733,0.1941874589625134
92766,0.31980649795610294
92768,0.04403163590073362
92771,0.1802614084050036
92776,0.10431824204399907
92794,0.07955454797809211
92795,0.06897433453073258
92800,0.05279046905918268
92812,0.05003000034412338
92814,0.06658841088793895
92816,0.24393307049004959
92822,0.1017363642464717
92827,0.04678426341671703
92840,0.04715092523241637
92848,0.2544411658429009
92849,0.14616528819140473
92850,0.0279972929029736
92861,0.20317197868711043
92863,0.059382140338164156
92867,0.11485336440990412
92907,0.0685634604610293
92910,0.1885238774940403
92911,0.3024051549479188
92913,0.15567335643740826
92917,0.2088509078460622
92919,0.0683901041496484
92920,0.09110984445071628
92925,0.2204626110735031
92932,0.09138292611705844
92937,0.20224048289942306
92949,0.45353355605519696
92957,0.03794984412953054
92958,0.18228695182311594
92960,0.07737520993909903
92965,0.1900891622864505
92970,0.07103303409472442
92977,0.2555135178424464
92979,0.15308138618679454
92984,0.054703738387725846
92985,0.12079254977264799
92992,0.0629069057656673
92998,0.03604450122560954
93002,0.05272779548256719
93012,0.16514979935535687
93019,0.1635976936869656
93024,0.04693667893276042
93029,0.15192305144046614
93032,0.07108571384559033
93035,0.05065240219452587
93036,0.22949234400740356
93053,0.14319203079968398
93057,0.050057165448688164
93058,0.033598654530972244
93071,0.14523819333626825
93075,0.02799473211421194
93083,0.24835435772619335
93088,0.1376617507458095
93093,0.029047660182240028
93107,0.05808928139034908
93113,0.2131569924961824
93126,0.04835184706829585
93127,0.13504211188309007
93128,0.1534677787086873
93129,0.166664670131737
93130,0.034072440025718694
93132,0.05435469489233185
93141,0.1388273223276127
93145,0.16501987933041376
93154,0.11430696589877265
93161,0.3087844894521778
93163,0.13858947104287905
93170,0.08721127387387496
93174,0.18474223657587932
93190,0.03204436812738513
93191,0.34184909860779494
93198,0.08699589087146899
93199,0.13416996338896184
93200,0.12659972924007826
93213,0.11336725526546261
93220,0.11281758950519277
93224,0.11198207989175124
93228,0.09854288909720478
93235,0.025069615906972945
93246,0.2999143713415536
93250,0.04014460924459167
93251,0.22536222262602543
93252,0.15588867621526806
93273,0.18107061742789435
93277,0.043703908710848456
93284,0.21129061727924822
93289,0.26708350483442944
93291,0.1155769241285222
93293,0.04414240158625604
93295,0.0586353198129317
93297,0.09100363361747209
93302,0.03935391841529292
93303,0.13341143087324694
93308,0.05148430124247459
93310,0.11154256632552752
93320,0.18478806601136374
93333,0.2278078775379979
93343,0.24049288836795452
93345,0.1368417894330579
93347,0.13519698634913224
93360,0.17197764881835567
93364,0.02408371935452606
93372,0.14161704485742715
93374,0.13821738755383456
93379,0.12962442699880383
93388,0.017865873010848656
93389,0.1045982504911152
93391,0.05545232412261045
93402,0.03997361592365323
93404,0.14922584591238233
93407,0.06061512845937967
93416,0.16735026089010915
93417,0.11486907709343766
93418,0.031567153852606965
93426,0.026985694125735232
93429,0.2440071448989611
93433,0.10367507626433023
93440,0.16226766450836105
93441,0.055139209473825855
93453,0.318514633280472
93458,0.08481626635596759
93462,0.10040862719603488
93464,0.08741017116351102
93473,0.06461319031649507
93475,0.06736264229987518
93482,0.08022766605487923
93485,0.2193436102073487
93488,0.1051861124768552
93493,0.12980032528937946
93496,0.06735716223373452
93505,0.04262399623807846
93518,0.17699135869356816
93521,0.095554916982252
93524,0.14497984505011677
93526,0.05304553084723861
93530,0.1585292374108299
93540,0.09084902990595473
93559,0.06590992164651033
93562,0.3362802346738774
93564,0.04114660862930178
93567,0.13479396827240364
93576,0.23131944900451964
93589,0.02590721061011173
93590,0.2296086860492078
93595,0.1768464702260083
93613,0.07646372993984218
93617,0.06642561398455886
93628,0.1186994623997506
93633,0.12329730873652651
93638,0.10647513590303091
93643,0.03559337714960724
93650,0.16555256760802442
93652,0.034911823259874464
93659,0.15988390536509986
93663,0.128784847789427
93673,0.1142184577531181
93678,0.16942569334659116
93681,0.09915216196376263
93682,0.17752722327097492
93687,0.06810279090541914
93688,0.23318720156426045
93718,0.1653964625621373
93720,0.239144333115259
93721,0.08730297766706581
93729,0.08394561442304783
93754,0.1967302939486108
93764,0.08554755828498421
93768,0.05749224000266895
93779,0.13515581499270188
93782,0.16373650706858428
93785,0.3314200175166215
93794,0.09151846030589102
93799,0.18337454315196572
93800,0.1941488060060144
93804,0.05939256225514367
93806,0.04998623860691215
93810,0.035760439752895765
93812,0.21534009221280528
93815,0.10778203621371486
93825,0.02943924680741082
93828,0.054547511488177686
93830,0.02410577917141814
93832,0.14519633523894782
93859,0.0785032120826324
93860,0.0925039374298499
93866,0.15736986245588647
93874,0.06802447176359651
93880,0.0866820761168184
93889,0.1713116450887206
93892,0.12275637115331114
93893,0.12451716213214185
93894,0.09201226156585306
93902,0.076081056109844
93904,0.23122961226270136
93913,0.05124018845252441
93914,0.1828524085833698
93921,0.16207032475730151
93942,0.20957937360018905
93947,0.11193065176751517
93955,0.1598761757664054
93957,0.22940706474640063
93963,0.12633046592755218
93965,0.031904330330626125
93976,0.11182904763002434
93981,0.21831148562127922
93983,0.02603362276324664
93984,0.013948419497366388
93986,0.050522964363979794
93994,0.14117454665090443
93996,0.11647576262355741
94003,0.11634414624348575
94022,0.07952055368382065
94024,0.14462341678553162
94025,0.03076176719338679
94030,0.3465433389920491
94034,0.06979305285309113
94049,0.22990717361070345
94060,0.09936016843550731
94062,0.24300995768895572
94066,0.10903317192427892
94068,0.01585796866741815
94069,0.053767865272325244
94072,0.2433487186447831
94079,0.03721236273102495
94087,0.06914371815995438
94096,0.20242362140384465
94100,0.19852673589420078
94103,0.11276895123308169
94118,0.024558112692271525
94122,0.08144718187197086
94126,0.018861924576851458
94132,0.04070878281379244
94133,0.05280645044460734
94138,0.13046940784633332
94142,0.18834669050082292
94146,0.09140590911512468
94153,0.09526024352168035
94203,0.09041765091519723
94206,0.20532606765889233
94207,0.12135748434354099
94208,0.2571599565499712
94219,0.03663040417372661
94222,0.04364537889066501
94224,0.06513258503942487
94225,0.0630536281976418
94226,0.09853674279486885
94232,0.04137827742703199
94237,0.2539224048404811
94239,0.17639846175808993
94241,0.23300736219947812
94244,0.0490846598281633
94245,0.054029894417483335
94246,0.040555029530914326
94251,0.09748144059385072
94254,0.17205365121432317
94272,0.1038635711925685
94275,0.11476113719453548
94279,0.17167498702286427
94289,0.0827110900236656
94307,0.03469135204330036
94318,0.032350946540015496
94324,0.10245129125327135
94325,0.14220791307528688
94327,0.1665237518411385
94331,0.15241546961463262
94333,0.14747817251391881
94335,0.05523410128043094
94339,0.12797552729614736
94346,0.055350757513876345
94356,0.03287546546486637
94357,0.10225755170396497
94372,0.05443880299479489
94373,0.1341718888848043
94375,0.06777160465257426
94386,0.03240933821490763
94388,0.19624018020774117
94396,0.06767600895757803
94399,0.20446901094454592
94402,0.0770826113358048
94408,0.1964334655159156
94409,0.056262888950051625
94416,0.16570024113089019
94423,0.10891997747824188
94424,0.2113059689089509
94426,0.025577639314712363
94427,0.17627050361663757
94428,0.12573273949183383
94429,0.06400445942616542
94437,0.037144381570435224
94440,0.2529912114730025
94452,0.18837125812280459
94454,0.0929713418516458
94457,0.13658207308884224
94460,0.08582981120651648
94464,0.051615218274759685
94465,0.22447948663180387
94469,0.21705543386361673
94475,0.2080140917108792
94478,0.07857701091804768
94479,0.02315550203501882
94483,0.134742005941097
94489,0.07147472692638059
94490,0.21388042398008641
94491,0.05925150170412087
94497,0.08178869663206442
94501,0.21327839715912875
94504,0.17012262617828428
94510,0.08826040873072638
94511,0.04064887938672699
94519,0.03338875414624825
94523,0.210023581600911
94527,0.3006174121348857
94530,0.018159727617847
94531,0.0627422173340516
94535,0.08139144829446651
94537,0.22482971597524298
94545,0.3301912525525775
94546,0.13460360869353488
94547,0.10688194788702192
94548,0.06319693179975308
94551,0.13316980690867186
94556,0.04082398155239114
94561,0.08521291995782221
94564,0.1271000871845647
94565,0.07119892305750887
94568,0.18355506204712324
94571,0.09401904066342869
94577,0.14418840436755728
94579,0.46801981743404797
94582,0.07739296029832694
94584,0.25398435211544246
94586,0.26778055670893136
94589,0.0699461520597872
94591,0.05626488274473369
94594,0.36849285228105105
94596,0.17446269108984283
94597,0.10290811310622505
94598,0.377791150305546
94604,0.022696694185906238
94605,0.10348772571309994
94609,0.039393538074834276
94614,0.14632689906412816
94620,0.10493899052070671
94622,0.09782288435815599
94623,0.16559806524247522
94629,0.1584485136373713
94631,0.02146761481336905
94633,0.08859687560957435
94637,0.11670255415630297
94641,0.21399571665927444
94649,0.2486284529798232
94652,0.04998706323360541
94656,0.09533298901183973
94660,0.061811442156455856
94665,0.056910266290721545
94667,0.0642810271601921
94668,0.211841272380123
94683,0.19563005148342602
94690,0.07707023121961784
94693,0.052312402154796184
94716,0.28770942640644237
94720,0.2844383596647785
94723,0.13434126292574725
94727,0.11248199357701845
94732,0.21268353679490115
94737,0.1486813133275555
94738,0.1304749046527977
94740,0.12241528731499546
94742,0.3962582030539581
94746,0.19229718408950586
94748,0.12923619515882964
94757,0.18011555840828192
94761,0.20472873452681312
94767,0.03389156935801439
94774,0.09869670623984582
94775,0.10533278897601664
94776,0.06241794721373763
94778,0.16616995555609926
94783,0.05319645523668245
94785,0.06888026342550418
94787,0.21585534007297225
94792,0.029976538472010938
94798,0.09639387717712647
94803,0.21148488485422492
94806,0.06952054937669436
94810,0.04696521246523691
94814,0.054026997509110775
94815,0.03986495594582849
94822,0.2457787606593199
94825,0.039054014756734284
94827,0.20129066743225602
94833,0.05167540701669127
94835,0.0721041440581025
94841,0.12921285708329625
94842,0.15156411170393458
94849,0.15890037889666062
94855,0.06961503786351218
94862,0.05853940245500928
94863,0.09946570127578876
94867,0.21444340945430246
94875,0.0426690818180695
94876,0.15791912660519677
94878,0.19492698928216493
94880,0.03881230069039416
94882,0.09052963052848256
94886,0.08646580602780735
94889,0.12122026054338224
94893,0.07561197377452925
94897,0.01575093015653642
94904,0.2019814106947683
94909,0.04168544207184845
94916,0.03299513059196871
94920,0.11611211249152721
94921,0.2738374296953146
94924,0.055441084398896195
94925,0.2400401603739348
94926,0.032929135275637386
94927,0.2798725795068252
94930,0.13635200152143806
94938,0.022815821286541284
94944,0.2271041437446187
94947,0.259609315208645
94960,0.033280922601854473
94963,0.10659339191310523
94969,0.15176809493414725
94986,0.14693018087810703
94987,0.12907560836268256
94988,0.029623213588077166
94990,0.09340763244324223
95000,0.05907236165989649
95014,0.055451883126386485
95015,0.1767096885714856
95018,0.05132437053993755
95027,0.06992695169190782
95028,0.1086832516186776
95038,0.08248770269962903
95044,0.10978814612488717
95045,0.191478903427195
95052,0.36092686023831577
95055,0.03797114918665712
95056,0.2122714140881292
95058,0.21043101571952824
95069,0.10095324990649307
95070,0.10222768486909792
95075,0.06805331242043644
95081,0.07944440576585306
95085,0.34212887471658293
95096,0.18501790666761259
95097,0.08832436672488511
95098,0.08546372141858205
95099,0.09613069921297063
95102,0.07430768531555783
95104,0.12750918449401105
95110,0.1397729117661636
95111,0.06482344211179988
95112,0.0951966179950306
95117,0.051528292066000424
95118,0.27092772151834166
95131,0.14474628460196462
95145,0.021951815638329375
95151,0.08141809447429324
95152,0.059513812698544895
95156,0.061386188583115626
95161,0.020419827477204878
95164,0.12954557957512558
95171,0.1369158039101494
95172,0.030646205673865026
95173,0.1296204433557075
95174,0.08321832444073758
95175,0.18698555475614503
95193,0.028176020625515837
95219,0.11662616912356359
95235,0.10146850763363753
95249,0.21080539608910231
95250,0.5028817736800295
95254,0.30170666454087347
95256,0.03638926831874497
95257,0.06847108749288311
95258,0.14253980294393157
95260,0.12779846417239898
95266,0.4032782825612913
95277,0.08333844178871812
95278,0.2789596513487623
95282,0.16604094960963298
95287,0.04838179305804107
95295,0.19609844916984506
95298,0.2846798476568343
95300,0.21971962480685397
95309,0.3116093246837944
95311,0.12455345431511727
95315,0.12254864713800742
95320,0.09672565821557629
95323,0.09841991892462865
95324,0.03296670557241097
95331,0.14012051827353122
95336,0.09808670216576286
95348,0.07676272457774345
95362,0.13219701952831742
95364,0.08466150990591989
95365,0.029396389527923564
95373,0.0705580722582935
95387,0.11841381669961154
95392,0.15193698239500944
95393,0.1212075444738318
95398,0.10390964903955859
95399,0.08055520054128375
95405,0.09331392750021511
95410,0.03499536604669204
95414,0.3322067429733835
95417,0.04883575483393541
95419,0.11340136275895137
95423,0.23545175328899584
95424,0.2744621322894954
95429,0.4032911788984769
95434,0.17038011359096952
95437,0.13867225643393208
95440,0.07581628538014668
95449,0.05055322460593491
95452,0.1341715592162979
95459,0.3237663142969456
95463,0.21847411864526653
95466,0.024561119911580304
95467,0.0478920293191596
95472,0.09733456698967806
95473,0.043280882496405035
95474,0.03560803458073002
95481,0.10243347124295453
95482,0.08979261261798203
95486,0.06315812020552905
95487,0.09004404057911128
95488,0.025747157301773925
95490,0.17659781958076073
95500,0.07456149059581081
95501,0.10195042643660787
95502,0.2530805158660881
95504,0.040209428655961874
95510,0.072955653745295
95524,0.11852812092647769
95525,0.07504178706296033
95527,0.07275671957334086
95531,0.11850755646748579
95535,0.15666317056151233
95537,0.21146644845779727
95539,0.06172819412870497
95540,0.05128692397489337
95541,0.15378395812515708
95544,0.03579215587836058
95548,0.14374877815950596
95554,0.08522383349125023
95556,0.17367024676400075
95563,0.05600404916337631
95566,0.08591351983931036
95574,0.13309440040296608
95575,0.160532295854341
95576,0.19499165107514949
95580,0.11676565372886304
95581,0.2337125741056526
95594,0.13661572689930243
95598,0.14879186568763692
95599,0.2764152162570372
95610,0.23405736791374232
95611,0.09425240659258435
95613,0.11217724222166285
95616,0.08230962173360137
95617,0.04913770750793672
95624,0.0712637836091339
95626,0.024444469198823933
95627,0.09494841525654842
95637,0.26332250238489324
95643,0.09418588462753953
95648,0.29449329612873587
95653,0.14804615717205136
95662,0.16519845979847494
95665,0.2443775379074312
95667,0.15185493885806156
95671,0.037627551672272955
95675,0.2602837322241859
95676,0.04944502058290818
95686,0.21926539874928735
95689,0.053927610736343536
95691,0.14165263420848462
95695,0.01436439508305953
95698,0.05365631660165891
95699,0.09713728580888097
95716,0.3029752876237819
95719,0.29475740245922055
95724,0.15127524692836852
95725,0.12594650392079945
95730,0.10778813984780208
95750,0.12328188503482199
95753,0.0808152496132488
95756,0.26542584127492475
95757,0.09021803978488387
95758,0.13747429139480305
95759,0.05222496948776165
95760,0.2313359387483936
95764,0.2509298544969214
95774,0.17352496505667517
95777,0.08581401213433507
95780,0.24646220272214914
95782,0.18950602988582207
95786,0.12665140629120966
95790,0.14628305072250505
95796,0.12550955004522618
95799,0.06167636654317576
95804,0.18278863311922386
95809,0.4426598442575449
95812,0.09612125757613287
95833,0.20106796926420611
95839,0.1544656294713024
95873,0.05308259078108354
95874,0.08554531393218617
95875,0.07987404873947054
95876,0.10355527062846132
95887,0.07129132274728676
95897,0.1813091344889445
95898,0.36703609258108183
95901,0.04014029657472289
95903,0.15097229884391397
95910,0.18005030385155027
95917,0.27666848234408686
95922,0.24587419836409027
95928,0.1909421289304998
95931,0.04376525072438324
95950,0.05030633104149345
95951,0.06275468957827691
95954,0.021321391876918068
95972,0.11855869245364609
95973,0.058357058098601165
95976,0.07444749259598812
95981,0.07238248967282612
95993,0.2499593800219331
96021,0.06361172622297434
96025,0.13107775802490088
96034,0.06464359361243824
96036,0.3363147788960374
96038,0.02574992880713956
96042,0.0886039588791166
96050,0.15177125984922282
96052,0.12677953091200136
96053,0.046270836666496035
96062,0.07249412720784427
96064,0.07330852135304276
96065,0.0576655135541302
96066,0.1875891746754686
96067,0.09907902919221465
96075,0.1316475318813386
96081,0.10104079202630983
96087,0.011908530602936852
96090,0.18623806547278063
96091,0.20382270022162594
96093,0.14357978709977753
96094,0.10775466328257853
96104,0.212125677343063
96109,0.1311011143583365
96116,0.07467480233848517
96117,0.030177526059180435
96118,0.0496356243582908
96119,0.13058993053704845
96128,0.1531740403256484
96135,0.3795364013719808
96141,0.020377648201433736
96151,0.39746168567958456
96158,0.039717369200596285
96169,0.15833771305984456
96171,0.11780075440208491
96172,0.05243159707374971
96174,0.1936657861411846
96176,0.0590362767038769
96186,0.21166854104475183
96187,0.15639422029092898
96191,0.10893272063521824
96192,0.07747191051363675
96196,0.10222571516315337
96197,0.07594148695643864
96198,0.10242487721150421
96199,0.049034103482350926
96203,0.11462296407424759
96209,0.1815039789568101
96220,0.2186068805772123
96221,0.07386720102027493
96224,0.11765147359216972
96232,0.018139345056873066
96235,0.07174361129698116
96245,0.0762883463708417
96246,0.0866262730650371
96248,0.11502397670840597
96270,0.13250555595355637
96277,0.21308398323936453
96279,0.170671912956054
96284,0.059148996697119045
96285,0.15785465228378967
96291,0.10072203101270362
96294,0.3049188212333988
96295,0.0383117147670619
96296,0.02411840794334378
96298,0.05401528572164936
96299,0.27334584601253653
96301,0.02909397417089052
96302,0.34191466056663183
96304,0.010001855389692131
96321,0.06059826167395481
96324,0.1748968505847671
96341,0.03751315678143812
96342,0.1686338849395735
96355,0.1455265998771541
96364,0.12027941970099235
96366,0.032046112474242744
96369,0.17353952755344879
96371,0.04780937933734063
96375,0.02976837207715076
96378,0.15759967508973244
96390,0.10058461426540093
96392,0.26212050201176423
96393,0.23642492901306902
96397,0.13744020249363414
96402,0.056867792018065445
96403,0.13639390188368933
96407,0.07132757942670793
96411,0.14306839125652512
96414,0.12999075502221683
96423,0.13426191967381162
96431,0.07855841387519691
96434,0.07338228611900802
96438,0.07055063750503085
96444,0.13927319839855115
96446,0.026647330965456125
96452,0.07777895051739601
96456,0.1041358601774809
96463,0.032672085769216146
96464,0.31524889457201155
96467,0.0865027702223819
96471,0.21342109791005232
96478,0.029001292643039165
96491,0.16882529488967282
96501,0.2244376247269247
96517,0.0781775572779282
96519,0.05486129120926703
96525,0.1497619913479592
96527,0.07500822854256449
96529,0.03898370986385845
96534,0.1378233518527153
96538,0.05271997842668754
96539,0.04610247151924459
96545,0.03513696444309928
96546,0.32983663508767586
96548,0.031139913651753524
96550,0.12319206708547652
96551,0.080001160460514
96552,0.05280955951304231
96554,0.2503810507576661
96559,0.05082766733535385
96569,0.23272402353307362
96574,0.11925008841902407
96578,0.03789984110641733
96596,0.13673297090168363
96604,0.10114399430064203
96607,0.11572619213309039
96610,0.0628598714669245
96616,0.39748649947073944
96617,0.08607592229640977
96625,0.19561189884675922
96628,0.3190392105381041
96629,0.06930289272447249
96637,0.08015380625362645
96646,0.309801001446259
96647,0.20739392382047578
96652,0.07732946727118187
96653,0.021023644853260737
96655,0.1600944613968405
96660,0.04080078309110906
96664,0.04162096328712058
96667,0.12519607912806444
96675,0.07729588036648845
96676,0.047303725446054955
96677,0.11999995193655123
96681,0.1901772496260462
96689,0.12836428084620552
96691,0.04593668178641435
96692,0.05225799954383944
96695,0.09495090296399784
96699,0.08434539854684642
96701,0.08764593503604534
96704,0.13939812370551735
96707,0.07534795510089018
96712,0.08673167492338557
96716,0.017319765452252354
96720,0.23903602565534834
96725,0.04442589560030994
96733,0.0625133634050612
96743,0.24755271622121727
96751,0.03620736507563496
96753,0.041850813036250635
96755,0.09775126141197388
96756,0.3755985530893685
96760,0.15256701943020165
96761,0.1515717725410105
96762,0.1118161415663001
96767,0.033010751754895526
96782,0.04817817441071172
96787,0.0662237283019229
96790,0.08062583904163287
96791,0.08258190227821813
96795,0.0902557202580332
96800,0.17224721948120336
96824,0.06925610763655418
96828,0.23737208902438495
96839,0.0753667877541864
96853,0.04423360540977937
96856,0.15519031200450725
96859,0.11710918899877998
96870,0.11068234668332563
96876,0.04839166214101579
96878,0.09560876228373055
96886,0.05296872055461997
96887,0.08336374029898805
96888,0.17562624029229237
96889,0.18198288886138267
96892,0.17661145401343065
96893,0.05555563647467246
96897,0.057275253509865495
96903,0.08133902659532652
96919,0.14637640931879342
96925,0.03383331299418413
96928,0.11634393366949182
96930,0.06711243459604421
96933,0.37619304937358433
96939,0.28328402565042643
96942,0.13572754464080106
96946,0.08209006004543476
96947,0.19672374499224884
96952,0.03702304424607148
96957,0.02410189894415465
96959,0.09032817051128532
96966,0.021702495689408383
96967,0.026421087902970233
96971,0.06750526078823274
96984,0.22628293965119362
96990,0.0738066982207703
96993,0.042083695341520476
96994,0.07059490324040649
96995,0.294510532354599
97000,0.5557588016802809
97011,0.25794255350643064
97013,0.05464916620439358
97019,0.013064655854702689
97020,0.12002755596916288
97036,0.2982041324454382
97039,0.1492833187023091
97044,0.09670097490718942
97047,0.2740908683007888
97048,0.13851747667894285
97050,0.12149158450099773
97054,0.08182080207559694
97056,0.04145692602821803
97074,0.08370650882994095
97076,0.07893486280453572
97077,0.04243907006593486
97081,0.04803316176851637
97087,0.14827392997080371
97092,0.11177407927414357
97100,0.1310935219494696
97101,0.05164041508138283
97110,0.14600188480676274
97111,0.24860855248835778
97115,0.12440377522989218
97117,0.16719570049534155
97119,0.042968943270267894
97125,0.02935290675729246
97129,0.07837055342617942
97132,0.026742792624796105
97148,0.1832894686350422
97167,0.08687618700349445
97168,0.18017330485473423
97170,0.15512569798886364
97176,0.06378260974145994
97180,0.06431656257877197
97181,0.0683646996154002
97187,0.04325139697156167
97190,0.08068628164175494
97191,0.19548635284216176
97194,0.03227885546365151
97195,0.059234733815545726
97204,0.04060987650850967
97210,0.15484572169323374
97216,0.06478050316310974
97223,0.20137725116577065
97230,0.20291705186011916
97241,0.18334347910771692
97243,0.09573441483144234
97245,0.045342291445169075
97247,0.08616794857714337
97253,0.12253640373851886
97254,0.0793478138962135
97256,0.08495812959416757
97257,0.09030715338270742
97267,0.16151282929185828
97269,0.05040465938560846
97271,0.02966572248336024
97278,0.1397254423167817
97281,0.24818807263085793
97294,0.03343655653219357
97295,0.044315898172512413
97297,0.07841862246935682
97299,0.024374514812448497
97301,0.09607158371416306
97303,0.21164128119660044
97305,0.19213874003619566
97311,0.023114714485549658
97314,0.19844024917246422
97317,0.05482621684330417
97326,0.1846996620305098
97328,0.08975651776868708
97331,0.09101242142117894
97332,0.012487103910984971
97336,0.1512168239612516
97339,0.03079765936399364
97340,0.10242923253722735
97341,0.20294522816178254
97345,0.2050955911444162
97349,0.09661423223867344
97350,0.0972966803468951
97361,0.227806411614266
97364,0.1278523172964942
97378,0.1202313226629135
97392,0.29413840411295644
97396,0.05150013101685087
97401,0.20528350921831753
97404,0.07324506076148052
97413,0.060161847490293796
97414,0.09632149614500547
97429,0.20576712368777347
97437,0.08579663902439032
97438,0.11983523747254024
97441,0.06656865872805551
97452,0.06626096472683446
97453,0.18766090744810723
97461,0.4884724484832566
97463,0.23134611468223357
97466,0.0888184065500917
97471,0.095881875600828
97475,0.13969673234806537
97478,0.11432747959925971
97480,0.034282355319007536
97489,0.14534393270210538
97490,0.0557095141682983
97493,0.07398049684577668
97498,0.16892049373578938
97499,0.08748280061127144
97508,0.06529054522570929
97512,0.11842396006417093
97514,0.19124281415658312
97515,0.12446850380172757
97532,0.1824409883981341
97533,0.27618515492210266
97540,0.3127120257004107
97543,0.2227012933364759
97551,0.13162505053527807
97561,0.09326808819146032
97576,0.3849775378349428
97577,0.216320590043064
97578,0.081535605153894
97579,0.031495569025677114
97580,0.19794671244837325
97582,0.08560248637685604
97584,0.31509604849528405
97585,0.018977660434080577
97587,0.10845821990024773
97593,0.118279905661139
97600,0.1884967798023128
97606,0.039715404390824834
97616,0.09195871389553843
97619,0.19440130262040012
97626,0.043175202436300845
97629,0.10305599788370425
97635,0.0677696669226537
97637,0.300543177004221
97640,0.18442463308770488
97657,0.07243425002947368
97664,0.029923208891378138
97665,0.15262813115182555
97670,0.2057551317103644
97691,0.31870004843210226
97693,0.10717765158997426
97706,0.22062345923014712
97708,0.049187876637423425
97709,0.07918890099319625
97712,0.06668380279426778
97718,0.15045945251188633
97725,0.041919744552253
97727,0.06998093010585657
97734,0.11285313182855818
97751,0.07739509668360862
97752,0.08246132185631917
97754,0.08566807383379559
97755,0.11186482560238326
97756,0.045262094695895254
97768,0.09502386614021399
97769,0.30752777242999524
97778,0.16988305795135328
97804,0.1525880291076931
97805,0.12717458819829913
97806,0.06233600531157914
97810,0.08239466975353898
97819,0.17104498851021602
97821,0.24441426865222501
97834,0.09151144513557341
97840,0.2608957670684455
97848,0.030294095406145877
97850,0.359366398025206
97856,0.26873299926021865
97863,0.023317494628959937
97867,0.16281433277230548
97868,0.25484238565083495
97871,0.1173766500679335
97873,0.181990267849373
97874,0.17064185784585015
97879,0.10844630520663096
97881,0.09192936068957128
97883,0.05124814899510611
97887,0.06715767863208452
97889,0.18214195726492635
97890,0.1193339510598032
97892,0.21977567977612628
97893,0.04679330345714087
97894,0.15856081762264143
97900,0.1441509022010378
97919,0.039452553750819026
97920,0.08159055489813959
97921,0.1478103339006465
97922,0.05561078712566692
97924,0.09848708166318515
97928,0.20822719243015275
97932,0.07010890156910594
97940,0.03487330755048655
97945,0.20573551772720017
97947,0.08234160200314469
97955,0.26869604885088816
97957,0.04823940359472684
97968,0.032566067303095615
97970,0.07216951867790983
97972,0.19030913800276716
97974,0.10079166543782381
97987,0.12527407971609184
98006,0.2649301481546028
98011,0.22564830224324353
98014,0.0474701466442709
98023,0.10380003623606368
98024,0.19414164428247657
98031,0.08466334986028996
98034,0.09703466588593941
98040,0.06585312725134353
98043,0.032663020126161055
98055,0.16550287260840893
98059,0.14109797851698483
98061,0.11826273624849307
98062,0.12008448210781533
98065,0.09816376137649799
98077,0.09433119600164228
98079,0.02749190469206353
98085,0.07616719932645505
98087,0.13045834328369504
98094,0.039193977645474345
98099,0.03474665994313678
98100,0.07947550799291794
98101,0.043994952385155786
98102,0.13993189552467442
98106,0.020174299500661724
98115,0.046721355017688586
98116,0.13292601954863634
98118,0.10395418745402821
98127,0.09784130009556727
98130,0.0476731284833922
98137,0.10475035930176901
98138,0.11070038021268551
98151,0.05638682061651874
98163,0.12595246327105938
98168,0.0826761450185525
98170,0.08845134729633254
98184,0.09690917905995738
98192,0.037876063619384906
98201,0.08761237490629557
98207,0.12432457653294589
98208,0.11040577496286154
98212,0.032024754591745745
98234,0.06868667645541013
98237,0.15568256471543537
98260,0.11900580782612419
98267,0.09716058575590021
98269,0.08099111530603915
98271,0.03839515379193437
98278,0.1504509138122659
98279,0.19769815114635922
98282,0.1389631720172583
98283,0.06696957377671905
98298,0.14545972963717832
98310,0.2549071609020246
98312,0.08006393653814735
98314,0.06765431388468679
98316,0.20321451746293825
98318,0.21393584913129432
98326,0.2653314976221385
98328,0.2001472727327622
98329,0.0160835233849064
98335,0.064497603609588
98336,0.14673410235656317
98338,0.19257538168229418
98342,0.026968481595702726
98347,0.20024785071167728
98348,0.048700896128042924
98352,0.27713884204252637
98353,0.09407128379196414
98354,0.23033647626525058
98356,0.3078970954637852
98357,0.06856146293403978
98360,0.07976227626864633
98368,0.09706151981943448
98371,0.05739144391070129
98381,0.1572795175931604
98391,0.1378638761862235
98411,0.1861828224063885
98417,0.2623785149673465
98418,0.2611451271131153
98435,0.14563342044654123
98436,0.18821390849868627
98440,0.08787085829474249
98445,0.32978454115782224
98447,0.10948705385603727
98448,0.04295774330869718
98451,0.05710379850718603
98454,0.1199792390204156
98458,0.04898957149079333
98459,0.13442047971672672
98460,0.18426925184534054
98464,0.16484058024132162
98465,0.09874859224842533
98474,0.05291772839838283
98480,0.4025190105151724
98482,0.25771704180525895
98483,0.2720354213682389
98485,0.23561346945920986
98494,0.2771173058131161
98502,0.0980700227334472
98510,0.06092812971731943
98518,0.13548724030890766
98519,0.05628589327289291
98524,0.2909932146511708
98533,0.36099713749847306
98539,0.05221319929977316
98540,0.12881090189829186
98541,0.3258596983000158
98542,0.05007652360549153
98552,0.18921868864667957
98571,0.12235602186684959
98578,0.06212833614514535
98580,0.01809432601207979
98588,0.3460217737504913
98591,0.06746132268716695
98597,0.035787340883981174
98602,0.21535820069608563
98605,0.07222154159588676
98607,0.13765124084225577
98608,0.19515719688701585
98612,0.054805024419084275
98613,0.3015523101537953
98619,0.08838683588923678
98626,0.09309124998112499
98629,0.02416205282990943
98653,0.058174711765989796
98654,0.25559874513791053
98658,0.15210176790003602
98663,0.16946503324882486
98670,0.1713262898909801
98677,0.07550903191857995
98695,0.0371869063584495
98701,0.0428360865931191
98704,0.0994381304962667
98710,0.0896629147275943
98712,0.02499744523970292
98714,0.054859678890040314
98716,0.056785418076072965
98722,0.14181844910988028
98724,0.09587192789422226
98726,0.05651487279405131
98730,0.0654035082459814
98731,0.048248461123618275
98739,0.12356759971297106
98744,0.1450305849776873
98753,0.036501661732623286
98757,0.1014462027790246
98758,0.23309787559609343
98768,0.07513055981241308
98771,0.06405650753165405
98779,0.07366010416458434
98788,0.06327170326483515
98791,0.056249596320921594
98802,0.26771045357583667
98803,0.1236103285519462
98812,0.15111307370935223
98814,0.3189310727026272
98823,0.055670024702015805
98829,0.08969456034154757
98831,0.08018392875690268
98832,0.07579094513270361
98835,0.023342607620234514
98844,0.07794577409481235
98846,0.14116274955224176
98848,0.04915337705710198
98860,0.12318222790284969
98862,0.13273165315993637
98863,0.022586820803082597
98865,0.09345889507106936
98871,0.08187155420296108
98872,0.02502836431169533
98875,0.2892489906972618
98881,0.1130679701532469
98883,0.34064483655804906
98885,0.2163270894221679
98889,0.048714173483258065
98893,0.031983621420406366
98896,0.09322132386954024
98904,0.20999768854766834
98906,0.04630248480173629
98915,0.15331841713538955
98920,0.10053676151575527
98925,0.07166002484415389
98927,0.032170856946170334
98949,0.05714964722905351
98954,0.12037832172869445
98957,0.1298865023682643
98964,0.08220437058266142
98967,0.12708504856406758
98970,0.05630307701893589
98975,0.15446666469927434
98976,0.09143699729472302
98978,0.05767418180361879
98988,0.16742841705907832
98990,0.05434400010253044
99002,0.22991151420671346
99008,0.1091066357523138
99009,0.20681902370308114
99010,0.30693770715662244
99015,0.22182827873008354
99020,0.133021237410926
99021,0.07699660321362059
99023,0.191478145988181
99026,0.11909064550442358
99043,0.029482864465002825
99050,0.17625736811541956
99052,0.09818529529215064
99054,0.030791856262932408
99056,0.04134436438366219
99062,0.09358094802320799
99074,0.05023811215833215
99078,0.2242543153075
99088,0.2690057566250825
99089,0.12424717585914348
99091,0.027902587774541455
99094,0.12287851018102318
99095,0.16615684467855463
99097,0.20988469512536329
99099,0.023323523869687987
99105,0.05468559624883981
99106,0.07462364524790518
99109,0.3515338882974479
99110,0.1253702673539723
99117,0.10499013482317392
99124,0.07194448837375347
99133,0.10542250527364799
99139,0.04924240818596134
99144,0.041735343723566805
99154,0.07708289249296582
99157,0.1542581532727963
99158,0.16799798887303205
99159,0.13598505535993477
99162,0.08729567437417673
99165,0.06306619505061405
99174,0.09037176822126325
99175,0.15780563002521303
99179,0.1251831712086474
99200,0.03180910096222873
99202,0.1530899598989827
99203,0.1836627063819034
99205,0.28775169102639475
99209,0.0671089617873134
99211,0.1025111403526247
99217,0.04196274778566012
99225,0.035424280343320624
99233,0.3758702808351454
99242,0.20104266882225807
99246,0.07083739649896253
99256,0.12098464143711879
99259,0.10855899321843519
99262,0.07572378620586906
99270,0.30546118011336665
99273,0.1527395499417624
99274,0.08629617746852043
99275,0.17044253593257538
99277,0.25290000243101046
99282,0.07992201240859385
99283,0.11269037938362861
99290,0.08744903175849672
99292,0.08342815095584834
99295,0.16511484810112775
99302,0.07837602803990225
99307,0.08826025409836835
99310,0.12947701662390382
99311,0.16332784154028343
99319,0.1411484012624387
99322,0.0628233750652887
99328,0.15875007570203753
99330,0.033240306419636524
99335,0.07708811298375765
99338,0.09033137366664684
99342,0.12391634894430377
99347,0.0492402039911831
99362,0.1304894366913976
99366,0.2672789007044778
99370,0.05344701733963052
99371,0.3025023013637007
99375,0.10774965480539891
99384,0.13948431571515021
99393,0.12233250435141965
99396,0.09154623219210858
99398,0.047460656510604195
99408,0.09524747553006437
99411,0.052659703566660894
99412,0.3219937163513225
99414,0.13366944829836885
99423,0.07069677573014155
99424,0.25502602790415285
99427,0.16148654057076323
99431,0.05423031140479821
99432,0.07756126666605234
99433,0.05522860856317675
99435,0.0945201240646305
99440,0.03155431029254264
99445,0.2005474599840952
99449,0.02786677252439549
99451,0.07864927661319927
99464,0.2632696795399324
99499,0.05395587671786632
99501,0.09097743641924903
99502,0.17472880292033172
99508,0.13374728760825802
99509,0.020315124636850465
99510,0.042804991229822106
99513,0.04857804552342594
99517,0.25117250195876495
99518,0.02937890102190052
99520,0.09150401789992794
99522,0.07236224848964033
99524,0.23140347590180246
99531,0.040846301467268184
99533,0.03332973282182575
99535,0.037427766835704854
99547,0.5133821752380938
99549,0.06780392716282614
99550,0.1845314038201218
99557,0.11484797722987787
99565,0.16732200755511298
99568,0.13959657935255637
99572,0.12935238605864252
99574,0.16038952143395235
99578,0.2003547496913266
99580,0.05261740638532353
99599,0.20872078201351255
99607,0.050990804148668196
99617,0.15837853274544217
99620,0.12330889794359719
99622,0.040364105275641576
99623,0.20950038587869046
99632,0.19407584792134683
99633,0.21337289923404512
99649,0.09595035182772209
99651,0.08508519756444609
99661,0.04220161529143099
99663,0.1694660435131586
99664,0.0686873236266499
99667,0.13488691320979326
99669,0.06654210932883776
99670,0.12334016277994495
99672,0.07661184038925975
99673,0.09249969854634622
99676,0.20792097028733691
99680,0.054426685339763345
99685,0.07402253863523073
99686,0.07371949267240778
99690,0.16870749164250265
99709,0.06022940135418876
99719,0.04281421824705438
99721,0.07591863629309888
99732,0.11599283617103856
99734,0.12492610222740862
99736,0.15117636326700698
99738,0.13570022463319018
99748,0.30408346553101173
99753,0.2264227542111377
99754,0.07829565284595799
99760,0.07521603564324085
99766,0.24942556995079
99768,0.08512748050922246
99771,0.1187449265602191
99776,0.18886666247130623
99786,0.08938908251025772
99788,0.12492554757520842
99795,0.06418218755852179
99797,0.042501594134382405
99800,0.25081328457549323
99801,0.1533143577788795
99802,0.1619329027547206
99804,0.1910457779375165
99805,0.08029197299704692
99813,0.10989363873063604
99816,0.050255468015187287
99817,0.14550259940008495
99819,0.03584053892197997
99827,0.12745965442566629
99830,0.23134515917772688
99832,0.06180613293732951
99833,0.18761994913039418
99835,0.10841305824740591
99841,0.044085997749426
99842,0.06260719077335959
99850,0.04670952960825262
99858,0.05424599077683018
99860,0.3047677584873675
99862,0.1324372332328305
99864,0.11684390934687004
99871,0.04769550320765306
99874,0.16200057357622052
99879,0.17936766752638283
99881,0.09465052107464708
99883,0.13111035089296325
99893,0.17019113023646887
99906,0.02514004479265874
99907,0.1674372448251266
99908,0.01672145703783538
99910,0.08033553329836972
99911,0.11006713302888588
99919,0.19390372720443122
99925,0.03981100451409863
99933,0.28622553041233834
99940,0.03492850025191389
99948,0.2059592327711797
99954,0.18042341949416812
99956,0.244683637407944
99960,0.3440944668913486
99966,0.2863967840882722
99969,0.31260350829098127
99972,0.17395859395222044
99976,0.1644413019978253
99979,0.1856033808518177
99984,0.13899437101892315
99988,0.09884297126144183
99989,0.0369659973595718
99997,0.10665378201350348
100004,0.036209432544551896
100012,0.05726925811389399
100013,0.08874507420828781
100015,0.3108385777545511
100023,0.05587548233827598
100028,0.07540187360318058
100036,0.09070134732604404
100042,0.05215955928406125
100043,0.07200536648102751
100048,0.18993230201369923
100049,0.14669088803151142
100057,0.061147279144192476
100059,0.08474200942653495
100060,0.09031581645810678
100074,0.21398180859942356
100077,0.10655150732853139
100084,0.13559331868193672
100088,0.06585163636812397
100091,0.12670290027104839
100095,0.3431635175051966
100100,0.03640285036156598
100112,0.07396660941683836
100117,0.16393341490621688
100125,0.09640913865519427
100126,0.07136494643098425
100128,0.15652978194507666
100139,0.12826030033025274
100153,0.1017436854283702
100157,0.09387960782674491
100159,0.16855127256698088
100160,0.08127250319099824
100162,0.030431006611382108
100166,0.16532782487321343
100168,0.01820531404756764
100169,0.16399332540356765
100171,0.2044694205325785
100173,0.09479208761887467
100184,0.2689469012087218
100186,0.09446337792901979
100194,0.054922362770863965
100200,0.09868216068454161
100201,0.0211052519516029
100203,0.042640922937398226
100208,0.22825458858207903
100211,0.058758985766825894
100213,0.09796223867502254
100214,0.07143680870900745
100215,0.05225762320368972
100217,0.40097221313312287
100219,0.2080649787339821
100220,0.14610899794157275
100221,0.08139313686283202
100236,0.09444500215957093
100238,0.1354599844871772
100241,0.04279438972262545
100247,0.04920119926677885
100255,0.10017508268537322
100259,0.03646376850410008
100262,0.0842802892361336
100265,0.046166850535522705
100277,0.27052341380089967
100280,0.043365904351514356
100288,0.08175876227761517
100289,0.24103367304727674
100293,0.0592314186295692
100299,0.10035703557244557
100300,0.07221826910564928
100302,0.06207657695846569
100315,0.13939908097677006
100321,0.2540618165764737
100324,0.2714617175010889
100325,0.11674487356004633
100328,0.03993339392540727
100329,0.11911226437357748
100343,0.13111401971967757
100344,0.19703451424885937
100348,0.04708310568884865
100354,0.14626359093521493
100355,0.1758692294918415
100360,0.06812438938911962
100364,0.23068684122243016
100371,0.04306770362841637
100372,0.21524632870346824
100378,0.024181139813766458
100384,0.15174854963689582
100387,0.04979044811330953
100393,0.15496866746008173
100397,0.16265691444473893
100401,0.09059229638571221
100402,0.12934433821082708
100411,0.1694886022787615
100413,0.16051299447191658
100418,0.05295773928767389
100419,0.050368807935241316
100421,0.050107741904003945
100429,0.15867288761263795
100434,0.25479209509468187
100438,0.1590659162550436
100447,0.0503755389949846
100449,0.1451751924426552
100450,0.1921916102376921
100455,0.08869533565186669
100461,0.16340034714344262
100468,0.20005171138009747
100476,0.044175804372747714
100485,0.1331529696676051
100496,0.06418952327900247
100505,0.09935547344209385
100518,0.057681472038246945
100520,0.044828153599272225
100523,0.2753966300415254
100528,0.08938213135410389
100533,0.1482959384088942
100538,0.09335055547866622
100545,0.05660916264630897
100546,0.29660913712691733
100549,0.1771874608417356
100552,0.1223719800858455
100555,0.2075596986976272
100557,0.27481193306551094
100562,0.10573313187431144
100563,0.015380276376917738
100572,0.02120578290659636
100584,0.14280041765452578
100585,0.32835986004208284
100587,0.15988042559435944
100589,0.15190731005831612
100592,0.030741250178984866
100593,0.09294358239549912
100596,0.21305532980629213
100597,0.04392317582269771
100600,0.04176857315951265
100602,0.16960252729786487
100604,0.04797081857619237
100608,0.21026597351445622
100611,0.057997252808178225
100613,0.11930883898221124
100619,0.136857162160658
100627,0.1856526448009291
100628,0.07564894424905513
100635,0.23945367236915488
100637,0.2084831017313445
100640,0.0800976984859897
100647,0.052814932680071494
100660,0.12447387823352053
100664,0.05621268198999481
100671,0.1712902520234995
100674,0.04662437531090587
100680,0.043376081922518774
100697,0.06959007958406559
100701,0.04558682997848516
100705,0.07917837156258012
100706,0.2190808655466534
100710,0.0757118562307696
100717,0.19004072776696102
100722,0.16731063742918184
100727,0.07550303180181493
100732,0.0967921609074713
100737,0.27489058378416903
100739,0.15666786715683337
100742,0.19618230983121288
100746,0.06782298504173018
100748,0.08085332081735494
100764,0.07132689268950726
100777,0.057705325090133486
100785,0.2897403731207639
100808,0.08457620276726938
100811,0.14938491592984415
100813,0.21512362029395204
100816,0.12856411679850716
100821,0.09968026355225004
100822,0.045117688600594764
100824,0.2006765653376304
100827,0.2475196784783876
100830,0.14541529012503296
100851,0.17762829994661603
100856,0.03325804137069816
100860,0.09196449528244695
100864,0.054348431533012616
100865,0.15635867230178396
100867,0.05400548230861782
100869,0.19003428353055787
100881,0.31492895360928436
100885,0.025487648848971187
100886,0.09045949265197721
100888,0.21232002301889402
100895,0.03204227602359176
100897,0.05846627768397675
100904,0.21422729859005785
100908,0.13636149493782765
100916,0.11036498549507084
100920,0.06143038535843248
100922,0.06821563838740531
100929,0.2360792268712944
100931,0.03423957780363628
100936,0.10551083963381745
100940,0.2860626009266616
100941,0.07692801023228063
100944,0.09627478620038765
100948,0.0858058101005102
100951,0.20565393441201307
100961,0.09733308542147762
100967,0.09954740680500365
100968,0.06089714733881549
100969,0.08111511616060425
100971,0.21774861580601007
100973,0.10202887901886029
100974,0.03191288946509002
100980,0.21049269610120325
100981,0.08880444808586888
100985,0.0781320950951847
100986,0.0337349160736264
100994,0.161338539560928
101000,0.15132393522822465
101002,0.10192937410326994
101008,0.13954369450385895
101014,0.1468246478815038
101015,0.023258587538874213
101026,0.1865974695437368
101027,0.03797356915619578
101030,0.08818731124639244
101031,0.062191720687443657
101035,0.08303937247775696
101036,0.13779121430902477
101039,0.05311959451790969
101042,0.12478106945481092
101043,0.37088399024460633
101048,0.07407975215989644
101054,0.07195993983928635
101069,0.2942253961424243
101070,0.0923668639341583
101075,0.28155988032012785
101079,0.10030232846860822
101080,0.034494290123222866
101084,0.19875439808351814
101089,0.2122731467755743
101095,0.03760028724840814
101097,0.13301174138113186
101101,0.23021614023318923
101104,0.1183270665262243
101122,0.4031755761897037
101130,0.3249259635401893
101136,0.08782241624919904
101138,0.14233352286990192
101141,0.052556928429603994
101142,0.2531414161921753
101146,0.14289797586399783
101153,0.035606684976237195
101154,0.13244814852091796
101155,0.024186764461233756
101164,0.08666494252529118
101165,0.1581485950298774
101167,0.10681255653721199
101174,0.13391217868460856
101179,0.10201209577773641
101187,0.04526090629271286
101193,0.3000126743343251
101196,0.080221856661023
101197,0.12660264864089243
101204,0.3930817612499233
101208,0.32561843676729574
101213,0.16599500463022396
101214,0.1790658396060969
101215,0.3358938575992578
101217,0.11715415510789198
101218,0.18864714022150292
101219,0.25291693334641346
101220,0.044796363316030846
101223,0.09257642998181086
101233,0.16055257037857784
101235,0.08135803612953664
101237,0.051146913201882686
101248,0.1945148505710903
101249,0.19005378733511535
101252,0.11869418769866984
101257,0.12889962905113103
101263,0.1666275831396826
101271,0.13870761709645535
101287,0.07214482707999068
101297,0.07459668485971069
101300,0.055337880644083695
101310,0.33781535341106184
101315,0.08888819830769994
101325,0.04092330986498562
101326,0.08490654692212891
101333,0.1315023478586988
101340,0.05910082431506593
101353,0.033082581239772806
101356,0.13599124147200653
101357,0.0497548734415436
101361,0.20445206335262334
101362,0.03483673912152287
101382,0.25862557868602326
101384,0.05568617873977892
101390,0.018423006114203742
101398,0.33505329388943567
101399,0.13687946313746147
101401,0.13070744596646341
101406,0.15499854766136903
101407,0.0843948142130311
101411,0.15725712555012872
101415,0.28391267804449033
101416,0.08172937662584465
101433,0.031828312125860236
101434,0.06203504265610749
101442,0.07566942560763215
101443,0.10937891796941665
101447,0.10816083479584677
101452,0.12106973553260679
101453,0.0949895210282878
101465,0.1859745721449393
101468,0.0584140915333211
101469,0.07716681600670283
101471,0.28481914491281524
101474,0.15143998966975453
101476,0.12547956836099255
101483,0.012838966200424465
101484,0.08253518692727453
101489,0.26226070660801054
101492,0.02620807514374956
101493,0.08321420235527884
101504,0.06115314423850117
101512,0.0679720606839979
101515,0.14513414455402115
101519,0.09118628777137787
101521,0.35328901903842924
101522,0.03860140617872295
101535,0.14624811652251885
101539,0.11116760483858193
101542,0.02443607849133323
101554,0.07028942989910486
101557,0.15302233501552204
101559,0.1629810152975573
101561,0.1276738790738536
101562,0.035255613545912876
101566,0.03223547659066009
101567,0.04108866612526836
101569,0.23415894803880394
101577,0.1457220424569218
101583,0.05616658011027727
101588,0.024026431160758577
101591,0.07685224157713047
101592,0.2703379773138095
101595,0.03730373646522726
101604,0.16965506566920233
101612,0.15010738929037606
101621,0.19357512396765028
101623,0.10594512783501304
101625,0.19339338872102188
101636,0.1498861012385786
101649,0.07815088453886947
101652,0.1251919175830062
101653,0.319780741225231
101658,0.09952173612848866
101666,0.3508518470505439
101668,0.20557719452506135
101669,0.1744692792869013
101674,0.05974583651287442
101675,0.17930722206379507
101677,0.1069878312942472
101679,0.11986717511052007
101683,0.048022612766643706
101691,0.07922735786262755
101694,0.06747517117287061
101697,0.09489192168292397
101707,0.07129331361709144
101713,0.23430756331278393
101718,0.11063952595662387
101720,0.2703893893296453
101721,0.10914503734238792
101735,0.02656939690676556
101754,0.1815412463560967
101765,0.1335737357355673
101785,0.075595420184419
101789,0.17775006239267205
101799,0.13224619440667432
101824,0.10061446930801912
101826,0.0612392219466189
101828,0.05075424345399375
101836,0.0699222325122058
101838,0.12853822052561098
101840,0.14186990964669222
101841,0.2545939224277411
101853,0.09695690739196543
101856,0.02964421622272235
101857,0.271653334779875
101858,0.1867911479544391
101864,0.06483418579555643
101870,0.03560165620886209
101873,0.2057980537256488
101876,0.03665874799454809
101879,0.11410296450159953
101887,0.05794615111240091
101894,0.030977734762850186
101904,0.037490164220564406
101908,0.01967113092712014
101914,0.08975840752054652
101930,0.10000999470580535
101934,0.07951912426667455
101949,0.21662121496551048
101955,0.22514640845385223
101956,0.15883479522849137
101957,0.027182139504919642
101961,0.09396379256066638
101971,0.021019406274829015
101976,0.05292557540953784
101978,0.10338531492710809
101981,0.10734897696104598
101982,0.050180249056492855
101998,0.028200625736178743
102001,0.11328718699937441
102004,0.06729737378475273
102017,0.09914242428327692
102021,0.1736521768663661
102026,0.048138221155110135
102030,0.1863364503199942
102035,0.08303260106467843
102039,0.22164379054729616
102042,0.10283981181235495
102046,0.07849107009279019
102055,0.5898785413013629
102056,0.08698265843371297
102057,0.06088209568824804
102060,0.06891071881685255
102066,0.07163101337870387
102067,0.10594019662851625
102075,0.05704607151620768
102077,0.09184446609265577
102078,0.17694972253679006
102080,0.3155050216613861
102081,0.1790542616101117
102082,0.1527218014741852
102086,0.08925272890556382
102087,0.3750792078222609
102093,0.07068434943083197
102095,0.27247797802038604
102097,0.07336795685086728
102098,0.09289058239020345
102100,0.06187921890487491
102102,0.09146276381064411
102104,0.11472622254939945
102108,0.018583925995684963
102112,0.0906720730501062
102116,0.12516001667836132
102128,0.15555519389551548
102133,0.06748298445401242
102135,0.18672798301984012
102136,0.034678585608910614
102140,0.0660719575510163
102150,0.4120486572575953
102153,0.06354159725040957
102163,0.1410799235575517
102167,0.0482816040868653
102180,0.18226542944367607
102184,0.04133346324945152
102187,0.05421782953366699
102193,0.07252052145359836
102205,0.0774882020852922
102213,0.03419753003094248
102218,0.21805515821507804
102222,0.365232175812716
102224,0.06570581866905853
102228,0.20828105714021466
102230,0.15609286973481162
102235,0.0499453516817032
102243,0.0782357473897546
102244,0.40285391607672555
102245,0.175938633664944
102248,0.10840505282496819
102249,0.05884959875809873
102251,0.30449999086307894
102260,0.06444224707364571
102262,0.26464413992723634
102265,0.03582630768373786
102274,0.021808132975234235
102283,0.08146143629236235
102285,0.19675838912651478
102286,0.15176615800042037
102287,0.06021298345537041
102292,0.11960298559043533
102294,0.023561018615757483
102299,0.2587058909369403
102301,0.2553842399838412
102310,0.21668709352146104
102314,0.09591355099277239
102324,0.047532459041709156
102325,0.1653733602732243
102329,0.3128814102193508
102338,0.19799659061825353
102341,0.10210977574960907
102342,0.31267327606008716
102347,0.15820968268450156
102366,0.1070448203878159
102368,0.07827150222166748
102373,0.11186484287264692
102379,0.027499630132051645
102382,0.05590785503912289
102383,0.057438248960459376
102388,0.3537889174088713
102392,0.13529931169887022
102402,0.02723982638849733
102406,0.0751949789108715
102409,0.2139165284828073
102412,0.12025128619142013
102413,0.13856266502664707
102434,0.15159666926514828
102436,0.10249511430004114
102446,0.05977916447077494
102453,0.08429715690659298
102459,0.4794872176182421
102461,0.17493176332093968
102470,0.25985749929129437
102471,0.15503315171667434
102474,0.04685857909984411
102478,0.3465732323176213
102482,0.21030616816298403
102484,0.29606840392963235
102486,0.04865544223381949
102497,0.045909861953462874
102502,0.049112045073447394
102506,0.22186019985623814
102507,0.32768480446633336
102512,0.06354492193695006
102516,0.10554171764935143
102519,0.057499869805852984
102523,0.06012557527132902
102530,0.025354319374021238
102542,0.38345282594071145
102546,0.018835121683855132
102555,0.03052731712348933
102556,0.29399501061102
102563,0.2874082679394339
102566,0.12853452898812512
102573,0.13297736175689562
102574,0.17322357240593372
102580,0.02752613978807273
102585,0.2695333383096642
102586,0.04529995892468024
102587,0.118930761623725
102589,0.11026259729333611
102591,0.35731334277353316
102594,0.22912051153263052
102597,0.11646372326140013
102598,0.16310313576512708
102601,0.3598042222230022
102620,0.1889890526803677
102621,0.29648987556677786
102622,0.026684011637428753
102626,0.11679990354087241
102630,0.0403960642891731
102631,0.02546827247814573
102633,0.11483435743519467
102637,0.05160353554022513
102640,0.16948642069818465
102649,0.103951352549088
102656,0.05391500921932066
102661,0.14349944915177865
102666,0.04877455281681183
102669,0.09421376277154314
102675,0.03801722425004413
102680,0.054410503921656646
102682,0.2883061574279426
102687,0.05660815671431273
102689,0.030494303716431363
102692,0.07103197004139482
102709,0.03797837278643045
102710,0.12301843006614017
102713,0.07258997137667252
102715,0.22271222785607506
102716,0.0835163169675935
102717,0.087015055894128
102718,0.22306807455309463
102723,0.040808554225704
102727,0.16199875492794413
102728,0.193226901536523
102733,0.0314727564682452
102743,0.08204782989991043
102744,0.0690257807409443
102752,0.15540825771525912
102753,0.14560581463407987
102767,0.032628348686038276
102769,0.00983534120284892
102770,0.06479393172599203
102772,0.039107284406803146
102773,0.21630495658458898
102775,0.2906262310263721
102776,0.045675956500256625
102778,0.20584380991530435
102780,0.06093038113511577
102784,0.27200862814538446
102788,0.10017828982884601
102791,0.11508159741838944
102797,0.021485145556561232
102804,0.11104701619697754
102809,0.09778200767641515
102816,0.04805938742683973
102830,0.14045793161234169
102832,0.11568968319129262
102837,0.15642726815707453
102840,0.07124964073730532
102844,0.21345867427517348
102849,0.18446067860991566
102859,0.075523856657696
102881,0.04891860167658493
102890,0.03219841043942579
102892,0.08022727436132784
102905,0.057654686117499236
102906,0.16207772882470015
102909,0.2655067524774392
102928,0.0947113582014616
102931,0.17059166853579935
102934,0.07398925900106555
102941,0.12115355640635346
102951,0.07605532709334457
102963,0.3263321308221943
102966,0.08224180413411504
102981,0.33352427658786654
102984,0.028304382093491526
102986,0.15815361967881233
102989,0.15219505818779572
102991,0.13415078607533484
102994,0.22555694879147403
102999,0.17377520413188755
103000,0.0872045901143235
103004,0.15894186468073374
103009,0.030755221720762338
103012,0.20703117045802769
103013,0.07484646335833486
103019,0.13897756609341602
103026,0.20944449657063077
103030,0.1361291296069475
103031,0.3214811600221835
103034,0.16767475373923557
103045,0.04121031169989739
103047,0.08409274553340447
103051,0.0866455103365156
103066,0.04567256815850728
103074,0.2034419383219988
103083,0.026025247166678284
103089,0.15616904184319025
103101,0.06569661426167756
103106,0.49276254915141793
103111,0.054050507984273195
103122,0.061075319978472126
103126,0.08103247076697338
103134,0.04755453702308118
103142,0.24437024446537345
103143,0.07839174120593145
103151,0.17728708100499432
103155,0.13150776017077856
103164,0.11739244625605298
103171,0.07343989300996197
103180,0.054657098362957277
103187,0.08067785014381064
103189,0.15676966744232088
103200,0.10378871771299304
103203,0.4075148727579232
103205,0.15140617898668637
103209,0.0968604005477035
103211,0.06692755556668947
103216,0.0672853559293138
103217,0.17680046323109477
103218,0.16633717862418987
103219,0.04759833171428028
103228,0.034530368405001836
103230,0.23262764262882343
103240,0.08881718674721888
103250,0.15049886834032147
103251,0.11998393737177566
103252,0.06101550367490786
103257,0.1738681523682273
103260,0.038783161608621476
103261,0.04884967865873615
103262,0.02038970314904497
103264,0.28269799343140994
103273,0.067059330972999
103279,0.018667707529359392
103284,0.2293870773723857
103286,0.07459482918244728
103292,0.0974772538134067
103295,0.10963078835253308
103298,0.027745431380963546
103299,0.013525415847279947
103302,0.2273046761858514
103304,0.027392952341723602
103307,0.09382723058013448
103312,0.12707801460256274
103335,0.08624222475585522
103349,0.03780510132086535
103352,0.18007909887120882
103359,0.17282584655984498
103369,0.047053871468329844
103370,0.18511112757135562
103375,0.07871514766816029
103383,0.1782134205075171
103390,0.08546743629594077
103395,0.189112785291731
103397,0.1027673034794004
103399,0.22588673028240228
103404,0.03671473135764771
103406,0.13722627408599777
103407,0.06776058530790614
103411,0.15424033222024233
103415,0.060800562878752906
103418,0.10443661890269527
103420,0.05289903760384219
103425,0.1165831437592087
103428,0.34476169369678555
103436,0.05574566205586631
103438,0.013400020506770123
103441,0.08406236967542191
103443,0.05121869463027435
103462,0.024615556170658127
103469,0.07197472245258159
103471,0.02748845449129175
103487,0.0189413212091993
103491,0.15139387979775895
103500,0.15859898947092968
103504,0.20379167703016854
103505,0.17017773073264006
103509,0.043862996267407875
103510,0.1105167572292288
103511,0.04134991025580822
103517,0.0908615999850439
103521,0.19534062985049805
103525,0.19816950376521125
103531,0.06353172848732316
103533,0.18734864219522449
103534,0.17015311146776343
103536,0.34036789989193317
103540,0.05850682861115404
103549,0.29164839310679863
103550,0.11180635384324634
103551,0.08073526671290274
103556,0.08115768319703982
103558,0.1182530589091102
103572,0.07119512379083476
103577,0.046131600250764945
103584,0.12836569415435994
103590,0.19398352312265013
103596,0.12744925738090274
103598,0.02441556076698053
103606,0.07935109069446505
103611,0.059184677720530744
103612,0.224538961706759
103617,0.14053959285264797
103626,0.046484252068063815
103627,0.10081067138848052
103628,0.03358884898842383
103629,0.03407197377136512
103630,0.07225076436364226
103632,0.020697896959555036
103633,0.031204101284418122
103637,0.10481485124318664
103640,0.09251258508099769
103644,0.05607119338576099
103646,0.1041987419311559
103648,0.18882832215339795
103650,0.13744147587662006
103667,0.08786187338382798
103673,0.04587593565580491
103699,0.06487666664951093
103700,0.1932138328494553
103703,0.09846993136810116
103706,0.14360848087187494
103712,0.06109960191633248
103714,0.1311164381916273
103717,0.18541969104386957
103733,0.26706080759043144
103734,0.10427670236778604
103746,0.1367411038262562
103762,0.03314621326357438
103768,0.21256987027105803
103780,0.07010749742729194
103782,0.15003949459475874
103784,0.18716529598185797
103789,0.12269819725600822
103792,0.05577651141956526
103793,0.09354604673148784
103801,0.1585107619304497
103815,0.18786254408573977
103822,0.23064132951413596
103828,0.051120700261966974
103830,0.09084894683250862
103836,0.0679285322737213
103839,0.05310785442299561
103845,0.14809506630601282
103846,0.29245826680270665
103858,0.06717862547792372
103864,0.08275171192656289
103881,0.1474077970766484
103885,0.08916170838970239
103886,0.1455598324274629
103893,0.05004681603319351
103904,0.07857606849946315
103905,0.09711436284166407
103909,0.37127498370328377
103913,0.28267421283414534
103922,0.0962591576536784
103926,0.3029195082073746
103930,0.15697341077424304
103935,0.11291813244271265
103943,0.046114471617952325
103950,0.2890650216101041
103952,0.07856752577651238
103960,0.11221423761866853
103961,0.16054835620637906
103964,0.06885256277457627
103972,0.08337328267664976
103973,0.030657493814237356
103982,0.08085736434144995
103983,0.16441146645429291
103984,0.17476881131844518
103989,0.03268568605590242
103999,0.20584305330182148
104002,0.16294614137391905
104003,0.05067628668034464
104007,0.056527244692663334
104013,0.16583844035803436
104015,0.1847258050618642
104043,0.2928964756116936
104045,0.054895965918505894
104049,0.19499433052658643
104056,0.06934402861657488
104063,0.03782286382520703
104064,0.3276609495869849
104065,0.03384707725748986
104066,0.06272529821355206
104074,0.25704854334150007
104076,0.037015228162217834
104078,0.19940589141121765
104085,0.1287305166454083
104086,0.11136981995763467
104097,0.03678231636993611
104101,0.1508407735962715
104113,0.06606621944640277
104117,0.04504868850282123
104119,0.07199350308236911
104123,0.06675575913107454
104127,0.07182528694177938
104130,0.23867509553855268
104133,0.025565019007890363
104134,0.17178238558019723
104138,0.09891539867279846
104139,0.03422654113921277
104140,0.09981529757553838
104143,0.2973969022696427
104149,0.27889237642093645
104151,0.1273652592634987
104164,0.04179470934403264
104166,0.1614573456311613
104171,0.1872625462942078
104173,0.11363234918733381
104177,0.13894574010072483
104184,0.1424130928800277
104186,0.2896534636392155
104187,0.09888581598193125
104188,0.12158323470070496
104189,0.07203441646023358
104191,0.2220164563291767
104192,0.044024792201048366
104201,0.05847324916816248
104207,0.0738924522751575
104212,0.11367057759826116
104217,0.26448024110199053
104223,0.06602178859588415
104227,0.20731128343332675
104232,0.1899798388453791
104242,0.011891698251328579
104252,0.2062916437145088
104260,0.08546026550594835
104268,0.170454281499318
104275,0.2644316995803811
104292,0.12964902574417927
104293,0.13651044969987675
104299,0.20421938705211773
104301,0.15232044310077572
104304,0.08792301657471138
104305,0.15140097093475152
104310,0.28197280790645046
104312,0.07641306069623056
104320,0.03142956933526833
104339,0.0752678980978884
104356,0.0621891501425593
104379,0.07689274985361871
104384,0.04741076821481695
104386,0.04430862596717393
104388,0.10012252249202591
104391,0.045001738089322486
104399,0.12192844652392042
104403,0.29013570005222206
104413,0.12254955127585045
104423,0.13687118836120052
104430,0.030659250646735105
104447,0.09073901600747655
104450,0.2197057431477448
104461,0.1109348368945377
104477,0.10366610393039134
104479,0.10161270716128441
104482,0.2355152580915814
104484,0.1636290174016247
104486,0.04801375637852631
104490,0.08500438398528203
104497,0.1078036662715874
104502,0.08279596537075505
104508,0.2163121070272911
104509,0.20272157893570303
104513,0.03158656974241848
104515,0.06744073756399706
104518,0.0584863459288243
104523,0.26704850781777995
104525,0.03634717969136026
104532,0.17825591652607417
104536,0.1269506784404689
104538,0.3543149125223453
104539,0.1479447879744684
104543,0.2168575494459792
104546,0.13029192667878126
104550,0.09888475122140637
104553,0.12313051119510746
104556,0.03693591909337876
104560,0.046683101387954964
104565,0.1389977300072808
104575,0.02926174351652797
104577,0.05665730073158503
104578,0.10729939574013325
104580,0.33965787284684346
104585,0.08778603106402696
104586,0.04835049453813795
104589,0.08027650772563057
104596,0.08818186008888228
104605,0.08414659433642814
104607,0.10994713657021266
104613,0.0342396740264183
104620,0.008368304865808711
104621,0.0900185402800541
104622,0.16382748798534597
104628,0.3162825726590525
104632,0.06679964536445158
104634,0.04227299536586213
104635,0.3061345961208529
104638,0.06759092376761405
104648,0.18587068865495252
104656,0.061924367619490196
104665,0.06595741560855947
104666,0.04074750017577564
104667,0.1852095471613414
104668,0.2557039592926704
104672,0.20570054024307668
104675,0.1407927290413765
104680,0.046900271936326746
104696,0.16032162911038503
104705,0.021919614046451468
104717,0.2628789434821913
104723,0.04367835901140264
104726,0.23545813170432273
104735,0.13301782448958197
104739,0.08718583715379048
104742,0.046844192390123454
104744,0.18031716235852094
104746,0.07514215613114236
104749,0.12785928661207635
104751,0.10181989003181814
104754,0.17921365834161876
104755,0.11075263215233835
104760,0.07915557492340096
104762,0.14452639822049346
104769,0.09254003959165512
104780,0.2113799682186889
104781,0.07310783043380648
104784,0.06077928051955528
104785,0.2449660362848124
104793,0.04233817661019462
104794,0.518535246679911
104799,0.06050136053093698
104804,0.0428082956386876
104806,0.04821629823932025
104807,0.24770689039640242
104821,0.11610169342664603
104832,0.10935511179530495
104835,0.05833113317123262
104836,0.07355243313754445
104837,0.05926463276189632
104840,0.3556232866697386
104843,0.22178406407467136
104845,0.09869384712636997
104846,0.04184218959217406
104848,0.2011601672182293
104849,0.1247102873104058
104852,0.07939865589339146
104869,0.1990231227079552
104885,0.15755513529320261
104887,0.05989261130932926
104896,0.12637643320415107
104897,0.3109419766220358
104900,0.03220581596247836
104902,0.11925496746438727
104904,0.08197361700246682
104920,0.07138994415231034
104926,0.04240170776921862
104929,0.15598854418724648
104938,0.09378329448822312
104947,0.06351058191172022
104953,0.11283060863904809
104962,0.11181722537111105
104964,0.11200213733628996
104971,0.19420517406880752
104984,0.0854199123473208
104987,0.017256751278119067
105003,0.3210958396227598
105007,0.04491646527597347
105008,0.09482428284710637
105009,0.03702545050627215
105011,0.042301750887465635
105013,0.10321402169840078
105016,0.0888255701332097
105018,0.027192391480964872
105026,0.23171201276595976
105038,0.030482262253160922
105043,0.0836774917577415
105054,0.036523565216491194
105056,0.06482393083595922
105063,0.1655311823171344
105064,0.05134684222161466
105065,0.13062370033651427
105073,0.07284597121702996
105087,0.1805761277510066
105092,0.062115876353345874
105093,0.18802911272227632
105094,0.14479450308903372
105103,0.12582272685505222
105110,0.062389579728345315
105112,0.0889880878734099
105114,0.11761007142715445
105121,0.028427006140371826
105122,0.16781192179701593
105126,0.09756822431871111
105129,0.018914623578273424
105139,0.08516211848581634
105143,0.22071096263180068
105148,0.2925561607408753
105162,0.1282378071920751
105165,0.1083798789528492
105166,0.04543291562781407
105167,0.0497386843370001
105169,0.01923387896166244
105173,0.11009798820815797
105175,0.07434810809566685
105179,0.024503898658787965
105182,0.051244450273673796
105199,0.12034894403996013
105203,0.18832552183197182
105206,0.08995476246103076
105217,0.2014915277518182
105219,0.13999882391279994
105231,0.0699138273318361
105236,0.021670988383581932
105243,0.35007220332694383
105247,0.058272734275571086
105251,0.08359843901040888
105255,0.24029304338301585
105257,0.040948418357421044
105262,0.0986035396652139
105270,0.1808579468439442
105274,0.21427302916675034
105276,0.16096977339861232
105277,0.1041319167574338
105281,0.04804378388546047
105284,0.12560921769901875
105298,0.10208412772008105
105305,0.1000902008960011
105308,0.28732115861158786
105312,0.1392948749053351
105317,0.014145992507582944
105328,0.09149377644492081
105332,0.061071470468146795
105334,0.15353851542544286
105337,0.022299086798104047
105340,0.04740889930605044
105354,0.03075430431311402
105360,0.2683284071212842
105361,0.2630611275724616
105362,0.05037802802654261
105369,0.1638953239854927
105375,0.03455198845393157
105378,0.071942495440233
105382,0.0759861685257203
105387,0.13757263787632892
105388,0.13756445564027228
105393,0.23004937942215983
105394,0.1618878659436178
105396,0.1060561694796112
105399,0.0992554968411453
105404,0.06151009992968147
105409,0.19053016377534168
105410,0.12431538585253077
105412,0.06428371857930501
105414,0.040645537040905504
105431,0.3245198831693275
105433,0.15598595453414246
105434,0.15711125827785374
105437,0.0361710293100065
105438,0.0377818232134775
105442,0.3143613956783237
105446,0.3511633476771324
105454,0.06204896949748705
105460,0.07183774430273146
105465,0.057092411190762915
105466,0.10441393759500836
105467,0.0596308371614368
105469,0.2520611451748587
105473,0.1503200892813578
105478,0.11481291488382088
105489,0.022919859865436383
105491,0.13296744151439738
105503,0.04703598401350546
105505,0.10986591692565377
105506,0.19403808711124326
105508,0.11860432835057713
105520,0.029629440286436923
105521,0.0647260221268061
105541,0.09798623935801025
105543,0.03324617275088456
105554,0.21998279443841837
105557,0.05506763229728132
105562,0.07142392284518982
105569,0.48722950042821556
105572,0.10859707717475929
105573,0.04737974072911202
105574,0.043873021611006285
105575,0.258940678834398
105583,0.07123753584599257
105591,0.22742155752696633
105592,0.0644438315418179
105597,0.19013185663481663
105601,0.07167171289001753
105602,0.05671506888330941
105609,0.11791526519752928
105610,0.04958880224421203
105616,0.32087647596665503
105617,0.14519454988004957
105630,0.18895049433952862
105638,0.02613807300518784
105642,0.19201518438005133
105656,0.20897917555126963
105665,0.06120356102789365
105676,0.23755955225632217
105683,0.06968233357909452
105690,0.10348827249295159
105697,0.14391107488706203
105698,0.1840269790572111
105715,0.03659506052140848
105724,0.05908964737444114
105726,0.1460866904503589
105732,0.04315705137911864
105736,0.14947291301843832
105738,0.07137354796741598
105746,0.10118652175025836
105748,0.03740250993295148
105750,0.03632328107258783
105754,0.12870768495509982
105758,0.1111672051775541
105762,0.09607101910742046
105764,0.1650929129502266
105771,0.16941049378364387
105772,0.3460028113856228
105773,0.09200124889594903
105776,0.07902874211520096
105777,0.17771633520424432
105783,0.25876029314880356
105801,0.5220093338322213
105803,0.3245140348902034
105806,0.13702941047673367
105809,0.09811668913434651
105835,0.23268364983851014
105838,0.19070055364818314
105843,0.2682366634419344
105849,0.046650526107992765
105851,0.16062148688985892
105857,0.13846185961708687
105878,0.02484300936785283
105879,0.03183611109945836
105882,0.248811736598173
105883,0.2261976770926668
105892,0.13450877135153574
105895,0.030093176786939582
105908,0.15918965031286758
105910,0.12486897551817855
105919,0.19907235821957708
105922,0.149684813397072
105925,0.3013665458140044
105929,0.07489831910781668
105933,0.19734706700976867
105943,0.16240349391877817
105947,0.14112743239938655
105952,0.08685841682229858
105959,0.03809893775664272
105967,0.026619739443317948
105968,0.22856629554106703
105974,0.1820828649945078
105980,0.04138438421748584
105997,0.40640244030083716
105999,0.13579141183420185
106005,0.031662296675406786
106009,0.16771615186827774
106026,0.031576651829244476
106030,0.16941722300456213
106031,0.13682622116441587
106043,0.08443005187703605
106050,0.11596682863901907
106053,0.2686328641173125
106055,0.13883113023971233
106057,0.0532137580988531
106064,0.14891188128045654
106067,0.08589481293694111
106072,0.05179562444781415
106077,0.1262181577002794
106081,0.1592066358186398
106085,0.16088454418550624
106089,0.08352503563426206
106090,0.304671913123591
106093,0.08200416410668979
106094,0.01901342049672589
106095,0.15738047319731407
106096,0.13592548148370306
106098,0.04747961282656313
106099,0.06630795774760648
106113,0.056453165914087174
106117,0.08688096809724553
106125,0.05744748744119773
106126,0.044750523102767885
106141,0.04699796601149563
106144,0.21203939485284534
106148,0.26375425683501263
106167,0.02002737992884832
106171,0.2291792711865191
106180,0.05873702660448432
106181,0.12491687222436337
106182,0.2279430908663859
106186,0.10293939649536193
106187,0.03049395050981899
106188,0.3479403286695393
106196,0.09824382023334388
106198,0.09870737591656445
106199,0.0411819883292561
106210,0.04888999141616353
106213,0.040369206946019774
106217,0.12514005829715213
106223,0.10991808219428054
106226,0.04576354943301028
106233,0.17169160633715183
106239,0.03499850247033143
106240,0.07141319932641985
106241,0.07910299674926398
106248,0.13647812548057794
106258,0.11379775666983626
106260,0.06442694870362026
106261,0.06427388782459781
106265,0.08541547253296332
106276,0.08607353318397856
106281,0.1867565840178663
106282,0.13593945132268648
106294,0.08191683558763486
106301,0.36354562399479046
106302,0.07972752970843965
106304,0.2510381769820933
106309,0.08628748470313205
106316,0.018529557684559418
106318,0.07788675263525063
106319,0.08356650996059363
106321,0.11472692833509397
106326,0.03669616238346921
106331,0.06482826262479828
106332,0.06559194208467423
106336,0.07553421513126826
106339,0.029279491447813485
106340,0.062345811336233695
106345,0.061327599935771734
106347,0.08223112753283121
106358,0.2166961096127573
106367,0.08937372113608945
106369,0.047286432286462794
106373,0.2664627919988753
106376,0.05814582802883837
106385,0.09900635265095441
106392,0.1160041669094141
106399,0.21543911059453966
106402,0.08186014718831425
106404,0.18105755655343436
106412,0.23443814233572055
106413,0.24306226579162693
106414,0.20783657028996022
106425,0.11055664666934165
106431,0.07949827248612318
106436,0.05948499400363692
106439,0.1306160272351986
106444,0.09356589356275931
106449,0.046867736366366486
106462,0.16202376425615744
106463,0.173513013992638
106464,0.21285148476331997
106467,0.1441615436991764
106474,0.11863178327038246
106476,0.11199868635358297
106480,0.1079205536698776
106483,0.06866186375203062
106486,0.11403825809626726
106487,0.06547138724218607
106490,0.07918574959285396
106491,0.04507166630845846
106494,0.016750062605672217
106500,0.050658376572223975
106506,0.09093453840766468
106513,0.06075168031351337
106530,0.058521372817742785
106535,0.1443648180038171
106539,0.08128924508439467
106543,0.1438857503142527
106547,0.11558011408712678
106555,0.14425308948101984
106556,0.22825489161348267
106559,0.106928759588182
106560,0.02467590391018281
106561,0.1607145293834041
106571,0.19376174408117028
106575,0.17565270191113552
106581,0.0966990620243175
106586,0.06773306482083676
106587,0.10209777869997737
106603,0.15492268699938527
106616,0.11035133295378914
106617,0.23111668943597216
106619,0.20086739200304454
106621,0.15524851470931042
106625,0.1748971986313298
106632,0.08890416430535361
106636,0.05486789109895506
106643,0.09321590164970259
106644,0.17621429272655612
106653,0.06965538094822682
106657,0.05884966476916033
106659,0.1707877206280344
106660,0.06346860253782223
106672,0.28203029095193094
106681,0.27109654253437576
106683,0.24153604091575265
106690,0.1022964608753658
106698,0.06589253441991515
106705,0.39533729117758065
106722,0.25222828927773316
106724,0.033141710658389195
106742,0.14557694553669612
106743,0.17389016258707274
106749,0.15084135507983423
106757,0.025086665180180632
106765,0.2406171040997675
106777,0.06482106311199158
106778,0.0587941488530978
106785,0.06077222812450543
106790,0.08725166863873383
106791,0.11085100777708556
106795,0.21852527224058624
106799,0.23252098637195162
106801,0.14025680867203327
106802,0.13007027838471955
106803,0.07191258188592818
106804,0.022280882078544458
106808,0.09776594598171781
106815,0.15360217841853593
106818,0.08215900747402247
106824,0.03041780108768447
106825,0.17760015900260528
106829,0.05407746940271071
106830,0.07772904668848306
106834,0.1491995637529742
106838,0.19909754829144277
106839,0.27300922532937133
106846,0.06091425285548942
106849,0.10447076895648932
106851,0.296211165341074
106852,0.07561480282672552
106862,0.09237948448358926
106864,0.13005645545853528
106904,0.03973279773446996
106909,0.21867551335321841
106913,0.0816131861668465
106917,0.018181081724498022
106919,0.14699010137446542
106923,0.10704335002307551
106934,0.08584767835349022
106935,0.017500437356360157
106940,0.10344801692747634
106943,0.06981139124257328
106949,0.12154848646435791
106950,0.404577140172945
106953,0.16741210944577417
106954,0.09620473637901358
106965,0.12938424754945937
107009,0.05583928005758388
107012,0.12416843100437051
107016,0.0742527810637946
107020,0.06873976136305807
107021,0.06683008046239385
107024,0.3745792865568771
107027,0.02174917105413877
107032,0.05401133909064156
107036,0.03817462343771411
107038,0.06719799945042688
107050,0.21282696152146124
107058,0.13758748418175937
107059,0.19665546676336437
107066,0.13431669858083037
107068,0.03203357831262584
107075,0.12824537949200968
107077,0.24049217934171874
107086,0.04035814051197921
107097,0.2743099214871238
107102,0.03665172962203941
107110,0.1393723345250488
107113,0.1028724886475053
107117,0.1360106453120829
107135,0.09018395634581106
107136,0.1039767411646221
107143,0.1730230967026685
107149,0.023068792158633472
107152,0.11324804804143847
107155,0.08137499979000301
107160,0.033453072660088345
107162,0.13301380251528408
107170,0.10613308956683164
107176,0.29620758984967965
107181,0.0544569184613122
107201,0.19948766588853525
107209,0.15944880352101684
107211,0.11039658424220217
107222,0.04027088490672132
107236,0.07798468124945977
107239,0.12954706412187222
107242,0.15291993430987183
107248,0.07292913827649086
107249,0.03199208485200456
107252,0.014759180738548995
107255,0.07461337397496692
107260,0.07175033225437892
107268,0.030374311368607593
107270,0.03507541979653781
107271,0.047325749372352274
107274,0.026344242723714974
107275,0.08799240643329038
107288,0.31670975197493195
107298,0.12467151248766542
107302,0.07426316846824817
107305,0.019284064886792383
107307,0.22547746436713784
107309,0.12949893793459433
107311,0.06496060991974167
107312,0.14586684287604007
107319,0.04675408640620071
107321,0.16614592634299985
107322,0.15100835457421177
107325,0.18524338042747365
107326,0.15395546277858416
107332,0.08373864348213471
107335,0.31973761585742194
107337,0.15971840447303015
107350,0.030833617600474723
107352,0.05259614804213146
107361,0.07858444955221323
107365,0.061525021939017016
107379,0.017961526972658386
107380,0.11466542478133918
107381,0.061108970535997564
107384,0.33934802344937437
107386,0.08614046958297177
107389,0.05388063793763203
107391,0.05797048406615854
107392,0.124767428281232
107393,0.18163595364497678
107394,0.08242356630194934
107396,0.0564790029199203
107401,0.21912057275685687
107409,0.046991399179360835
107412,0.26163165023731516
107422,0.2942062777007494
107424,0.026872574897625387
107427,0.1936841880094477
107428,0.11490538616187702
107431,0.04416105306807365
107432,0.1304111886483381
107434,0.04599771249406282
107439,0.10257206794882472
107451,0.015402017507619664
107456,0.04260224466759218
107458,0.44279297287621444
107461,0.05741749231042503
107478,0.08388979552220173
107481,0.08012938202312407
107485,0.24618877742130832
107488,0.03108940569540919
107491,0.02183712021725794
107494,0.14826531335269327
107511,0.06729237480091559
107512,0.04739385623614823
107515,0.13383534313733908
107518,0.05624805210511041
107520,0.24719668796046596
107528,0.2199536547644843
107541,0.0866988391377409
107548,0.032684685878706946
107551,0.02147308789332917
107557,0.08985256999481578
107559,0.042910932968537145
107560,0.04944178625532889
107565,0.15241919271012638
107571,0.03062014582481625
107574,0.06534214587164172
107586,0.2373738891670904
107588,0.023140686102375185
107592,0.029073867261294406
107597,0.09218794343020016
107604,0.05832410211858705
107605,0.22221367665423422
107611,0.03706994256074527
107614,0.051680411747203114
107623,0.10359376214466141
107636,0.2820142709737262
107641,0.1653063004931861
107644,0.12553411170316972
107659,0.41725747594940354
107664,0.04781335022807283
107668,0.11573418046431518
107686,0.13785527914981585
107704,0.09906696055720492
107706,0.10122946775601491
107713,0.06250480316410821
107714,0.032906400720516656
107715,0.02840702180886513
107719,0.29568529756277767
107721,0.08375838184414448
107730,0.1610875614843133
107732,0.33719792227420003
107733,0.06808354171535852
107736,0.12344316302781856
107737,0.33941249344814645
107738,0.21800926190254086
107745,0.29811577677873713
107747,0.20964326091099134
107749,0.036727550464349674
107751,0.19158078399013026
107753,0.14704756179214928
107754,0.07320127172870476
107777,0.16358496565871106
107789,0.0386429045131493
107806,0.0748738847459893
107809,0.135915870445981
107816,0.06435867787174865
107827,0.06669490615909972
107829,0.1270034865650125
107839,0.3168590359976388
107841,0.023306643264571617
107847,0.4282799989433674
107853,0.30250254625852285
107861,0.0587716909845428
107869,0.14153715591364027
107870,0.10013274781728378
107874,0.09328277885056237
107879,0.23315912031264543
107881,0.3961585937277123
107884,0.22575467222999313
107887,0.1849259174701583
107889,0.059109659954582096
107901,0.17137986127334118
107911,0.09198251558563825
107912,0.10917042004920924
107916,0.06819587875536871
107918,0.18498407059151098
107939,0.090863450039459
107943,0.17648138082930265
107947,0.06321956413297426
107959,0.03584370367780302
107964,0.17030753278432184
107978,0.12690753101005392
107988,0.27847339867709786
107993,0.22955835540687178
107997,0.060225957375949886
107999,0.09109999898553618
108004,0.09204024943309194
108008,0.1330718897883781
108015,0.28989835963957133
108020,0.15596198934080022
108021,0.15175307397510182
108035,0.05845984102151599
108043,0.10746208836781218
108046,0.07975093035515395
108052,0.020740810778553116
108055,0.09651213547786724
108056,0.046260375988269944
108060,0.06745695939005124
108064,0.28099038910440677
108076,0.03331164162256666
108085,0.13560182445451613
108088,0.15762381993948557
108100,0.18376809977933437
108105,0.11172632777340336
108106,0.04975911359195316
108108,0.20892301192876114
108109,0.22717820964749366
108113,0.2708641097273432
108122,0.2609407674006639
108124,0.10893462475177756
108125,0.2670187084533278
108126,0.20538225041779043
108134,0.19664953046135267
108135,0.09932177000827397
108143,0.22649820400460383
108144,0.12708539382174588
108146,0.07860785054556008
108152,0.022577323807213136
108159,0.12077542480918951
108162,0.05536041515094299
108180,0.05527725770967713
108181,0.12334879631752207
108183,0.07940691652759906
108188,0.1336495206299287
108192,0.09223822557799169
108195,0.22340874145080106
108196,0.0976565581741486
108197,0.06912698456848554
108204,0.3278073023888639
108214,0.01947517749948415
108218,0.06760849084754866
108223,0.10543623053259121
108224,0.03736877752794863
108226,0.08306316549495855
108232,0.052180057670772405
108250,0.08113991940218604
108252,0.030878063753960298
108259,0.10537277251889007
108260,0.3512315998651612
108268,0.06024354718640401
108269,0.04952554658536672
108289,0.23873068425367286
108290,0.12172800726196448
108297,0.05502205796224576
108301,0.1378434171293611
108316,0.06814951796818097
108317,0.3441458311855159
108330,0.0583491081800025
108337,0.11032221054043942
108349,0.1233449380782413
108358,0.13872842153405113
108365,0.2701407923274173
108372,0.32842424280522087
108374,0.1962081328949111
108383,0.18305779487477564
108394,0.0249643718321067
108395,0.044990917793727506
108406,0.08809775370564504
108407,0.1967951400611872
108412,0.0855720084016985
108419,0.0662499358203755
108424,0.13900599612652198
108430,0.2445011505094949
108432,0.13501896482454764
108436,0.19714253587364336
108437,0.10253829664844731
108445,0.03459845806367014
108447,0.16641239240595723
108452,0.1461986309628936
108453,0.1189790196546619
108454,0.09689501840217547
108458,0.07778297790902303
108463,0.06548999378089661
108467,0.24081732094484204
108470,0.042672784656090604
108473,0.01905301630298628
108476,0.08774046873637695
108479,0.07752162708690048
108480,0.044572008959616626
108488,0.09765433619759552
108489,0.26450323775275547
108494,0.05791035916867406
108497,0.15524704497891822
108500,0.08340035028579712
108506,0.02423985645794902
108507,0.19326645731633124
108510,0.07435932852946968
108512,0.16899407151888585
108516,0.1375078041751849
108518,0.07735814971565488
108519,0.11547568866439394
108522,0.16502098804747709
108528,0.07557643338622112
108530,0.05833016516896118
108547,0.037240610499248254
108549,0.12441010961228792
108552,0.15275412974073305
108554,0.17986147632714283
108559,0.2592021876869354
108563,0.04746875740237852
108573,0.10962414861434461
108575,0.01476742450963754
108578,0.2176509557071725
108581,0.034922617170920045
108584,0.10542491470080996
108586,0.16004152245189315
108595,0.06814159265341406
108596,0.0424261132770136
108602,0.0793751681024907
108609,0.362945219080501
108611,0.1546631037368067
108621,0.10984596212966252
108623,0.21309408549974046
108625,0.159560995880632
108634,0.17762029403616483
108646,0.175315020644109
108652,0.041864476498063734
108654,0.39105076205890604
108657,0.22070284136782992
108661,0.163385274114157
108664,0.09545237246874745
108669,0.07099689066963752
108670,0.05715283763850943
108673,0.10067679889564769
108675,0.27219558813244865
108690,0.09194694267620461
108691,0.10331478290245907
108698,0.05930510937746545
108699,0.04083663876573094
108701,0.14856454330017985
108702,0.13124400400943384
108703,0.10239371842254935
108704,0.11754482867937904
108708,0.030915566927626602
108720,0.2087920850332273
108723,0.2928249711641195
108724,0.19268058228800394
108732,0.03691027629904622
108744,0.4425183919435976
108753,0.05943142890014116
108754,0.07710686945297683
108762,0.06563639168220144
108769,0.19057002024643444
108771,0.1176468535285493
108776,0.06916670391108491
108786,0.10097249317171005
108795,0.12462534031105892
108814,0.049618965173548364
108822,0.13331106687392255
108827,0.06490491250041291
108829,0.2733760646101708
108831,0.1637502282614502
108834,0.23042137517347439
108835,0.07649512840878485
108836,0.09595531932775914
108844,0.12796588192016659
108863,0.1383136555840865
108868,0.12063589378997824
108873,0.19592253382838526
108878,0.046422369384609384
108879,0.20275315333955385
108884,0.019134160069978947
108885,0.21598401250116478
108887,0.021367249304309846
108897,0.05848902501735933
108905,0.04945279505922507
108911,0.06558629023920981
108912,0.12253683593880167
108924,0.3659989546719702
108935,0.0830627180981817
108937,0.05266325306789074
108939,0.1891067258559443
108947,0.09206731960680234
108949,0.10082320651511056
108950,0.016316480463322458
108953,0.08115003005835167
108954,0.03273006485362317
108957,0.2611133198411243
108958,0.14773205641206325
108972,0.2454804911405074
108978,0.0545354498830641
108984,0.23960768582201708
108987,0.058400400847238215
108989,0.04503531109938446
108993,0.03472232782640342
108995,0.37094708613245275
109006,0.03530506468361412
109007,0.06684464584211892
109009,0.16001634524290892
109012,0.07831950492503141
109015,0.2835514066362392
109018,0.08185828202037707
109020,0.12159016333041243
109027,0.03933284405828188
109031,0.07133802580227064
109050,0.29320727745952263
109056,0.0805160693840307
109065,0.046142106138575924
109066,0.22905623072446385
109070,0.07619031562919584
109072,0.07750848748633167
109074,0.1570758949158002
109075,0.060573843606738766
109094,0.09484320110636332
109097,0.09647680585788394
109098,0.06992211643640199
109124,0.13724369141155243
109133,0.20195974441815184
109138,0.25362977269368436
109157,0.10399480285550881
109161,0.2845105076418679
109164,0.1278076728071145
109176,0.031208827166172882
109189,0.031448567791138526
109193,0.025523094411076544
109195,0.1727638410026062
109217,0.11506651385605438
109221,0.0977015137754397
109223,0.16484319405487388
109240,0.12593735109569237
109242,0.05571464818874607
109254,0.0708127437305008
109256,0.0547006791675116
109276,0.15453383591870387
109283,0.08126316372057762
109286,0.0461378863387033
109292,0.10665387503936032
109293,0.4035667083154596
109296,0.3067236229047673
109298,0.07220865484243835
109306,0.20956758519650626
109310,0.07043513263639625
109314,0.20265214040295776
109316,0.09855993713721818
109322,0.0217686422956354
109330,0.09239320688878183
109336,0.12957814257949238
109341,0.09067040156863432
109346,0.04157590705825554
109360,0.1442184560463217
109362,0.14974032804611176
109365,0.036595747526977765
109374,0.20783028357473127
109375,0.06982822453404339
109390,0.029849278487937916
109392,0.14844538285015857
109397,0.21073902218822196
109405,0.2531826288964786
109408,0.0662799695484201
109412,0.08611732415886929
109413,0.29928635980466356
109414,0.05114880387614191
109417,0.1451160252277495
109422,0.03451242237168597
109430,0.07272291643753756
109432,0.043853990666757464
109439,0.17034090954632597
109445,0.06574431070567627
109446,0.07722211873143198
109451,0.015448290438928475
109453,0.06253930901831599
109454,0.03532367352692256
109456,0.021863560795817343
109465,0.09384721010113567
109487,0.11668449843993899
109491,0.08255610260952406
109494,0.1267469700339254
109497,0.290897870253442
109503,0.09527423366380522
109507,0.05987637590317113
109508,0.12376296914321372
109512,0.21104342411851396
109513,0.1096427058576436
109526,0.06353772132115997
109527,0.042488580041104916
109528,0.19857816114825425
109531,0.18324858700890634
109535,0.25184818745292986
109540,0.17244082110056957
109545,0.14106124724742075
109552,0.21493841156189614
109553,0.19051286659285047
109562,0.034802079589999396
109566,0.09677697830461275
109572,0.09042822409828259
109581,0.1523506668514132
109587,0.0846947492577893
109589,0.1008746675345102
109590,0.06964889276867249
109594,0.42548096941217234
109598,0.11098687393221929
109601,0.286305913894674
109616,0.10516150518911245
109617,0.17376760425361848
109618,0.14620934343511022
109620,0.32634541069031164
109622,0.07432525722925538
109629,0.2570362025289965
109637,0.037267650438145304
109646,0.1934096664138267
109648,0.015026863538856829
109649,0.04908230719005381
109657,0.3651600633564956
109676,0.21892148810561035
109683,0.12241708425756481
109695,0.09990198036831541
109710,0.025541460551592107
109711,0.0893527740218722
109729,0.11297529867703811
109742,0.1604374218065521
109763,0.4263763820412635
109765,0.10786859914395197
109777,0.185400660657556
109782,0.22564297759815993
109789,0.03145039922016557
109792,0.35529087091709827
109809,0.22947545064401131
109813,0.03705771195399305
109814,0.10584585965690042
109819,0.04275988129360325
109822,0.2051760371066151
109829,0.13617321496087803
109830,0.05483903175397435
109832,0.18540617923687241
109836,0.21858012284582146
109839,0.1224207377511227
109840,0.07252344342353634
109850,0.16226605307314063
109853,0.1444192015236736
109855,0.11960219030737414
109862,0.20010813144918782
109867,0.058339035072421636
109868,0.27465494492284515
109869,0.0710854919334438
109870,0.22856677499935607
109871,0.14072429635139866
109886,0.2797616734852949
109892,0.03765197917147734
109894,0.04091824972094866
109919,0.06522458451624483
109933,0.22862963037283238
109934,0.08278595816157881
109936,0.24216310265780996
109938,0.05434120929158812
109943,0.34987518561146536
109944,0.14839147081643528
109946,0.17357931230869256
109948,0.23793458637335377
109949,0.11918193269211062
109951,0.04561453202307777
109965,0.17141637348716157
109969,0.051614459746346146
109983,0.052291745563509955
109993,0.1015187980521103
109997,0.08820265378301895
109999,0.15537981094582679
110005,0.09669946301720969
110012,0.22026248665044482
110015,0.29155316393139974
110019,0.04413436476991105
110021,0.1224148519819268
110025,0.03445501642166575
110028,0.45423125054718644
110032,0.2532677014663641
110033,0.2311344146917068
110034,0.03543301575406639
110042,0.10052745223682952
110046,0.11701122702919518
110048,0.22863035008966415
110053,0.09919413258469041
110054,0.06258384955618197
110055,0.13762004865676877
110075,0.17030676017332624
110094,0.06783311046580368
110095,0.11961136908805964
110116,0.34566166515374186
110122,0.024099569017827633
110127,0.15597382135975968
110132,0.17289471804152576
110134,0.15022505346441808
110136,0.027749305718753933
110139,0.07718466178902494
110146,0.13448518930083472
110150,0.10422300587709386
110151,0.10814841290484929
110152,0.09181116448569511
110154,0.21726871690891597
110165,0.05202973191437833
110167,0.135916748340359
110176,0.3294493920535211
110188,0.3589113954887189
110191,0.21661926784186897
110197,0.06022643804789971
110200,0.02449686218475591
110215,0.14324860996900896
110218,0.137951725602625
110228,0.057723931727630205
110230,0.03740727936511992
110234,0.04106881571485316
110236,0.1266485657669158
110246,0.0709591544688868
110248,0.21796200115303377
110250,0.09733405191166244
110252,0.028234888971167892
110286,0.03435041734232729
110288,0.1938108144668056
110289,0.08286342960830274
110300,0.0987562582905304
110302,0.18410047472767974
110307,0.18981083267130539
110308,0.31132722486233977
110318,0.1611894624819164
110324,0.09436946093170066
110325,0.048126149974426984
110326,0.1330342406733695
110327,0.10737600401965383
110333,0.0830603345182164
110340,0.05403779806593909
110351,0.1371705894017311
110355,0.03077608847548061
110364,0.21795043840686212
110375,0.10886158839654717
110377,0.09149763933333019
110383,0.14803892451673728
110384,0.308215390065546
110387,0.0538502670077721
110395,0.07647238739900851
110399,0.1485956545924826
110400,0.0111589629098521
110403,0.08288488486801378
110405,0.05375461268875798
110407,0.23253714816792456
110409,0.1132899471971785
110418,0.15028775374239461
110433,0.14305091334568115
110438,0.09841522762719906
110446,0.23053651208237996
110447,0.12222889092718106
110448,0.2881205587206314
110464,0.1040338853095495
110478,0.04508393265390213
110486,0.2208628382150602
110490,0.1197011499647058
110504,0.019291546386362688
110505,0.10421016163470127
110520,0.10126202846490175
110525,0.17516494939013394
110528,0.2217657855742323
110530,0.12484750154584373
110532,0.08870953383906528
110534,0.1325820269755266
110538,0.15171910484555615
110546,0.15793972250119803
110551,0.23324404610403288
110553,0.06960268062777918
110558,0.047802799814625575
110565,0.2781099474396039
110578,0.1519930776252511
110582,0.2685877455125289
110589,0.17691984518844384
110590,0.09007634362484837
110604,0.08480435518901273
110605,0.08356677130679872
110609,0.030745424691128634
110612,0.08462940669430395
110615,0.03508881346352223
110617,0.14219218503153955
110625,0.09951057232373438
110627,0.10790343886605201
110635,0.06253528932892877
110641,0.4598425745544661
110645,0.07982264489615781
110646,0.07604199301817578
110654,0.04467282813967883
110656,0.10760573052153663
110666,0.10138507289134105
110667,0.051030356609379615
110669,0.08344366037740694
110670,0.10089300858180308
110671,0.0997589248251796
110674,0.036609662277371946
110682,0.15572690338409334
110686,0.0727300036660728
110687,0.13426596347387867
110690,0.04706191605627474
110694,0.2902570423047868
110697,0.0949928632684191
110698,0.07463210831573694
110699,0.07017228194399541
110702,0.03270279869347495
110706,0.33092093668745726
110707,0.061558511862606254
110710,0.25087752087990745
110712,0.057773478572859784
110714,0.20087822610663267
110725,0.052201191633014635
110726,0.10067287893143154
110731,0.013655949033114088
110732,0.09464410101108946
110737,0.07562578025057536
110738,0.16274843115256277
110739,0.21559195194136663
110745,0.15980652857171926
110748,0.25131670098093156
110750,0.04455036747306271
110755,0.3718805242881495
110762,0.030433546469717285
110765,0.24697835404056
110771,0.19441701781946083
110774,0.12272320296154758
110775,0.15823129386486864
110784,0.1618106889583216
110787,0.23168577615722508
110788,0.2594690506241995
110790,0.11149453856003612
110791,0.2684071700206256
110793,0.1366383512516406
110800,0.17483137909938862
110811,0.13416005000341513
110813,0.19362676832805958
110816,0.027799100586456123
110817,0.1311729364290044
110827,0.1341941809127643
110830,0.2398056492511857
110834,0.06767133711696265
110836,0.03302498790094606
110837,0.12510556367255798
110839,0.10039919875838309
110840,0.1350063931568014
110846,0.0910281935467628
110867,0.11211710680782787
110871,0.12859859965677634
110872,0.17893692452395368
110875,0.23796083211630453
110886,0.12969421170690248
110888,0.13495674854148904
110892,0.1345353337356166
110895,0.053448101672806586
110899,0.32106096795311756
110902,0.23362030375891232
110903,0.17343571124788462
110906,0.07167489303167093
110909,0.09580702925727747
110911,0.13962301576885078
110912,0.2791757810959073
110914,0.05784501732938828
110915,0.2976255067376205
110919,0.3912228341195511
110924,0.06812509767191803
110926,0.10441937969457739
110932,0.18559869847458052
110933,0.038075624620934674
110935,0.09224401225491466
110940,0.08187027788656363
110946,0.2935542073279884
110947,0.01983398150966522
110949,0.30143104663078363
110952,0.09924117027768342
110953,0.10755850870987445
110962,0.053480886140454216
110971,0.1588248746031847
110980,0.07989108658773061
110991,0.09009469218351779
110995,0.13449986395253993
110996,0.14630250134736694
110998,0.0546914656858384
111000,0.02881466334234457
111002,0.15126478893690512
111010,0.02586042287801434
111014,0.16710641560231165
111016,0.20325249323721592
111019,0.04157686525317531
111022,0.05849666664473081
111028,0.056675704835808145
111032,0.09573797653944827
111034,0.24321782006693862
111043,0.18237771736770583
111045,0.13559655916362204
111048,0.14197405467178875
111053,0.06315262822319706
111065,0.06174817968277269
111067,0.040145365514711234
111070,0.13418876196997204
111075,0.03688333359264929
111083,0.35089608276970935
111085,0.04386026773605039
111087,0.07543566176744552
111092,0.28745323534514094
111097,0.14548973802779258
111105,0.20442663256798807
111106,0.0494914921795923
111113,0.17409578027953268
111116,0.14103144163480755
111124,0.5990567522889715
111126,0.08314949966184298
111128,0.18504499041455746
111130,0.321545865604028
111140,0.26450832385041484
111145,0.0785057613230891
111163,0.058181308075116005
111164,0.038504323305475555
111165,0.14699997094615497
111168,0.11682563682568362
111171,0.1698862582020647
111181,0.02208483391500525
111182,0.10581708368105128
111190,0.030381788296972682
111192,0.01458001182761527
111195,0.3288232075650706
111197,0.25302155620233074
111205,0.04581764378892073
111207,0.13673915123963867
111209,0.1969821310108899
111211,0.11913419737530766
111212,0.064750387342355
111214,0.294586368129595
111216,0.132566660361105
111222,0.265725613454717
111223,0.13434063986738468
111231,0.02573897564792589
111234,0.1525508343191199
111239,0.0615817266470708
111242,0.20164374428199536
111245,0.16933924078206725
111246,0.17901019587296196
111252,0.16350210386835334
111255,0.02505638269528886
111259,0.3391203680980375
111267,0.3218433850982827
111269,0.45757955321016686
111270,0.12420520171977609
111275,0.19548910394390598
111278,0.1414579004295208
111288,0.1412274305873794
111293,0.01007357265533281
111310,0.13275638020617447
111311,0.1693308222845802
111315,0.06392534331945304
111321,0.12753487942298158
111323,0.045147389920182995
111326,0.3617410186791506
111330,0.20896155545990835
111335,0.1602379222769638
111337,0.231192358236811
111340,0.07899243435118794
111349,0.06790227248786884
111359,0.35221957744839955
111362,0.2255682546778313
111367,0.13969615331695967
111368,0.1945361341526488
111383,0.19556237594210818
111399,0.17739565861519666
111400,0.1687749647227632
111404,0.14833379070532343
111411,0.16030791075057804
111413,0.04400798003846713
111419,0.09914387610831384
111423,0.06261781357548048
111433,0.2629900275714462
111434,0.3300286533551453
111435,0.12244422210813892
111438,0.040267377953703644
111450,0.058074990485506364
111470,0.18358376710685934
111472,0.12598448349241362
111474,0.2837562006739553
111485,0.2142942723459605
111486,0.18429850108805818
111491,0.11541795720013585
111492,0.06906528927513847
111497,0.13328396420662142
111506,0.11970652605833666
111509,0.07133725361090305
111519,0.1152904939124007
111523,0.21452154981469546
111524,0.17586066985879256
111526,0.144723612989752
111528,0.1846357256380005
111538,0.17076411493495391
111544,0.3042887356556028
111546,0.1705400468353124
111557,0.042797555062593105
111559,0.1225175730777516
111560,0.13759523161441406
111561,0.08088871630085459
111562,0.09958536556754542
111588,0.17975192540131493
111591,0.018532883179702746
111592,0.07551387481983578
111593,0.30305229523396277
111595,0.05864863168435092
111601,0.2969225721162204
111607,0.1571447415507793
111630,0.21520081847067798
111646,0.1977113816311265
111649,0.05933397855425472
111650,0.03530091691719781
111656,0.12537174886384012
111659,0.0717561040115633
111660,0.14500071023860914
111676,0.05631373475316324
111680,0.23948278001743248
111681,0.15519190448104064
111689,0.03312620108598739
111693,0.0882687479209896
111698,0.22877389534767995
111707,0.13315888463678283
111712,0.3124396265694284
111718,0.05106461355062788
111720,0.029066468934017126
111721,0.05790689353495702
111728,0.010645578051115356
111734,0.1756665848353571
111736,0.07811314376723677
111742,0.0970514488814966
111743,0.059308269678229955
111747,0.06374960608291912
111750,0.04577451839124549
111764,0.06318422965361158
111775,0.1390732149723949
111780,0.14413322797576722
111782,0.19141991502647004
111786,0.10935521072689441
111788,0.03969028978426826
111789,0.09211892154628569
111792,0.2253684097866788
111808,0.047611147890879786
111815,0.2933418558422893
111821,0.14701427662980662
111823,0.036206611582844474
111827,0.09147884323897292
111830,0.10380895536546847
111832,0.25215128746470894
111835,0.06699650915723222
111842,0.07407388211438741
111843,0.039399886915333124
111847,0.2067314716101342
111857,0.030951766074103243
111871,0.14934705928123462
111884,0.015623687846992905
111893,0.31081359975359246
111902,0.1504307532466781
111921,0.15247024032855297
111933,0.13762419732029318
111934,0.2363303042741466
111939,0.023055356662110987
111942,0.07958677413967825
111951,0.1347054379869472
111953,0.09910039364111889
111958,0.02863059142550717
111985,0.048859869550769375
111988,0.039796766088897866
111990,0.0881659338676291
111995,0.0624141962673198
111996,0.10509789193210124
112014,0.07349976307609474
112023,0.04383907601606368
112026,0.08160497228825367
112027,0.2779537960475317
112030,0.28161406896645724
112031,0.27494374355552303
112032,0.07055507282469384
112033,0.17639345419792848
112034,0.024411368686806025
112035,0.28175819504214805
112041,0.18446249991964023
112044,0.20577950778532622
112046,0.1781196969760574
112049,0.08525661292688934
112066,0.06104652719793673
112069,0.06157920935752111
112070,0.27105144873941056
112083,0.08281677085292383
112089,0.04434785783893843
112093,0.48191335192081525
112097,0.02308954363640217
112102,0.11035138684643866
112104,0.041112576505430244
112111,0.13130017728410714
112118,0.11482980482590688
112119,0.03197194378441723
112120,0.11755564603184115
112126,0.043136336414402884
112129,0.1345117570395586
112130,0.03898633409858881
112132,0.10688233093457093
112141,0.07871282877770157
112143,0.02497686036428525
112148,0.28219612918130255
112149,0.05829925209548693
112150,0.1117494887639596
112157,0.1067568739042763
112159,0.13713518050855966
112175,0.1265013742676472
112182,0.2026376821177862
112185,0.18009248621993607
112186,0.04221061460766425
112190,0.09527665584006643
112195,0.09819487580962587
112201,0.09374864089724162
112206,0.17559772413307326
112208,0.1814638204709268
112213,0.04721342271983351
112217,0.0976909074585927
112222,0.1006957528664309
112223,0.061626987266091574
112235,0.030487963563985688
112236,0.03594768505169322
112238,0.15139125391229355
112241,0.040032787218653075
112246,0.1385957110210509
112250,0.08908126555966162
112253,0.33989411047618495
112259,0.08062157302852925
112269,0.12651828616045094
112272,0.03739356137957517
112273,0.04210551602821608
112281,0.01696535948243137
112286,0.07192202987028389
112289,0.12401764191536385
112291,0.044629270009881684
112292,0.06630772231457781
112297,0.3717974979626442
112299,0.036584449930432174
112303,0.10571605424940693
112308,0.053722145862520256
112313,0.252835122016558
112317,0.16446624435354665
112320,0.05252359304698961
112330,0.11507121751821767
112334,0.035977639044065916
112335,0.11652243223749047
112340,0.029565310581208915
112341,0.17016830772648972
112350,0.03795638945951107
112353,0.05664533770878369
112354,0.36426978334036675
112363,0.10319283968834528
112364,0.07445614515575508
112382,0.1717603934318406
112389,0.16486840552846366
112394,0.025017797932236446
112397,0.29168896950197176
112405,0.0368860140185203
112409,0.12123741824176104
112410,0.014855142778421124
112419,0.14043601744667242
112432,0.41157971028041435
112436,0.08834035573869493
112438,0.05864997806372826
112440,0.13423272538729497
112443,0.3565320325621061
112445,0.16011194638815657
112455,0.3229349176568902
112459,0.07335008402798404
112462,0.035295614792445654
112465,0.0999853599329151
112468,0.3108177628373684
112475,0.10820674013374772
112478,0.30386631267379666
112481,0.12688419045217134
112486,0.14416773721375215
112489,0.1386234550213172
112496,0.16700502113480578
112501,0.22289362327285242
112512,0.16277320428231698
112514,0.20037633059769602
112518,0.0863387706922423
112522,0.22565711506001968
112529,0.09493666185874447
112543,0.17077852481095931
112561,0.13997615596678697
112562,0.03744372556208143
112566,0.07887411453351056
112569,0.061520981111830644
112570,0.16526777426419034
112572,0.46993896227362
112575,0.07161937767469127
112578,0.16104850158242123
112584,0.10130122784246987
112585,0.0798890980836889
112587,0.2765000195574916
112588,0.0848065591368182
112595,0.06631602241853635
112597,0.10805475956626809
112602,0.12158050134704815
112605,0.08969413603157896
112606,0.1034715473899939
112608,0.22928770591507697
112609,0.1736918577883168
112612,0.07343076189337588
112618,0.027824903816307953
112621,0.20808301249997807
112625,0.2838290995260578
112636,0.05405891631919186
112654,0.11673101136246193
112666,0.148265445463798
112668,0.020830291842043137
112673,0.03633426244277882
112678,0.06067869324134741
112680,0.10306093297201457
112681,0.18065968019642384
112686,0.27324198381154297
112687,0.0975839619307641
112693,0.044025156287103774
112694,0.15293607496702114
112698,0.09901528256131324
112699,0.08388399139316169
112708,0.2424776865875611
112709,0.1853773970748329
112714,0.2811228234912482
112718,0.09565332484928364
112724,0.10453271729966465
112725,0.31108547627322647
112728,0.179814482800745
112730,0.09987573718940969
112739,0.22209578849797879
112740,0.36934153744452
112741,0.21485339032361428
112756,0.26318657912673654
112761,0.19624857036705662
112771,0.09245502657487002
112775,0.1129499366773779
112779,0.22895366147509072
112785,0.2844584759757349
112787,0.17781909707130023
112788,0.053377046352974813
112793,0.11527116828848535
112801,0.2102013682889257
112804,0.10244901356824154
112814,0.09308583040754002
112818,0.03818844347125102
112820,0.4114028877284131
112821,0.07490719946101655
112822,0.14670274677612483
112825,0.12362535509867746
112831,0.2834807272540564
112849,0.1478573470829298
112851,0.15846049076829122
112864,0.13942439710286264
112865,0.11010809630693448
112866,0.2648532911654863
112867,0.0919018903671616
112877,0.13268424181589114
112878,0.32202896452925034
112882,0.10319561479617466
112886,0.14306389282528192
112888,0.05663368684233401
112890,0.09131872116078625
112892,0.1264865195504687
112894,0.04928319203338742
112895,0.3241696235885303
112896,0.2318275870322239
112898,0.2636509988350475
112903,0.11143772020521836
112906,0.04962558021298241
112908,0.2188354572864809
112912,0.09402675710495627
112923,0.05788123355148427
112938,0.37291918595131224
112944,0.07162951982555281
112945,0.029689821153464965
112962,0.10498372158534491
112971,0.0267001766147865
112990,0.03765770252800731
112997,0.13788484221455788
112999,0.02388069028277724
113004,0.19053063105150714
113005,0.10738121277823733
113006,0.1710831869938865
113016,0.12620132358408356
113019,0.11062454731987947
113020,0.10883083783568076
113025,0.08316030118693997
113027,0.1119588411476923
113029,0.11593561539069475
113032,0.10554955451796387
113034,0.20945942149538274
113038,0.09460891454912876
113043,0.08409304543420137
113044,0.31170654927674757
113053,0.2416573826722596
113056,0.06148112682858263
113057,0.05756079452107035
113059,0.022996299555440438
113063,0.10147272571590767
113067,0.15377538468441862
113070,0.03300043383254614
113075,0.24763410256383867
113076,0.2156496107819799
113080,0.2107867231340828
113084,0.07257256832989417
113085,0.10654329232778055
113093,0.03307494318840961
113095,0.029645695067583175
113109,0.060226434527783604
113115,0.21726950735832148
113116,0.14885402079643917
113126,0.16321749008959766
113137,0.1537923729713519
113138,0.20001018784608976
113139,0.17504212087950044
113143,0.17465523884895115
113145,0.11434502759809995
113149,0.08972941848570444
113155,0.0828898019087719
113156,0.05459218090770434
113158,0.2843303565048513
113159,0.04417636113062094
113167,0.1336001789447327
113168,0.0628562140399152
113171,0.13655992545038387
113173,0.15110628403197848
113181,0.06016441786329539
113182,0.15493930428158992
113188,0.14761679957245782
113194,0.036525160172408665
113209,0.20208075008022788
113212,0.09698320194363502
113218,0.24939418497946933
113220,0.10214146562202274
113226,0.019454485340453027
113229,0.2438811652227242
113230,0.15186002090321743
113232,0.2540692392675037
113240,0.035221124242933
113246,0.032054238710595984
113252,0.08172282593443063
113261,0.07417502793744611
113267,0.10941100265624655
113268,0.1737585111566529
113273,0.1973062472750258
113277,0.08301564889895259
113289,0.16548379743231534
113293,0.17617748268125505
113298,0.13690816737203101
113299,0.23866748497617699
113300,0.088770639185322
113301,0.12968883362440076
113307,0.23255807425297856
113312,0.0701509496722151
113322,0.1342676570602648
113325,0.17238673695629927
113326,0.10180914761836161
113328,0.017796538599148495
113330,0.13504754350463558
113333,0.031630514360896984
113334,0.026132109412883048
113342,0.14145459362194104
113343,0.024043007038896516
113344,0.10733924269489471
113357,0.18742452361668782
113358,0.08916093659397291
113362,0.06646401365223395
113365,0.13260882875903238
113368,0.12731030090126041
113371,0.18858118621833247
113372,0.27320241402881495
113374,0.10231755302497897
113381,0.08331768921148726
113388,0.2690731822597894
113391,0.09765412666862003
113393,0.14507092039095845
113414,0.03138739303976206
113415,0.05837866073949523
113416,0.13745984632235383
113417,0.07195714214450799
113419,0.22172672622893355
113421,0.22367217763087555
113423,0.11056956548778374
113434,0.17413877511982886
113443,0.12886618326273214
113444,0.04081592652491196
113453,0.23363547970250279
113460,0.2174434967406867
113468,0.06279747081520574
113472,0.2854027135153519
113478,0.19489764418034222
113484,0.23069369657706398
113486,0.08660165674784863
113497,0.23077964654930763
113500,0.17847226551303688
113503,0.2909035332841849
113508,0.03697783056980408
113515,0.055965767543475604
113527,0.08729386465718873
113533,0.10073958088755686
113538,0.058547523513398175
113543,0.09212498476784023
113549,0.26801746986087005
113550,0.15112085888477728
113551,0.04755353481832628
113560,0.05347781593604679
113563,0.20471228275677086
113566,0.18533556494400213
113570,0.04767068106780949
113579,0.04770577800067431
113587,0.192815316135376
113593,0.051995415566101294
113602,0.06986041112286674
113605,0.050237229250711835
113609,0.05452875953789962
113616,0.06277332197415506
113624,0.11565138687220522
113627,0.07969271216992398
113629,0.024974967904468716
113633,0.1465962124790058
113644,0.09048777016237908
113648,0.01326034964756186
113652,0.057291417141965034
113655,0.1481543278614161
113657,0.3622515039085684
113659,0.24845515341888613
113662,0.24084539467909394
113666,0.11002478171685805
113672,0.15243690650110436
113677,0.21589348939096478
113679,0.11707411693588234
113681,0.056519157499115194
113684,0.5545740884628162
113686,0.10259596968207767
113697,0.12606287694097432
113702,0.1744242508808992
113705,0.19668361251691752
113708,0.057165590323473216
113720,0.05456782970133985
113721,0.07475739438454955
113733,0.018046895964599567
113740,0.1598017351612965
113764,0.15210939141644986
113769,0.058106140571473355
113771,0.09645282794056219
113773,0.26612971384996736
113780,0.20540012061128443
113781,0.0439766005217166
113785,0.23780041235318386
113795,0.18380276323217357
113796,0.05530985842248313
113800,0.15579995535342067
113803,0.30288547181052605
113813,0.041845869911511645
113814,0.04410296754554631
113818,0.06693213994897618
113821,0.2899104663545148
113823,0.03891157091242672
113827,0.04165048164219195
113829,0.27692489507125195
113830,0.08347716752676913
113840,0.0660814448431282
113845,0.02502687903660295
113846,0.08108570368163788
113847,0.08147887460905158
113856,0.06430235370547695
113857,0.1416988112237518
113858,0.029289012629432568
113868,0.07137258879459717
113872,0.2749347799084712
113884,0.060082646609915094
113888,0.4434489971127807
113891,0.0835173576109782
113892,0.0754136079276055
113893,0.3495464007267266
113894,0.09451025137636607
113896,0.09391584852148334
113899,0.025568845989126707
113900,0.07398784608569552
113911,0.04322534263134428
113925,0.0794686230078443
113928,0.12873968831756089
113931,0.15520973544556396
113935,0.06620838652236857
113938,0.09683063195464796
113947,0.09211646240980148
113948,0.21124677747018591
113950,0.12447142260130309
113951,0.3612343496762566
113961,0.18900738667243408
113965,0.20693247551456626
113983,0.07688172923714148
113987,0.11305451006708979
113988,0.2776244330647406
113996,0.14915384512161822
114001,0.09390298203020078
114008,0.10678554085765207
114017,0.020563645572387806
114019,0.050931184019016286
114030,0.13307063400765495
114049,0.27465206661899993
114053,0.019790297929312757
114055,0.12914588146497855
114058,0.04585655628234492
114059,0.056921343259308685
114062,0.2864034399338949
114064,0.05639490950996523
114070,0.3771520158727312
114074,0.13754623936896573
114079,0.1458575307058703
114082,0.2320036205071224
114084,0.08781031452017846
114088,0.09695729788710925
114096,0.01979568858403294
114103,0.043567347717609985
114106,0.02727386552342728
114110,0.05381668452238008
114113,0.048013211083162276
114120,0.12760341849842044
114130,0.06956510757632312
114131,0.14503366313429614
114135,0.23195829013139088
114142,0.22205134495461162
114144,0.04239281492613606
114151,0.11708557871440488
114159,0.060487401346554455
114164,0.0390476622196294
114165,0.0860615047439728
114185,0.07725018274103118
114195,0.027282798479937868
114196,0.02483804384859138
114197,0.20456636415431662
114200,0.16125373977604077
114202,0.0810468346895489
114211,0.028799366759508734
114216,0.1435379775179287
114232,0.025254995944784107
114235,0.10224513559882627
114238,0.09693837705283583
114245,0.13094632296346229
114247,0.03532722072548032
114250,0.11221416726625219
114252,0.03953005914694154
114255,0.10028737268928789
114259,0.04686054569250729
114264,0.15377417096279397
114266,0.10644885082797667
114269,0.16936873950212192
114273,0.07028255043836477
114284,0.046962657532198054
114287,0.08829484118064473
114288,0.11943432592106297
114289,0.051237487686179216
114293,0.21273318534891303
114296,0.14396434267605013
114306,0.06266971435105356
114312,0.22077986155962528
114322,0.07092598883937969
114326,0.058837226531113576
114333,0.06653490093405592
114344,0.018747113711411176
114347,0.07731114832418617
114355,0.12817962408884134
114360,0.16798945103883495
114371,0.02401842102376892
114372,0.12851287609998446
114380,0.12570614609210146
114388,0.0600855955518303
114389,0.1001211458514124
114390,0.12999468460270058
114404,0.0611491430635166
114407,0.10210992851350872
114423,0.1487990982666427
114424,0.15830920678702318
114428,0.012781569229969498
114432,0.0592314264830964
114436,0.024947998638591536
114440,0.3274728245144448
114443,0.1285447984168779
114444,0.06603113682566764
114445,0.08400007548888863
114447,0.1535411943150336
114451,0.06668753693088039
114452,0.12110021628179006
114454,0.04968529593152285
114456,0.17388564779334298
114463,0.16630047263129882
114472,0.10706302722984713
114473,0.19138495932243424
114484,0.31052671423389056
114493,0.08685392356326492
114495,0.37052191819646213
114498,0.07265135850712695
114502,0.04587514253542621
114509,0.016999026354283384
114519,0.10284179534892232
114539,0.3290640175481849
114542,0.09060978944190766
114543,0.06701688691090908
114550,0.1409256921797724
114552,0.11787433993888555
114558,0.028116560877133594
114560,0.05957256157717848
114567,0.18574273444291375
114573,0.12880705362514705
114577,0.14265300659883187
114586,0.24236251476551407
114591,0.10403616969131958
114603,0.10289603215387398
114604,0.01537456974208146
114615,0.12158786933195863
114620,0.03733316447131804
114625,0.17080347336048984
114642,0.054352954016151825
114650,0.24330269880716324
114652,0.17683903356414837
114655,0.23604347004463783
114659,0.26497757397796096
114666,0.043339096402375106
114671,0.17469915735624736
114675,0.1425408320300828
114676,0.28385311604525815
114677,0.19208237975610176
114684,0.13167911364354978
114686,0.07960409352114348
114688,0.1477812906954088
114701,0.08580535857132722
114702,0.2971535569610152
114712,0.03702637427714736
114717,0.1187175073786418
114718,0.12008474456086192
114720,0.05147090234053648
114727,0.48971968126503457
114729,0.09018800424409468
114745,0.07479454288553797
114760,0.10531250993676616
114761,0.07862612017245484
114766,0.172235698328914
114767,0.35725613952622537
114770,0.06345155607065855
114787,0.11695686971415002
114799,0.13512017106609783
114800,0.20578120797492785
114803,0.3188620513240246
114816,0.17930196935839307
114818,0.12702697077286723
114819,0.07518559513826199
114821,0.026273495361935937
114832,0.019218839079663843
114845,0.18496763472999248
114846,0.04592640122565897
114851,0.2291961054722981
114855,0.3232200661842698
114867,0.08906567928010944
114881,0.10741128290566487
114896,0.22552099636554807
114904,0.04046361652252087
114906,0.07451432059579666
114917,0.2320169269293379
114923,0.1673131351693649
114924,0.205211663587734
114926,0.08055212116696152
114927,0.16577382577731856
114932,0.10451878282559426
114937,0.025818344902841326
114938,0.0684017413843807
114942,0.09827707170336453
114943,0.12073027283283314
114951,0.11522001389365612
114960,0.13570145141412684
114965,0.13809714205752324
114968,0.07905952493323369
114971,0.18902535148764857
114979,0.250438679181242
114988,0.016361819264959193
114993,0.07880478486710006
114995,0.1113094529747017
115000,0.05580588696136159
115013,0.025189989341557067
115026,0.12502916228023517
115036,0.046673272644634785
115051,0.02718028400184283
115060,0.16709410013218615
115064,0.025743344555665765
115065,0.028351561459103024
115070,0.3056408634604817
115072,0.04014491421441887
115073,0.07048135639849533
115079,0.08157675216730569
115096,0.09846633675874142
115098,0.05838460637323671
115110,0.02971286810895364
115118,0.029139866946806925
115121,0.07515594403827933
115123,0.2146908902018189
115131,0.13404875099760222
115143,0.2104150097375458
115146,0.03947151484271581
115162,0.07480486159847587
115163,0.07837270195448476
115166,0.07564139234153267
115167,0.2186191459336242
115180,0.14983974738529673
115182,0.08533117881125954
115186,0.24239994719617025
115189,0.15937595371968083
115195,0.13914434069893888
115199,0.3421627708114688
115201,0.09434888993372947
115203,0.03152407287388078
115205,0.11310741821643493
115215,0.09546330811122819
115223,0.1973871856014589
115227,0.047442938562165755
115246,0.29395605861405316
115248,0.08489601054668504
115250,0.24094271957082025
115252,0.16533050451106657
115258,0.10910145090475348
115263,0.2276695021946551
115264,0.10045628027962679
115272,0.10800441117629198
115275,0.15388311716659892
115283,0.11161502542085093
115284,0.21136779623157065
115286,0.10621396213191742
115289,0.16531854586110506
115293,0.057593949127393136
115295,0.0897805289290911
115299,0.03710407104624995
115318,0.058707967657166606
115321,0.08966609726481305
115340,0.06635581495344989
115350,0.058128277022959134
115351,0.04461640798500833
115356,0.06757740267143693
115360,0.26338714487616355
115362,0.021893093172343715
115375,0.069724034830244
115380,0.3463153590231292
115385,0.2436512204134153
115387,0.16481453303641153
115389,0.07041043012318851
115395,0.11203661165755917
115403,0.24345980580644117
115407,0.20708759355467857
115415,0.32314234027306654
115418,0.31550540509337216
115423,0.06362552804334959
115424,0.05465411718820373
115425,0.044318328507858454
115429,0.08381897465278157
115434,0.07965093368014847
115439,0.20304366193892456
115442,0.08110387870955467
115446,0.03976140152928455
115447,0.028992893852556757
115448,0.0817294523002113
115453,0.10243044609376391
115455,0.09042316869088654
115460,0.028338727553254173
115462,0.2202327118474659
115467,0.1505923321744669
115468,0.2065843118127337
115471,0.08479215002944825
115475,0.03228042980697853
115488,0.08327776179547527
115495,0.13476678170696024
115496,0.34983876071761355
115499,0.2955161898093748
115501,0.34065572919477966
115514,0.17585106142740983
115522,0.08388233958738811
115545,0.059858355773493174
115546,0.08921301756526483
115551,0.29236506938732104
115553,0.01840390189373406
115555,0.15427971997874346
115563,0.051054679815287454
115564,0.08276175427725893
115565,0.3537856744833895
115573,0.11059234083579818
115579,0.03410929211314922
115583,0.13601910304535617
115585,0.0503269500773856
115594,0.15739895904329826
115595,0.10352883878623728
115597,0.04122072077164088
115599,0.23607200603210723
115602,0.09247079857566182
115604,0.02116673706721487
115611,0.11960873327748989
115612,0.103546513017613
115619,0.03475345052968934
115624,0.03630038210835637
115626,0.29043115951160403
115627,0.3375233782297873
115632,0.2697071931011522
115636,0.05828933686305426
115637,0.13988886665778308
115646,0.29123687072872345
115648,0.06714862181363469
115656,0.12883312252515147
115658,0.09059375326292797
115659,0.04275972042531438
115667,0.18882882402653056
115680,0.0830751657676966
115682,0.11023469796308909
115685,0.08844514147866879
115686,0.05315523729117446
115694,0.15892789912934888
115699,0.17683944081902023
115707,0.15627539967165197
115710,0.09941292282530616
115714,0.06320956143251652
115715,0.054426958082583986
115716,0.11328507871057217
115722,0.2444274766358053
115741,0.20387759718323406
115745,0.04615641548590488
115746,0.19401729119511935
115754,0.33316116159110754
115757,0.10477612822859805
115758,0.27623728357225874
115770,0.21447969639275508
115779,0.13748568075577672
115784,0.22142740849676373
115789,0.28526473593970153
115798,0.10073005504517905
115801,0.10566559893175939
115815,0.05008134772292787
115820,0.14855455835369658
115827,0.1003504995872203
115828,0.0283031900915632
115830,0.12693335637491318
115835,0.020257621559344734
115836,0.18299090897263964
115839,0.07593458033401615
115841,0.05551677555259834
115842,0.1475567770429635
115843,0.11517712912445725
115845,0.23115808716887526
115846,0.12902402252807266
115850,0.11458284700667073
115862,0.0378394519644979
115866,0.1477400070039788
115870,0.21227125083451087
115879,0.14124611651233732
115885,0.19857354353024617
115888,0.16245344251629595
115890,0.14579031600948697
115892,0.1308412687090167
115903,0.06015032939667793
115910,0.03540203830380862
115912,0.037628913914637796
115917,0.10630890517185866
115922,0.37237727356513245
115928,0.1593800771303971
115929,0.08935559717444391
115934,0.3271082885569918
115936,0.22055194791249721
115938,0.2202685583567205
115940,0.3549209660878321
115948,0.10772792731278504
115961,0.1858717669979904
115962,0.07929520284646253
115965,0.05498655574226203
115976,0.27050027122383685
115978,0.06707823501002429
115985,0.09587590473904034
115991,0.023556588115332188
116000,0.03454317602341401
116001,0.07472322016456202
116003,0.10413807519810371
116012,0.1490846232171247
116023,0.04600651039206757
116027,0.04353984973923553
116029,0.2416541839173671
116033,0.17672736986523874
116034,0.1669280885877839
116036,0.036943000090888474
116044,0.03889580250918561
116045,0.10014666050843567
116051,0.18697440553243058
116057,0.025862517006671953
116058,0.054398722137570875
116065,0.11972256349374492
116066,0.15985592663450843
116071,0.1900620837511523
116092,0.11497019530722816
116093,0.13468418094262577
116099,0.1936920847822836
116102,0.2975222852584648
116114,0.03660144942243849
116115,0.08751775852151143
116116,0.047126614197594494
116131,0.08316569481107072
116132,0.1860475459898989
116136,0.05788391069751968
116137,0.11461209713304506
116139,0.029730220796245252
116147,0.1701909686603354
116148,0.0915600623766908
116152,0.13612113797668166
116157,0.04080489167795473
116161,0.09722571058621754
116163,0.08438766916399294
116169,0.26699714789104995
116170,0.026475993544154124
116182,0.028984180799464597
116184,0.09542471572765955
116192,0.037991263764970355
116202,0.043749445599613156
116204,0.04382888811082526
116218,0.17966833811596467
116221,0.18711262267235299
116223,0.048720309115590776
116229,0.11142161334643706
116231,0.06336350605391895
116233,0.24687063137859036
116234,0.2531027850948281
116248,0.03384096432500105
116252,0.07678548604547122
116253,0.06108419294979001
116258,0.1197557344610642
116260,0.17093653824914204
116261,0.1302432670311666
116265,0.15321530643563364
116278,0.08879830338828211
116283,0.18295411182757826
116288,0.1886232870466857
116289,0.07523702954534477
116301,0.16924448895809438
116303,0.11035817531115578
116307,0.07234306200391526
116317,0.26712227612582046
116326,0.027544401343163456
116328,0.10286120747312166
116344,0.41404168610342157
116349,0.059932967340840936
116352,0.234663672393065
116353,0.05461751961340476
116358,0.09531344863812957
116368,0.2525161122311001
116378,0.14883485228785928
116384,0.026189988563050194
116387,0.05478649167409863
116390,0.12350392316247055
116393,0.13604840070074212
116401,0.11042366695023507
116405,0.020360885642075287
116406,0.050184743655083096
116407,0.12711596970462952
116414,0.07766245764101366
116416,0.21171414636949798
116420,0.05238101890798263
116429,0.14307071738548802
116433,0.28644650822105183
116438,0.336219605010001
116443,0.058737110810357776
116444,0.04893056533562289
116447,0.16286939493445762
116448,0.021545640017944987
116453,0.06769645064463724
116455,0.016742737737926994
116470,0.16488337252075166
116471,0.04928692669323083
116477,0.16445357237489897
116478,0.19774657274088173
116480,0.0934001007632961
116481,0.12988124439506732
116482,0.0555603854406986
116488,0.03158921487920539
116490,0.178526093175353
116492,0.04012995955062542
116496,0.1638573634846667
116506,0.24912132631054335
116507,0.06213331147647066
116508,0.018774653150922384
116520,0.07454716134602059
116528,0.2649018249841587
116530,0.17621160790002338
116532,0.17806862575137508
116534,0.17481934045515857
116552,0.10827108682128264
116558,0.08592856243605108
116567,0.2910736668202075
116572,0.16731120313334694
116579,0.1399178508960839
116591,0.1566367653089776
116593,0.12614081549123501
116600,0.1876982051824643
116601,0.29960323880463985
116602,0.12392739298376268
116607,0.16185856456298972
116610,0.14838817770715776
116612,0.026597129884230273
116615,0.11407195651922777
116624,0.20453673701308
116626,0.23596134268762767
116627,0.12902946653751368
116634,0.03382894682758102
116648,0.2069860614719113
116657,0.06157766268091138
116665,0.2903895002731291
116668,0.1919302572902118
116682,0.05285006034338211
116689,0.06686923279581489
116692,0.08086294792052036
116693,0.15844795118839064
116714,0.2333905129297595
116719,0.05240801983409628
116723,0.09028663263682626
116732,0.06198325214938549
116740,0.0753979859275718
116743,0.23973279161771377
116747,0.07850315618172761
116750,0.2891540085272421
116752,0.12865784269468855
116754,0.18010712923254896
116765,0.23047154375731774
116769,0.1253501581885576
116785,0.15587515993488563
116792,0.08408883913829734
116794,0.1129171721608435
116796,0.033782030974306584
116797,0.07922143973055137
116800,0.0657957858654614
116802,0.08200669100304393
116804,0.091439535290437
116816,0.07695198108453291
116823,0.06390828580116473
116831,0.11135141728502006
116849,0.06284534803627351
116861,0.025270888752370452
116865,0.04092815210195033
116866,0.021123675306067336
116869,0.16357119155690175
116875,0.15888766325433964
116879,0.07531417395196492
116885,0.0835935408655174
116886,0.22935429222701542
116887,0.13095896348030575
116893,0.10221679297909891
116903,0.027081629241441134
116907,0.06601118447066336
116913,0.13115770954190023
116920,0.19655122658523955
116925,0.1368001983975981
116926,0.1464074938032547
116931,0.15775487269805039
116932,0.14574304444925712
116937,0.1894553986393988
116940,0.05525665724451681
116950,0.04583548483532074
116952,0.15161757919231303
116960,0.034215872213200535
116961,0.15105379160568674
116972,0.08677066439831833
116981,0.2805574895872985
116987,0.2650564657149448
116999,0.17425226926863802
117000,0.1538795602954837
117003,0.12361403089733618
117004,0.08955412139698264
117023,0.09030731833721467
117027,0.13597829037996922
117029,0.3474667811179197
117030,0.2984515442005905
117031,0.10969076086807499
117033,0.10309266517230567
117044,0.053137826603415414
117058,0.17135903679447123
117065,0.055136734182146666
117067,0.0860496249980772
117074,0.10487547020644931
117080,0.23778753044474335
117082,0.16696990465717976
117092,0.030381645135355607
117093,0.06915791632042796
117095,0.05897297532654652
117096,0.08018642395884475
117101,0.1014637931113636
117116,0.3821427269019894
117117,0.12918267867472505
117118,0.06466771391797048
117120,0.05749824465657596
117121,0.30112118898785234
117126,0.12795794985895867
117142,0.155917331450128
117151,0.2294207689063163
117154,0.12000878597933246
117171,0.12478168740181302
117183,0.13826315350901747
117185,0.015950339762246975
117189,0.3069635607198076
117200,0.3248453658620688
117201,0.10008211330947107
117211,0.15964302696527694
117214,0.3136092796807694
117219,0.15396937981636172
117230,0.10398915286614169
117245,0.08173632072518762
117250,0.2276607077409928
117253,0.01191363948081485
117259,0.3837103187561848
117263,0.15690603895968555
117264,0.25769372829292364
117266,0.15141772515506566
117268,0.43207204687630396
117270,0.18783669710190773
117279,0.15070591706097985
117285,0.05364967182445671
117296,0.12528237524739275
117298,0.13073319744387632
117303,0.06123824466999941
117305,0.11458914985166671
117308,0.12904721494096133
117310,0.03419657998384188
117312,0.06391912069327478
117313,0.17404319434521448
117316,0.16652477554722675
117318,0.11592397158492211
117322,0.0644066929851028
117332,0.14763745973767362
117348,0.061245276953758906
117358,0.04771237624239997
117364,0.10777621860712097
117366,0.15140697103086964
117375,0.1296953443665021
117388,0.21100463816094833
117394,0.22130825329082182
117395,0.12355695869924095
117400,0.15452056999262048
117403,0.2722856373186627
117408,0.10227238171101984
117416,0.22431422832783646
117422,0.07004597045963948
117427,0.05738474364353035
117428,0.03730815591140866
117433,0.0789482965332356
117446,0.29544012337381603
117451,0.08489617478849104
117452,0.16759928641154978
117454,0.16337840074692028
117460,0.16355199044599625
117461,0.05847958718725657
117463,0.22239413374352626
117464,0.01614177596202898
117467,0.1381109466692419
117482,0.20208490647416905
117483,0.1766347384910285
117487,0.13980577226504912
117502,0.07830526232831977
117511,0.0479471401214122
117518,0.25926466746992477
117522,0.22087703525518726
117523,0.08378155705504396
117527,0.1273786310754454
117540,0.196607493918721
117555,0.18431101122064766
117556,0.15997182912794713
117566,0.4878287119214637
117569,0.09281267709739642
117575,0.24496496752828892
117580,0.0896493836958131
117581,0.08040481446808924
117588,0.1762220650322689
117599,0.15605502702063692
117601,0.09413734376416279
117607,0.07805029619669927
117610,0.06318964046956897
117624,0.07145561485010438
117630,0.13566547737475076
117652,0.19720316754028558
117656,0.21781594214872535
117658,0.1136637325111831
117659,0.02747391315453077
117665,0.10135561647768929
117666,0.11857717491358809
117671,0.11684266101257085
117673,0.17184799480823915
117690,0.18188344878752807
117692,0.05888764509806834
117693,0.041573628515498375
117699,0.047888537132826994
117704,0.030755645398925287
117710,0.14673918021812726
117722,0.14179284462198385
117737,0.08495417091275424
117756,0.24357489389320594
117758,0.25299556230317993
117764,0.04481317032207163
117776,0.24882734154328517
117778,0.13177909992460454
117782,0.076819388721307
117787,0.06576442608665632
117792,0.25225847815045066
117799,0.02608344833639572
117801,0.06344883215410446
117803,0.15154393315254475
117826,0.16418411316609074
117832,0.0514921397347421
117858,0.1292342051723659
117860,0.09809818562031161
117868,0.09039153567746987
117872,0.401529492175966
117875,0.09499058925580033
117876,0.10912282932864291
117878,0.05915922284633496
117904,0.021219941705474973
117937,0.3662599324577938
117939,0.05620053446327856
117946,0.07591123733061315
117947,0.2249958943744682
117953,0.14132609644891672
117955,0.17026597934245785
117962,0.10214166001584528
117963,0.08529366716850076
117969,0.12136519704183531
117972,0.07134276689304343
117973,0.32462447058516675
117978,0.12294319669448289
117981,0.06637303517149039
117987,0.11017253211546903
118000,0.08394226589053455
118004,0.03182754150923809
118009,0.07499476777246847
118011,0.08474449266955626
118021,0.29544273866232257
118022,0.19532768502835257
118025,0.059032427555308076
118028,0.050884887928985316
118029,0.060135055233681026
118030,0.11937831713965716
118035,0.09390556347809435
118045,0.056020943739157676
118046,0.07985097959873344
118061,0.1528144611385855
118062,0.10050818354987949
118067,0.3470053683541768
118068,0.1420907233508042
118070,0.12367621748128359
118074,0.19802043042836773
118079,0.13420550836162579
118083,0.2632197972051526
118086,0.09001306763507248
118088,0.06148430045585029
118090,0.08651390685658415
118091,0.2448616209947635
118092,0.16166864975598413
118093,0.10456909476515176
118097,0.055198115283342244
118115,0.09578078190927698
118122,0.021553237510504576
118129,0.16121180908970625
118134,0.10978263809750621
118135,0.51807585622908
118136,0.027998246561237637
118138,0.06707538749333845
118139,0.07298389023817992
118142,0.26303807293851467
118144,0.22831488744541414
118145,0.12549290786331302
118146,0.1409561719989502
118151,0.08669551710266628
118152,0.1049155263008701
118160,0.13453240525653182
118167,0.3225467670225214
118174,0.16321287657562691
118176,0.2267945659599765
118191,0.2458014173912236
118196,0.1435804462260848
118207,0.10117683383131151
118210,0.14378270126962797
118212,0.06638969031287716
118213,0.036800410862646085
118219,0.036314306711109884
118220,0.03523819340078049
118240,0.30623575847358603
118243,0.21328552104309642
118248,0.16520227244500282
118250,0.07326379339156543
118252,0.04082383185939891
118255,0.21738229918311
118264,0.1839659502763382
118265,0.21040590374286292
118266,0.06897661259537749
118267,0.14001872496641574
118272,0.19521818542507793
118281,0.12974696503047695
118283,0.13979347591396274
118289,0.20290372817729965
118293,0.06103094208394761
118295,0.33202676467510417
118318,0.07508517673465559
118320,0.13092721499748486
118323,0.11233791149028366
118338,0.09883319920745898
118340,0.09292702551749499
118346,0.018628559230493166
118347,0.15814845011324424
118349,0.1676832515006572
118350,0.19990277198415266
118353,0.08650088153069539
118355,0.08586379906999798
118356,0.013894005933219567
118379,0.031168898700093952
118383,0.02882806525177591
118387,0.052846256426486826
118393,0.07116221565457968
118399,0.014290777612107354
118402,0.17082701381347457
118403,0.11812842307064872
118408,0.09066752997085056
118417,0.14313202430409666
118422,0.08250259659272423
118432,0.08987117340697526
118437,0.10225647117872132
118438,0.058569881936453946
118439,0.2843103754777348
118440,0.07792819290772002
118444,0.13875754649574937
118455,0.32607195452657467
118456,0.11217610141999117
118461,0.05688730154747705
118462,0.026198068721801446
118470,0.05061235292899462
118476,0.04695455066035577
118482,0.16128889817532915
118483,0.16020439888866464
118486,0.08523962376043233
118488,0.13462189825501517
118493,0.02883677937462143
118501,0.08000508325597852
118513,0.11283311944222715
118517,0.12786599054157005
118524,0.16785863775038007
118526,0.05186901400514573
118528,0.16970207168370682
118543,0.12916192539089885
118544,0.06811103724648705
118548,0.0916480352835264
118551,0.06629222700296297
118552,0.06843554869212026
118559,0.11029613368011423
118572,0.044146486756221674
118577,0.04629940635529195
118578,0.07730891631397642
118581,0.11957700296523305
118584,0.05806408276656554
118585,0.115533490896741
118594,0.11929288216911825
118601,0.35166140330112294
118612,0.12320048220101569
118615,0.1015825653762626
118616,0.1879062207699831
118618,0.05388066154437743
118621,0.043070607115572375
118626,0.125598590297307
118627,0.11796468752010772
118636,0.08797921293599781
118641,0.2587839894640445
118648,0.13342508166996855
118651,0.07246339552183949
118652,0.14250585075805994
118657,0.10006765106306185
118663,0.13693551000552584
118675,0.025742135924072387
118681,0.17643487884610592
118683,0.2609287887271778
118696,0.06581483006404915
118698,0.03039405697853969
118702,0.14588953045454173
118706,0.2511569898412262
118709,0.023632952995034043
118715,0.2682619051231931
118721,0.12209413500314084
118722,0.26424506160833294
118725,0.11255687974321642
118735,0.08809041496771179
118738,0.05872209627988064
118743,0.11671427247216146
118744,0.07277538054597156
118748,0.2121460228528584
118751,0.04246733129427864
118753,0.05191940742277914
118754,0.08778033772636096
118764,0.11326088936615915
118765,0.06900383588673688
118768,0.12191692796412242
118791,0.09543554355517948
118794,0.09342226382380348
118800,0.1586913640457403
118819,0.027262463207065754
118822,0.19335290592922044
118823,0.12250769701713408
118825,0.026279134276805872
118831,0.050841748232603914
118834,0.19849268087581465
118836,0.05493694132615155
118837,0.039723444374666635
118846,0.15036217363550283
118855,0.08919866535624922
118864,0.045215241185548316
118866,0.07891240283630667
118874,0.2946569979315046
118886,0.12395615897764067
118888,0.10105039353595986
118893,0.10216395361685172
118911,0.11741148131810247
118916,0.08316456057498925
118922,0.11416826622749415
118924,0.13685366636862023
118932,0.0765763259343914
118937,0.2641855554324149
118940,0.06636851550849857
118941,0.13482667212438432
118949,0.21798892455034416
118951,0.09328231488563125
118953,0.19387857809368067
118965,0.020596626604513113
118968,0.14667810027099268
118971,0.08177861715730335
118976,0.07736780129694756
118987,0.3072303243610499
118988,0.10566905017164252
118990,0.025165057341251084
119005,0.2925207849846332
119008,0.14797187335396758
119013,0.3179942783422043
119029,0.06688044766559861
119037,0.024973742052291102
119043,0.17496684784020128
119044,0.07116542234528296
119047,0.14807666421898275
119052,0.18384669236929074
119069,0.1142476910665799
119076,0.04579803705501014
119077,0.10807624496809556
119080,0.05372686742641066
119082,0.05583764431869561
119085,0.06460468197588687
119086,0.19770228348394922
119092,0.18751977001922251
119097,0.03342021128509441
119106,0.25246637682222284
119109,0.1079109578887461
119113,0.030929691713198263
119118,0.14750311011982203
119119,0.20516442757145126
119124,0.25962762898006897
119125,0.038901358878139204
119128,0.16918174722813176
119136,0.16677365258783988
119137,0.12814466727481533
119141,0.33939004416365687
119145,0.06653667015648854
119148,0.09388550730879187
119149,0.08652644828029615
119152,0.032754264487726815
119154,0.34529021860120845
119159,0.08020314835691818
119171,0.07964791387130558
119172,0.04352963269057948
119173,0.059293235394013336
119175,0.18480796094788382
119185,0.02460039617445101
119186,0.08396735100220981
119187,0.014619434945637824
119197,0.3350799921255906
119206,0.20943041380125627
119219,0.2731148183822116
119220,0.08039648754769653
119224,0.10767495724580994
119228,0.0750358089923331
119229,0.46156585005700157
119244,0.18584075386576107
119255,0.13325396433975645
119260,0.08164987979217457
119262,0.11272021069586717
119264,0.11732507216605505
119267,0.07931117553853187
119271,0.09451141944670444
119273,0.02953795934368645
119280,0.14139479857021847
119284,0.13619083775365734
119296,0.09535741762014002
119298,0.17150591367646775
119302,0.12210671976605099
119310,0.13333001749636236
119315,0.0691095879685563
119317,0.04402913850460301
119319,0.13638976578514359
119320,0.03798508941848123
119330,0.09562409795687014
119333,0.10901719173632503
119339,0.09741706529268064
119344,0.11951274607032177
119350,0.10669182077146284
119362,0.1103719478768139
119365,0.07981802104520755
119371,0.04678823423112646
119373,0.05953915754534032
119375,0.22350600306688917
119380,0.2727244420333503
119383,0.04642097418581745
119391,0.26879813906003847
119392,0.0720705214111252
119395,0.10584593833616976
119403,0.15029348812511487
119410,0.13556095357551418
119411,0.05728686533812701
119413,0.14181144491433034
119419,0.09241975075494538
119426,0.4041759664312047
119434,0.24840952041628436
119437,0.10582870111994191
119445,0.22396536636748748
119450,0.12272894707477003
119451,0.17268076056780005
119452,0.20263542351057107
119463,0.15780695393627028
119470,0.13000515238176075
119471,0.02641093616966707
119474,0.30570301351605017
119478,0.325526020402269
119488,0.03177164630314267
119495,0.26305661156121646
119499,0.24908004976166814
119501,0.09028047640975308
119505,0.05089383989521174
119516,0.06902122903472996
119524,0.17357677021395793
119525,0.06620425852783787
119526,0.0776160324309827
119532,0.1684844039319045
119534,0.3646425799006204
119537,0.33294060880435417
119539,0.11755725522211376
119545,0.1613223240630548
119551,0.07968947505975253
119561,0.10841033249227469
119562,0.13933316578972954
119563,0.17314758469480132
119565,0.12303982888114907
119575,0.33088759226039227
119578,0.12448934203727666
119579,0.04172933594492787
119580,0.053627244121833784
119587,0.10734726080777121
119593,0.34162908604442666
119599,0.08290136630967411
119603,0.06450169779701337
119604,0.14965931741815824
119605,0.10639420505596714
119607,0.030683815417869995
119618,0.018138774898333637
119622,0.037628173593011835
119627,0.08951758799643451
119629,0.05317642387959792
119631,0.24064862227611744
119639,0.01576090447838003
119645,0.14978833780648296
119664,0.3213855413975039
119676,0.13073342487016407
119678,0.01609483064640433
119680,0.18890739757601296
119698,0.02979844254999407
119702,0.10898754545435389
119705,0.3237011420273922
119707,0.1579136268454107
119710,0.15921768045133677
119733,0.13554107514697564
119735,0.03331651329178094
119739,0.14657394318550632
119741,0.12590373892532497
119743,0.2544618156942821
119752,0.139323775925349
119765,0.10808296441793606
119769,0.08030958445955656
119771,0.10482539738250654
119779,0.13578718092327943
119781,0.07823763070205156
119786,0.05096448350664643
119789,0.06577591166360006
119790,0.020058738234906226
119793,0.1347818021689202
119794,0.07405343622111646
119801,0.19678804843792294
119802,0.06403764673452411
119803,0.0725424435481889
119804,0.08005347884129242
119812,0.027196171302148128
119821,0.3598559406711679
119829,0.16737304717576706
119830,0.05542312508100171
119832,0.15788847744746395
119839,0.02443086501309084
119848,0.043383730749516576
119850,0.10889664022366209
119855,0.08631267455185372
119864,0.20894454547085517
119866,0.11267374642810596
119875,0.18536581824983933
119877,0.140327802017715
119884,0.19140564802280993
119892,0.2667649104915239
119896,0.3118867071096881
119899,0.07691920215986085
119900,0.0760606702168194
119904,0.3452734075238278
119907,0.0785370113904146
119915,0.07460460446615476
119918,0.05388402870166034
119919,0.15974811662502084
119922,0.20337394543629814
119934,0.16237934330059356
119936,0.12484292040031195
119953,0.08503900605752665
119954,0.030770796450137274
119957,0.11028023295265114
119961,0.0535776287946201
119965,0.2632160751757814
119977,0.35102686196332655
119981,0.17115232833338556
119987,0.15842038083352042
119988,0.02216534217012447
119995,0.07562862165290891
119998,0.08565027347744493
